
 /----------------------------------------------------------------------------\
 |  yosys -- Yosys Open SYnthesis Suite                                       |
 |  Copyright (C) 2012 - 2026  Claire Xenia Wolf <claire@yosyshq.com>         |
 |  Distributed under an ISC-like license, type "license" to see terms        |
 \----------------------------------------------------------------------------/
 Yosys 0.63+150 (git sha1 9746bd389, clang++ 18.1.8 -fPIC -O3)

-- Running command ` read_verilog -D SYNTHESIS top.v picorv32.v uart_axi.v uart_tx.v uart_rx.v axi_lite_interconnect.v axi_decoder.v sram.v rom.v; synth -top top; dfflibmap -liberty ../../openlane_design/libs/sky130_fd_sc_hd__tt_025C_1v80.lib; abc -liberty ../../openlane_design/libs/sky130_fd_sc_hd__tt_025C_1v80.lib; opt_clean; write_json top.json; write_verilog synth.v; stat -liberty ../../openlane_design/libs/sky130_fd_sc_hd__tt_025C_1v80.lib; ' --

1. Executing Verilog-2005 frontend: top.v
Parsing Verilog input from `top.v' to AST representation.
Generating RTLIL representation for module `\top'.
Successfully finished Verilog frontend.

2. Executing Verilog-2005 frontend: picorv32.v
Parsing Verilog input from `picorv32.v' to AST representation.
Generating RTLIL representation for module `\picorv32'.
Generating RTLIL representation for module `\picorv32_regs'.
Generating RTLIL representation for module `\picorv32_pcpi_mul'.
Generating RTLIL representation for module `\picorv32_pcpi_fast_mul'.
Generating RTLIL representation for module `\picorv32_pcpi_div'.
Generating RTLIL representation for module `\picorv32_axi'.
Generating RTLIL representation for module `\picorv32_axi_adapter'.
Generating RTLIL representation for module `\picorv32_wb'.
Successfully finished Verilog frontend.

3. Executing Verilog-2005 frontend: uart_axi.v
Parsing Verilog input from `uart_axi.v' to AST representation.
Generating RTLIL representation for module `\uart_axi'.
Successfully finished Verilog frontend.

4. Executing Verilog-2005 frontend: uart_tx.v
Parsing Verilog input from `uart_tx.v' to AST representation.
Generating RTLIL representation for module `\uart_tx'.
Successfully finished Verilog frontend.

5. Executing Verilog-2005 frontend: uart_rx.v
Parsing Verilog input from `uart_rx.v' to AST representation.
Generating RTLIL representation for module `\uart_rx'.
Successfully finished Verilog frontend.

6. Executing Verilog-2005 frontend: axi_lite_interconnect.v
Parsing Verilog input from `axi_lite_interconnect.v' to AST representation.
Generating RTLIL representation for module `\axi_lite_interconnect'.
Successfully finished Verilog frontend.

7. Executing Verilog-2005 frontend: axi_decoder.v
Parsing Verilog input from `axi_decoder.v' to AST representation.
Generating RTLIL representation for module `\axi_decoder'.
Successfully finished Verilog frontend.

8. Executing Verilog-2005 frontend: sram.v
Parsing Verilog input from `sram.v' to AST representation.
Generating RTLIL representation for module `\sram'.
Warning: Replacing memory \mem with list of registers. See sram.v:107
Successfully finished Verilog frontend.

9. Executing Verilog-2005 frontend: rom.v
Parsing Verilog input from `rom.v' to AST representation.
Generating RTLIL representation for module `\rom'.
Successfully finished Verilog frontend.

10. Executing SYNTH pass.

10.1. Executing HIERARCHY pass (managing design hierarchy).

10.1.1. Analyzing design hierarchy..
Top module:  \top
Used module:     \uart_axi
Used module:         \uart_rx
Used module:         \uart_tx
Used module:     \sram
Used module:     \rom
Used module:     \axi_lite_interconnect
Used module:         \axi_decoder
Used module:     \picorv32
Parameter \CLK_FREQ = 50000000
Parameter \BAUD_RATE = 115200

10.1.2. Executing AST frontend in derive mode using pre-parsed AST for module `\uart_axi'.
Parameter \CLK_FREQ = 50000000
Parameter \BAUD_RATE = 115200
Generating RTLIL representation for module `$paramod$d40569e2e5029e2dde4c9be19ab6c750b8104d07\uart_axi'.
Parameter \MEM_DEPTH = 64

10.1.3. Executing AST frontend in derive mode using pre-parsed AST for module `\sram'.
Parameter \MEM_DEPTH = 64
Generating RTLIL representation for module `$paramod\sram\MEM_DEPTH=s32'00000000000000000000000001000000'.
Warning: Replacing memory \mem with list of registers. See sram.v:107
Parameter \MEM_DEPTH = 2048
Parameter \INIT_FILE = 56'01110010011011110110110100101110011010000110010101111000

10.1.4. Executing AST frontend in derive mode using pre-parsed AST for module `\rom'.
Parameter \MEM_DEPTH = 2048
Parameter \INIT_FILE = 56'01110010011011110110110100101110011010000110010101111000
Generating RTLIL representation for module `$paramod$edcaa0cfb453980d1e33a3c938c1a32918b9f1d7\rom'.
Parameter \ENABLE_COUNTERS = 1
Parameter \ENABLE_COUNTERS64 = 0
Parameter \ENABLE_REGS_16_31 = 1
Parameter \ENABLE_REGS_DUALPORT = 1
Parameter \TWO_STAGE_SHIFT = 1
Parameter \BARREL_SHIFTER = 0
Parameter \COMPRESSED_ISA = 0
Parameter \CATCH_MISALIGN = 1
Parameter \CATCH_ILLINSN = 1
Parameter \ENABLE_PCPI = 0
Parameter \ENABLE_MUL = 0
Parameter \ENABLE_FAST_MUL = 0
Parameter \ENABLE_DIV = 0
Parameter \ENABLE_IRQ = 0
Parameter \ENABLE_TRACE = 0
Parameter \PROGADDR_RESET = 0
Parameter \STACKADDR = 65788

10.1.5. Executing AST frontend in derive mode using pre-parsed AST for module `\picorv32'.
Parameter \ENABLE_COUNTERS = 1
Parameter \ENABLE_COUNTERS64 = 0
Parameter \ENABLE_REGS_16_31 = 1
Parameter \ENABLE_REGS_DUALPORT = 1
Parameter \TWO_STAGE_SHIFT = 1
Parameter \BARREL_SHIFTER = 0
Parameter \COMPRESSED_ISA = 0
Parameter \CATCH_MISALIGN = 1
Parameter \CATCH_ILLINSN = 1
Parameter \ENABLE_PCPI = 0
Parameter \ENABLE_MUL = 0
Parameter \ENABLE_FAST_MUL = 0
Parameter \ENABLE_DIV = 0
Parameter \ENABLE_IRQ = 0
Parameter \ENABLE_TRACE = 0
Parameter \PROGADDR_RESET = 0
Parameter \STACKADDR = 65788
Generating RTLIL representation for module `$paramod$5f39f8b646aa95582e6f088ce64c0e154e784a4a\picorv32'.
Parameter \CLK_FREQ = 50000000
Parameter \BAUD_RATE = 115200

10.1.6. Executing AST frontend in derive mode using pre-parsed AST for module `\uart_rx'.
Parameter \CLK_FREQ = 50000000
Parameter \BAUD_RATE = 115200
Generating RTLIL representation for module `$paramod$d40569e2e5029e2dde4c9be19ab6c750b8104d07\uart_rx'.
Parameter \CLK_FREQ = 50000000
Parameter \BAUD_RATE = 115200

10.1.7. Executing AST frontend in derive mode using pre-parsed AST for module `\uart_tx'.
Parameter \CLK_FREQ = 50000000
Parameter \BAUD_RATE = 115200
Generating RTLIL representation for module `$paramod$d40569e2e5029e2dde4c9be19ab6c750b8104d07\uart_tx'.

10.1.8. Analyzing design hierarchy..
Top module:  \top
Used module:     $paramod$d40569e2e5029e2dde4c9be19ab6c750b8104d07\uart_axi
Used module:         \uart_rx
Used module:         \uart_tx
Used module:     $paramod\sram\MEM_DEPTH=s32'00000000000000000000000001000000
Used module:     $paramod$edcaa0cfb453980d1e33a3c938c1a32918b9f1d7\rom
Used module:     \axi_lite_interconnect
Used module:         \axi_decoder
Used module:     $paramod$5f39f8b646aa95582e6f088ce64c0e154e784a4a\picorv32
Parameter \CLK_FREQ = 50000000
Parameter \BAUD_RATE = 115200
Found cached RTLIL representation for module `$paramod$d40569e2e5029e2dde4c9be19ab6c750b8104d07\uart_rx'.
Parameter \CLK_FREQ = 50000000
Parameter \BAUD_RATE = 115200
Found cached RTLIL representation for module `$paramod$d40569e2e5029e2dde4c9be19ab6c750b8104d07\uart_tx'.

10.1.9. Analyzing design hierarchy..
Top module:  \top
Used module:     $paramod$d40569e2e5029e2dde4c9be19ab6c750b8104d07\uart_axi
Used module:         $paramod$d40569e2e5029e2dde4c9be19ab6c750b8104d07\uart_rx
Used module:         $paramod$d40569e2e5029e2dde4c9be19ab6c750b8104d07\uart_tx
Used module:     $paramod\sram\MEM_DEPTH=s32'00000000000000000000000001000000
Used module:     $paramod$edcaa0cfb453980d1e33a3c938c1a32918b9f1d7\rom
Used module:     \axi_lite_interconnect
Used module:         \axi_decoder
Used module:     $paramod$5f39f8b646aa95582e6f088ce64c0e154e784a4a\picorv32

10.1.10. Analyzing design hierarchy..
Top module:  \top
Used module:     $paramod$d40569e2e5029e2dde4c9be19ab6c750b8104d07\uart_axi
Used module:         $paramod$d40569e2e5029e2dde4c9be19ab6c750b8104d07\uart_rx
Used module:         $paramod$d40569e2e5029e2dde4c9be19ab6c750b8104d07\uart_tx
Used module:     $paramod\sram\MEM_DEPTH=s32'00000000000000000000000001000000
Used module:     $paramod$edcaa0cfb453980d1e33a3c938c1a32918b9f1d7\rom
Used module:     \axi_lite_interconnect
Used module:         \axi_decoder
Used module:     $paramod$5f39f8b646aa95582e6f088ce64c0e154e784a4a\picorv32
Removing unused module `\rom'.
Removing unused module `\sram'.
Removing unused module `\uart_rx'.
Removing unused module `\uart_tx'.
Removing unused module `\uart_axi'.
Removing unused module `\picorv32_wb'.
Removing unused module `\picorv32_axi_adapter'.
Removing unused module `\picorv32_axi'.
Removing unused module `\picorv32_pcpi_div'.
Removing unused module `\picorv32_pcpi_fast_mul'.
Removing unused module `\picorv32_pcpi_mul'.
Removing unused module `\picorv32_regs'.
Removing unused module `\picorv32'.
Removed 13 unused modules.

10.2. Executing PROC pass (convert processes to netlists).

10.2.1. Executing PROC_CLEAN pass (remove empty switches from decision trees).
Found and cleaned up 1 empty switch in `$paramod$5f39f8b646aa95582e6f088ce64c0e154e784a4a\picorv32.$proc$picorv32.v:206$1873'.
Removing empty process `$paramod$5f39f8b646aa95582e6f088ce64c0e154e784a4a\picorv32.$proc$picorv32.v:206$1873'.
Found and cleaned up 17 empty switches in `$paramod$5f39f8b646aa95582e6f088ce64c0e154e784a4a\picorv32.$proc$picorv32.v:1402$1694'.
Found and cleaned up 1 empty switch in `$paramod$5f39f8b646aa95582e6f088ce64c0e154e784a4a\picorv32.$proc$picorv32.v:1348$1678'.
Found and cleaned up 6 empty switches in `$paramod$5f39f8b646aa95582e6f088ce64c0e154e784a4a\picorv32.$proc$picorv32.v:546$1314'.
Removing empty process `$paramod$5f39f8b646aa95582e6f088ce64c0e154e784a4a\picorv32.$proc$picorv32.v:546$1314'.
Cleaned up 25 empty switches.

10.2.2. Executing PROC_RMDEAD pass (remove dead branches from decision trees).
Marked 2 switch rules as full_case in process $proc$uart_axi.v:223$1107 in module $paramod$d40569e2e5029e2dde4c9be19ab6c750b8104d07\uart_axi.
Marked 4 switch rules as full_case in process $proc$uart_axi.v:177$1091 in module $paramod$d40569e2e5029e2dde4c9be19ab6c750b8104d07\uart_axi.
Marked 1 switch rules as full_case in process $proc$uart_axi.v:152$1081 in module $paramod$d40569e2e5029e2dde4c9be19ab6c750b8104d07\uart_axi.
Marked 1 switch rules as full_case in process $proc$uart_axi.v:122$1074 in module $paramod$d40569e2e5029e2dde4c9be19ab6c750b8104d07\uart_axi.
Removed 1 dead cases from process $proc$uart_tx.v:63$1887 in module $paramod$d40569e2e5029e2dde4c9be19ab6c750b8104d07\uart_tx.
Marked 6 switch rules as full_case in process $proc$uart_tx.v:63$1887 in module $paramod$d40569e2e5029e2dde4c9be19ab6c750b8104d07\uart_tx.
Removed 1 dead cases from process $proc$uart_rx.v:76$1875 in module $paramod$d40569e2e5029e2dde4c9be19ab6c750b8104d07\uart_rx.
Marked 7 switch rules as full_case in process $proc$uart_rx.v:76$1875 in module $paramod$d40569e2e5029e2dde4c9be19ab6c750b8104d07\uart_rx.
Marked 1 switch rules as full_case in process $proc$uart_rx.v:53$1874 in module $paramod$d40569e2e5029e2dde4c9be19ab6c750b8104d07\uart_rx.
Marked 1 switch rules as full_case in process $proc$axi_decoder.v:114$997 in module axi_decoder.
Marked 1 switch rules as full_case in process $proc$axi_lite_interconnect.v:107$939 in module axi_lite_interconnect.
Marked 34 switch rules as full_case in process $proc$picorv32.v:1402$1694 in module $paramod$5f39f8b646aa95582e6f088ce64c0e154e784a4a\picorv32.
Marked 1 switch rules as full_case in process $proc$picorv32.v:1337$1669 in module $paramod$5f39f8b646aa95582e6f088ce64c0e154e784a4a\picorv32.
Marked 2 switch rules as full_case in process $proc$picorv32.v:1309$1657 in module $paramod$5f39f8b646aa95582e6f088ce64c0e154e784a4a\picorv32.
Marked 2 switch rules as full_case in process $proc$picorv32.v:1295$1652 in module $paramod$5f39f8b646aa95582e6f088ce64c0e154e784a4a\picorv32.
Marked 8 switch rules as full_case in process $proc$picorv32.v:1186$1617 in module $paramod$5f39f8b646aa95582e6f088ce64c0e154e784a4a\picorv32.
Marked 3 switch rules as full_case in process $proc$picorv32.v:858$1354 in module $paramod$5f39f8b646aa95582e6f088ce64c0e154e784a4a\picorv32.
Marked 3 switch rules as full_case in process $proc$picorv32.v:809$1352 in module $paramod$5f39f8b646aa95582e6f088ce64c0e154e784a4a\picorv32.
Marked 2 switch rules as full_case in process $proc$picorv32.v:778$1348 in module $paramod$5f39f8b646aa95582e6f088ce64c0e154e784a4a\picorv32.
Marked 48 switch rules as full_case in process $proc$picorv32.v:701$1347 in module $paramod$5f39f8b646aa95582e6f088ce64c0e154e784a4a\picorv32.
Marked 4 switch rules as full_case in process $proc$picorv32.v:565$1323 in module $paramod$5f39f8b646aa95582e6f088ce64c0e154e784a4a\picorv32.
Marked 1 switch rules as full_case in process $proc$picorv32.v:430$1285 in module $paramod$5f39f8b646aa95582e6f088ce64c0e154e784a4a\picorv32.
Removed 2 dead cases from process $proc$picorv32.v:401$1282 in module $paramod$5f39f8b646aa95582e6f088ce64c0e154e784a4a\picorv32.
Marked 2 switch rules as full_case in process $proc$picorv32.v:401$1282 in module $paramod$5f39f8b646aa95582e6f088ce64c0e154e784a4a\picorv32.
Marked 1 switch rules as full_case in process $proc$picorv32.v:390$1277 in module $paramod$5f39f8b646aa95582e6f088ce64c0e154e784a4a\picorv32.
Marked 1 switch rules as full_case in process $proc$picorv32.v:325$1203 in module $paramod$5f39f8b646aa95582e6f088ce64c0e154e784a4a\picorv32.
Marked 2 switch rules as full_case in process $proc$rom.v:113$1185 in module $paramod$edcaa0cfb453980d1e33a3c938c1a32918b9f1d7\rom.
Marked 1 switch rules as full_case in process $proc$rom.v:68$1175 in module $paramod$edcaa0cfb453980d1e33a3c938c1a32918b9f1d7\rom.
Removed 1 dead cases from process $proc$sram.v:130$1162 in module $paramod\sram\MEM_DEPTH=s32'00000000000000000000000001000000.
Marked 3 switch rules as full_case in process $proc$sram.v:130$1162 in module $paramod\sram\MEM_DEPTH=s32'00000000000000000000000001000000.
Marked 10 switch rules as full_case in process $proc$sram.v:84$1120 in module $paramod\sram\MEM_DEPTH=s32'00000000000000000000000001000000.
Marked 4 switch rules as full_case in process $proc$top.v:138$2 in module top.
Removed a total of 5 dead cases.

10.2.3. Executing PROC_PRUNE pass (remove redundant assignments in processes).
Removed 10 redundant assignments.
Promoted 68 assignments to connections.

10.2.4. Executing PROC_INIT pass (extract init attributes).

10.2.5. Executing PROC_ARST pass (detect async resets in processes).
Found async reset \reset in `$paramod$d40569e2e5029e2dde4c9be19ab6c750b8104d07\uart_axi.$proc$uart_axi.v:223$1107'.
Found async reset \reset in `$paramod$d40569e2e5029e2dde4c9be19ab6c750b8104d07\uart_axi.$proc$uart_axi.v:177$1091'.
Found async reset \reset in `$paramod$d40569e2e5029e2dde4c9be19ab6c750b8104d07\uart_axi.$proc$uart_axi.v:152$1081'.
Found async reset \reset in `$paramod$d40569e2e5029e2dde4c9be19ab6c750b8104d07\uart_axi.$proc$uart_axi.v:122$1074'.
Found async reset \reset in `$paramod$d40569e2e5029e2dde4c9be19ab6c750b8104d07\uart_tx.$proc$uart_tx.v:63$1887'.
Found async reset \reset in `$paramod$d40569e2e5029e2dde4c9be19ab6c750b8104d07\uart_rx.$proc$uart_rx.v:76$1875'.
Found async reset \reset in `$paramod$d40569e2e5029e2dde4c9be19ab6c750b8104d07\uart_rx.$proc$uart_rx.v:53$1874'.
Found async reset \reset in `\axi_lite_interconnect.$proc$axi_lite_interconnect.v:107$939'.
Found async reset \reset in `$paramod$edcaa0cfb453980d1e33a3c938c1a32918b9f1d7\rom.$proc$rom.v:113$1185'.
Found async reset \reset in `$paramod$edcaa0cfb453980d1e33a3c938c1a32918b9f1d7\rom.$proc$rom.v:68$1175'.
Found async reset \reset in `$paramod\sram\MEM_DEPTH=s32'00000000000000000000000001000000.$proc$sram.v:130$1162'.
Found async reset \reset in `$paramod\sram\MEM_DEPTH=s32'00000000000000000000000001000000.$proc$sram.v:84$1120'.
Found async reset \reset in `\top.$proc$top.v:138$2'.

10.2.6. Executing PROC_ROM pass (convert switches to ROMs).
Converted 1 switch.
<suppressed ~251 debug messages>

10.2.7. Executing PROC_MUX pass (convert decision trees to multiplexers).
Creating decoders for process `$paramod$d40569e2e5029e2dde4c9be19ab6c750b8104d07\uart_axi.$proc$uart_axi.v:223$1107'.
     1/3: $0\r_is_stat[0:0]
     2/3: $0\r_data[31:0]
     3/3: $0\r_vld[0:0]
Creating decoders for process `$paramod$d40569e2e5029e2dde4c9be19ab6c750b8104d07\uart_axi.$proc$uart_axi.v:177$1091'.
     1/4: $0\b_vld[0:0]
     2/4: $0\w_byte[7:0]
     3/4: $0\w_got[0:0]
     4/4: $0\aw_got[0:0]
Creating decoders for process `$paramod$d40569e2e5029e2dde4c9be19ab6c750b8104d07\uart_axi.$proc$uart_axi.v:152$1081'.
     1/2: $0\rx_buf_valid[0:0]
     2/2: $0\rx_buf_data[7:0]
Creating decoders for process `$paramod$d40569e2e5029e2dde4c9be19ab6c750b8104d07\uart_axi.$proc$uart_axi.v:122$1074'.
     1/4: $0\tx_valid[0:0]
     2/4: $0\buf_valid[0:0]
     3/4: $0\buf_data[7:0]
     4/4: $0\tx_data[7:0]
Creating decoders for process `$paramod$d40569e2e5029e2dde4c9be19ab6c750b8104d07\uart_tx.$proc$uart_tx.v:63$1887'.
     1/5: $0\tx[0:0]
     2/5: $0\shift_reg[7:0]
     3/5: $0\bit_cnt[2:0]
     4/5: $0\clk_cnt[9:0]
     5/5: $0\state[1:0]
Creating decoders for process `$paramod$d40569e2e5029e2dde4c9be19ab6c750b8104d07\uart_rx.$proc$uart_rx.v:76$1875'.
     1/6: $0\data_valid[0:0]
     2/6: $0\shift_reg[7:0]
     3/6: $0\bit_cnt[2:0]
     4/6: $0\clk_cnt[9:0]
     5/6: $0\data_out[7:0]
     6/6: $0\state[1:0]
Creating decoders for process `$paramod$d40569e2e5029e2dde4c9be19ab6c750b8104d07\uart_rx.$proc$uart_rx.v:53$1874'.
     1/2: $0\rx_sync1[0:0]
     2/2: $0\rx_sync0[0:0]
Creating decoders for process `\axi_decoder.$proc$axi_decoder.v:114$997'.
     1/1: $1\sel[2:0]
Creating decoders for process `\axi_lite_interconnect.$proc$axi_lite_interconnect.v:107$939'.
     1/4: $0\rd_active[0:0]
     2/4: $0\wr_active[0:0]
     3/4: $0\rd_sel_r[2:0]
     4/4: $0\wr_sel_r[2:0]
Creating decoders for process `$paramod$5f39f8b646aa95582e6f088ce64c0e154e784a4a\picorv32.$proc$picorv32.v:1402$1694'.
     1/80: $17\next_irq_pending[2:2]
     2/80: $16\next_irq_pending[2:2]
     3/80: $15\next_irq_pending[2:2]
     4/80: $14\next_irq_pending[2:2]
     5/80: $13\next_irq_pending[2:2]
     6/80: $12\next_irq_pending[2:2]
     7/80: $11\next_irq_pending[2:2]
     8/80: $2\next_irq_pending[31:0] [31:2]
     9/80: $3\set_mem_do_rdata[0:0]
    10/80: $2\next_irq_pending[31:0] [1]
    11/80: $3\set_mem_do_wdata[0:0]
    12/80: $2\next_irq_pending[31:0] [0]
    13/80: $4\set_mem_do_rinst[0:0]
    14/80: $3\set_mem_do_rinst[0:0]
    15/80: $4\set_mem_do_wdata[0:0]
    16/80: $9\next_irq_pending[1:1]
    17/80: $8\next_irq_pending[1:1]
    18/80: $7\next_irq_pending[1:1]
    19/80: $4\set_mem_do_rdata[0:0]
    20/80: $5\next_irq_pending[1:1]
    21/80: $4\next_irq_pending[1:1]
    22/80: $10\next_irq_pending[1:1]
    23/80: $5\set_mem_do_rinst[0:0]
    24/80: $6\next_irq_pending[1:1]
    25/80: $0\count_instr[63:0] [31:0]
    26/80: $3\next_irq_pending[31:0]
    27/80: $0\count_instr[63:0] [63:32]
    28/80: $2\current_pc[31:0]
    29/80: $2\set_mem_do_wdata[0:0]
    30/80: $2\set_mem_do_rdata[0:0]
    31/80: $2\set_mem_do_rinst[0:0]
    32/80: $1\next_irq_pending[31:0]
    33/80: $1\current_pc[31:0]
    34/80: $1\set_mem_do_wdata[0:0]
    35/80: $1\set_mem_do_rdata[0:0]
    36/80: $1\set_mem_do_rinst[0:0]
    37/80: $0\trace_data[35:0]
    38/80: $0\count_cycle[63:0] [63:32]
    39/80: $0\count_cycle[63:0] [31:0]
    40/80: $0\trace_valid[0:0]
    41/80: $0\do_waitirq[0:0]
    42/80: $0\decoder_pseudo_trigger[0:0]
    43/80: $0\decoder_trigger[0:0]
    44/80: $0\alu_wait_2[0:0]
    45/80: $0\alu_wait[0:0]
    46/80: $0\reg_out[31:0]
    47/80: $0\reg_sh[4:0]
    48/80: $0\trap[0:0]
    49/80: $0\pcpi_timeout[0:0]
    50/80: $0\latched_rd[4:0]
    51/80: $0\latched_is_lb[0:0]
    52/80: $0\latched_is_lh[0:0]
    53/80: $0\latched_is_lu[0:0]
    54/80: $0\latched_trace[0:0]
    55/80: $0\latched_compr[0:0]
    56/80: $0\latched_branch[0:0]
    57/80: $0\latched_stalu[0:0]
    58/80: $0\latched_store[0:0]
    59/80: $0\irq_state[1:0]
    60/80: $0\cpu_state[7:0]
    61/80: $0\dbg_rs2val_valid[0:0]
    62/80: $0\dbg_rs1val_valid[0:0]
    63/80: $0\dbg_rs2val[31:0]
    64/80: $0\dbg_rs1val[31:0]
    65/80: $0\mem_do_wdata[0:0]
    66/80: $0\mem_do_rdata[0:0]
    67/80: $0\mem_do_rinst[0:0]
    68/80: $0\mem_do_prefetch[0:0]
    69/80: $0\mem_wordsize[1:0]
    70/80: $0\timer[31:0]
    71/80: $0\irq_mask[31:0]
    72/80: $0\irq_active[0:0]
    73/80: $0\irq_delay[0:0]
    74/80: $0\reg_op2[31:0]
    75/80: $0\reg_op1[31:0]
    76/80: $0\reg_next_pc[31:0]
    77/80: $0\reg_pc[31:0]
    78/80: $3\current_pc[31:0]
    79/80: $0\eoi[31:0]
    80/80: $0\pcpi_valid[0:0]
Creating decoders for process `$paramod$5f39f8b646aa95582e6f088ce64c0e154e784a4a\picorv32.$proc$picorv32.v:1348$1678'.
Creating decoders for process `$paramod$5f39f8b646aa95582e6f088ce64c0e154e784a4a\picorv32.$proc$picorv32.v:1337$1669'.
     1/3: $1$memwr$\cpuregs$picorv32.v:1344$1202_EN[31:0]$1677
     2/3: $1$memwr$\cpuregs$picorv32.v:1344$1202_DATA[31:0]$1676
     3/3: $1$memwr$\cpuregs$picorv32.v:1344$1202_ADDR[4:0]$1675
Creating decoders for process `$paramod$5f39f8b646aa95582e6f088ce64c0e154e784a4a\picorv32.$proc$picorv32.v:1309$1657'.
     1/4: $2\cpuregs_write[0:0]
     2/4: $2\cpuregs_wrdata[31:0]
     3/4: $1\cpuregs_wrdata[31:0]
     4/4: $1\cpuregs_write[0:0]
Creating decoders for process `$paramod$5f39f8b646aa95582e6f088ce64c0e154e784a4a\picorv32.$proc$picorv32.v:1295$1652'.
     1/2: $2\clear_prefetched_high_word[0:0]
     2/2: $1\clear_prefetched_high_word[0:0]
Creating decoders for process `$paramod$5f39f8b646aa95582e6f088ce64c0e154e784a4a\picorv32.$proc$picorv32.v:1293$1651'.
Creating decoders for process `$paramod$5f39f8b646aa95582e6f088ce64c0e154e784a4a\picorv32.$proc$picorv32.v:1249$1629'.
     1/2: $1\alu_out[31:0]
     2/2: $1\alu_out_0[0:0]
Creating decoders for process `$paramod$5f39f8b646aa95582e6f088ce64c0e154e784a4a\picorv32.$proc$picorv32.v:1186$1617'.
     1/8: $8\dbg_ascii_state[127:0]
     2/8: $7\dbg_ascii_state[127:0]
     3/8: $6\dbg_ascii_state[127:0]
     4/8: $5\dbg_ascii_state[127:0]
     5/8: $4\dbg_ascii_state[127:0]
     6/8: $3\dbg_ascii_state[127:0]
     7/8: $2\dbg_ascii_state[127:0]
     8/8: $1\dbg_ascii_state[127:0]
Creating decoders for process `$paramod$5f39f8b646aa95582e6f088ce64c0e154e784a4a\picorv32.$proc$picorv32.v:858$1354'.
     1/77: $0\decoded_rs1[4:0] [4]
     2/77: $0\decoded_imm_j[31:0] [10]
     3/77: $0\decoded_imm_j[31:0] [7]
     4/77: $0\decoded_imm_j[31:0] [6]
     5/77: $0\decoded_imm_j[31:0] [3:1]
     6/77: $0\decoded_imm_j[31:0] [5]
     7/77: $0\decoded_imm_j[31:0] [9:8]
     8/77: $0\decoded_imm_j[31:0] [31:20]
     9/77: $0\decoded_imm_j[31:0] [4]
    10/77: $0\decoded_imm_j[31:0] [11]
    11/77: $0\decoded_imm_j[31:0] [0]
    12/77: $0\decoded_rs1[4:0] [3:0]
    13/77: $0\is_lui_auipc_jal_jalr_addi_add_sub[0:0]
    14/77: $0\is_alu_reg_reg[0:0]
    15/77: $0\is_alu_reg_imm[0:0]
    16/77: $0\is_beq_bne_blt_bge_bltu_bgeu[0:0]
    17/77: $0\is_sll_srl_sra[0:0]
    18/77: $0\is_sb_sh_sw[0:0]
    19/77: $0\is_jalr_addi_slti_sltiu_xori_ori_andi[0:0]
    20/77: $0\is_slli_srli_srai[0:0]
    21/77: $0\is_lb_lh_lw_lbu_lhu[0:0]
    22/77: $0\compressed_instr[0:0]
    23/77: $0\is_compare[0:0]
    24/77: $0\decoded_imm[31:0]
    25/77: $0\decoded_rs2[4:0]
    26/77: $0\decoded_imm_j[31:0] [19:12]
    27/77: $0\decoded_rd[4:0]
    28/77: $0\instr_timer[0:0]
    29/77: $0\instr_waitirq[0:0]
    30/77: $0\instr_maskirq[0:0]
    31/77: $0\instr_retirq[0:0]
    32/77: $0\instr_setq[0:0]
    33/77: $0\instr_getq[0:0]
    34/77: $0\instr_fence[0:0]
    35/77: $0\instr_ecall_ebreak[0:0]
    36/77: $0\instr_rdinstrh[0:0]
    37/77: $0\instr_rdinstr[0:0]
    38/77: $0\instr_rdcycleh[0:0]
    39/77: $0\instr_rdcycle[0:0]
    40/77: $0\instr_and[0:0]
    41/77: $0\instr_or[0:0]
    42/77: $0\instr_sra[0:0]
    43/77: $0\instr_srl[0:0]
    44/77: $0\instr_xor[0:0]
    45/77: $0\instr_sltu[0:0]
    46/77: $0\instr_slt[0:0]
    47/77: $0\instr_sll[0:0]
    48/77: $0\instr_sub[0:0]
    49/77: $0\instr_add[0:0]
    50/77: $0\instr_srai[0:0]
    51/77: $0\instr_srli[0:0]
    52/77: $0\instr_slli[0:0]
    53/77: $0\instr_andi[0:0]
    54/77: $0\instr_ori[0:0]
    55/77: $0\instr_xori[0:0]
    56/77: $0\instr_sltiu[0:0]
    57/77: $0\instr_slti[0:0]
    58/77: $0\instr_addi[0:0]
    59/77: $0\instr_sw[0:0]
    60/77: $0\instr_sh[0:0]
    61/77: $0\instr_sb[0:0]
    62/77: $0\instr_lhu[0:0]
    63/77: $0\instr_lbu[0:0]
    64/77: $0\instr_lw[0:0]
    65/77: $0\instr_lh[0:0]
    66/77: $0\instr_lb[0:0]
    67/77: $0\instr_bgeu[0:0]
    68/77: $0\instr_bltu[0:0]
    69/77: $0\instr_bge[0:0]
    70/77: $0\instr_blt[0:0]
    71/77: $0\instr_bne[0:0]
    72/77: $0\instr_beq[0:0]
    73/77: $0\instr_jalr[0:0]
    74/77: $0\instr_jal[0:0]
    75/77: $0\instr_auipc[0:0]
    76/77: $0\instr_lui[0:0]
    77/77: $0\pcpi_insn[31:0]
Creating decoders for process `$paramod$5f39f8b646aa95582e6f088ce64c0e154e784a4a\picorv32.$proc$picorv32.v:809$1352'.
     1/13: $3\dbg_insn_opcode[31:0]
     2/13: $2\dbg_insn_rd[4:0]
     3/13: $2\dbg_insn_rs2[4:0]
     4/13: $2\dbg_insn_rs1[4:0]
     5/13: $2\dbg_insn_opcode[31:0]
     6/13: $2\dbg_insn_imm[31:0]
     7/13: $2\dbg_ascii_instr[63:0]
     8/13: $1\dbg_insn_rd[4:0]
     9/13: $1\dbg_insn_rs2[4:0]
    10/13: $1\dbg_insn_rs1[4:0]
    11/13: $1\dbg_insn_imm[31:0]
    12/13: $1\dbg_ascii_instr[63:0]
    13/13: $1\dbg_insn_opcode[31:0]
Creating decoders for process `$paramod$5f39f8b646aa95582e6f088ce64c0e154e784a4a\picorv32.$proc$picorv32.v:778$1348'.
     1/8: $0\cached_insn_rd[4:0]
     2/8: $0\cached_insn_rs2[4:0]
     3/8: $0\cached_insn_rs1[4:0]
     4/8: $0\cached_insn_opcode[31:0]
     5/8: $0\cached_insn_imm[31:0]
     6/8: $0\cached_ascii_instr[63:0]
     7/8: $0\dbg_valid_insn[0:0]
     8/8: $0\dbg_insn_addr[31:0]
Creating decoders for process `$paramod$5f39f8b646aa95582e6f088ce64c0e154e784a4a\picorv32.$proc$picorv32.v:701$1347'.
     1/48: $48\new_ascii_instr[63:0]
     2/48: $47\new_ascii_instr[63:0]
     3/48: $46\new_ascii_instr[63:0]
     4/48: $45\new_ascii_instr[63:0]
     5/48: $44\new_ascii_instr[63:0]
     6/48: $43\new_ascii_instr[63:0]
     7/48: $42\new_ascii_instr[63:0]
     8/48: $41\new_ascii_instr[63:0]
     9/48: $40\new_ascii_instr[63:0]
    10/48: $39\new_ascii_instr[63:0]
    11/48: $38\new_ascii_instr[63:0]
    12/48: $37\new_ascii_instr[63:0]
    13/48: $36\new_ascii_instr[63:0]
    14/48: $35\new_ascii_instr[63:0]
    15/48: $34\new_ascii_instr[63:0]
    16/48: $33\new_ascii_instr[63:0]
    17/48: $32\new_ascii_instr[63:0]
    18/48: $31\new_ascii_instr[63:0]
    19/48: $30\new_ascii_instr[63:0]
    20/48: $29\new_ascii_instr[63:0]
    21/48: $28\new_ascii_instr[63:0]
    22/48: $27\new_ascii_instr[63:0]
    23/48: $26\new_ascii_instr[63:0]
    24/48: $25\new_ascii_instr[63:0]
    25/48: $24\new_ascii_instr[63:0]
    26/48: $23\new_ascii_instr[63:0]
    27/48: $22\new_ascii_instr[63:0]
    28/48: $21\new_ascii_instr[63:0]
    29/48: $20\new_ascii_instr[63:0]
    30/48: $19\new_ascii_instr[63:0]
    31/48: $18\new_ascii_instr[63:0]
    32/48: $17\new_ascii_instr[63:0]
    33/48: $16\new_ascii_instr[63:0]
    34/48: $15\new_ascii_instr[63:0]
    35/48: $14\new_ascii_instr[63:0]
    36/48: $13\new_ascii_instr[63:0]
    37/48: $12\new_ascii_instr[63:0]
    38/48: $11\new_ascii_instr[63:0]
    39/48: $10\new_ascii_instr[63:0]
    40/48: $9\new_ascii_instr[63:0]
    41/48: $8\new_ascii_instr[63:0]
    42/48: $7\new_ascii_instr[63:0]
    43/48: $6\new_ascii_instr[63:0]
    44/48: $5\new_ascii_instr[63:0]
    45/48: $4\new_ascii_instr[63:0]
    46/48: $3\new_ascii_instr[63:0]
    47/48: $2\new_ascii_instr[63:0]
    48/48: $1\new_ascii_instr[63:0]
Creating decoders for process `$paramod$5f39f8b646aa95582e6f088ce64c0e154e784a4a\picorv32.$proc$picorv32.v:565$1323'.
     1/9: $0\mem_16bit_buffer[15:0]
     2/9: $0\prefetched_high_word[0:0]
     3/9: $0\mem_la_secondword[0:0]
     4/9: $0\mem_state[1:0]
     5/9: $0\mem_wstrb[3:0]
     6/9: $0\mem_wdata[31:0]
     7/9: $0\mem_addr[31:0]
     8/9: $0\mem_instr[0:0]
     9/9: $0\mem_valid[0:0]
Creating decoders for process `$paramod$5f39f8b646aa95582e6f088ce64c0e154e784a4a\picorv32.$proc$picorv32.v:1239$1862'.
Creating decoders for process `$paramod$5f39f8b646aa95582e6f088ce64c0e154e784a4a\picorv32.$proc$picorv32.v:430$1285'.
     1/9: $0\mem_rdata_q[31:0] [31]
     2/9: $0\mem_rdata_q[31:0] [7]
     3/9: $0\mem_rdata_q[31:0] [24:20]
     4/9: $0\mem_rdata_q[31:0] [19:15]
     5/9: $0\mem_rdata_q[31:0] [6:0]
     6/9: $0\mem_rdata_q[31:0] [14:12]
     7/9: $0\mem_rdata_q[31:0] [11:8]
     8/9: $0\mem_rdata_q[31:0] [30:25]
     9/9: $0\next_insn_opcode[31:0]
Creating decoders for process `$paramod$5f39f8b646aa95582e6f088ce64c0e154e784a4a\picorv32.$proc$picorv32.v:401$1282'.
     1/5: $3\mem_rdata_word[31:0]
     2/5: $2\mem_rdata_word[31:0]
     3/5: $1\mem_rdata_word[31:0]
     4/5: $1\mem_la_wstrb[3:0]
     5/5: $1\mem_la_wdata[31:0]
Creating decoders for process `$paramod$5f39f8b646aa95582e6f088ce64c0e154e784a4a\picorv32.$proc$picorv32.v:390$1277'.
     1/2: $0\last_mem_valid[0:0]
     2/2: $0\mem_la_firstword_reg[0:0]
Creating decoders for process `$paramod$5f39f8b646aa95582e6f088ce64c0e154e784a4a\picorv32.$proc$picorv32.v:325$1203'.
     1/2: $1\pcpi_int_rd[31:0]
     2/2: $1\pcpi_int_wr[0:0]
Creating decoders for process `$paramod$edcaa0cfb453980d1e33a3c938c1a32918b9f1d7\rom.$proc$rom.v:113$1185'.
     1/2: $0\r_data_r[31:0]
     2/2: $0\r_valid_r[0:0]
Creating decoders for process `$paramod$edcaa0cfb453980d1e33a3c938c1a32918b9f1d7\rom.$proc$rom.v:68$1175'.
     1/3: $0\w_pend[0:0]
     2/3: $0\aw_pend[0:0]
     3/3: $0\b_vld[0:0]
Creating decoders for process `$paramod\sram\MEM_DEPTH=s32'00000000000000000000000001000000.$proc$sram.v:130$1162'.
     1/7: $3$mem2reg_rd$\mem$sram.v:136$1117_DATA[31:0]$1171
     2/7: $2$mem2reg_rd$\mem$sram.v:136$1117_DATA[31:0]$1170
     3/7: $2$mem2reg_rd$\mem$sram.v:136$1117_ADDR[5:0]$1169
     4/7: $1$mem2reg_rd$\mem$sram.v:136$1117_DATA[31:0]$1166
     5/7: $1$mem2reg_rd$\mem$sram.v:136$1117_ADDR[5:0]$1165
     6/7: $0\r_data_r[31:0]
     7/7: $0\r_valid_r[0:0]
Creating decoders for process `$paramod\sram\MEM_DEPTH=s32'00000000000000000000000001000000.$proc$sram.v:84$1120'.
     1/286: $3$mem2reg_wr$\mem$sram.v:110$1116_ADDR[5:0]$1158
     2/286: $3$mem2reg_wr$\mem$sram.v:110$1116_DATA[31:0]$1159
     3/286: $0\mem[63][31:0] [31:24]
     4/286: $0\mem[63][31:0] [23:16]
     5/286: $0\mem[62][31:0] [23:16]
     6/286: $0\mem[61][31:0] [23:16]
     7/286: $0\mem[60][31:0] [23:16]
     8/286: $0\mem[59][31:0] [23:16]
     9/286: $0\mem[58][31:0] [23:16]
    10/286: $0\mem[57][31:0] [23:16]
    11/286: $0\mem[56][31:0] [23:16]
    12/286: $0\mem[55][31:0] [23:16]
    13/286: $0\mem[54][31:0] [23:16]
    14/286: $0\mem[53][31:0] [23:16]
    15/286: $0\mem[52][31:0] [23:16]
    16/286: $0\mem[51][31:0] [23:16]
    17/286: $0\mem[50][31:0] [23:16]
    18/286: $0\mem[49][31:0] [23:16]
    19/286: $0\mem[48][31:0] [23:16]
    20/286: $0\mem[47][31:0] [23:16]
    21/286: $0\mem[46][31:0] [23:16]
    22/286: $0\mem[45][31:0] [23:16]
    23/286: $0\mem[44][31:0] [23:16]
    24/286: $0\mem[43][31:0] [23:16]
    25/286: $0\mem[42][31:0] [23:16]
    26/286: $0\mem[41][31:0] [23:16]
    27/286: $0\mem[40][31:0] [23:16]
    28/286: $0\mem[39][31:0] [23:16]
    29/286: $0\mem[38][31:0] [23:16]
    30/286: $0\mem[37][31:0] [23:16]
    31/286: $0\mem[36][31:0] [23:16]
    32/286: $0\mem[35][31:0] [23:16]
    33/286: $0\mem[34][31:0] [23:16]
    34/286: $0\mem[33][31:0] [23:16]
    35/286: $0\mem[32][31:0] [23:16]
    36/286: $0\mem[31][31:0] [23:16]
    37/286: $0\mem[30][31:0] [23:16]
    38/286: $0\mem[29][31:0] [23:16]
    39/286: $0\mem[28][31:0] [23:16]
    40/286: $0\mem[27][31:0] [23:16]
    41/286: $0\mem[26][31:0] [23:16]
    42/286: $0\mem[25][31:0] [23:16]
    43/286: $0\mem[24][31:0] [23:16]
    44/286: $0\mem[23][31:0] [23:16]
    45/286: $0\mem[22][31:0] [23:16]
    46/286: $0\mem[21][31:0] [23:16]
    47/286: $0\mem[20][31:0] [23:16]
    48/286: $0\mem[19][31:0] [23:16]
    49/286: $0\mem[18][31:0] [23:16]
    50/286: $0\mem[17][31:0] [23:16]
    51/286: $0\mem[16][31:0] [23:16]
    52/286: $0\mem[15][31:0] [23:16]
    53/286: $0\mem[14][31:0] [23:16]
    54/286: $0\mem[13][31:0] [23:16]
    55/286: $0\mem[12][31:0] [23:16]
    56/286: $0\mem[11][31:0] [23:16]
    57/286: $0\mem[10][31:0] [23:16]
    58/286: $0\mem[9][31:0] [23:16]
    59/286: $0\mem[8][31:0] [23:16]
    60/286: $0\mem[7][31:0] [23:16]
    61/286: $0\mem[6][31:0] [23:16]
    62/286: $0\mem[5][31:0] [23:16]
    63/286: $0\mem[4][31:0] [23:16]
    64/286: $0\mem[3][31:0] [23:16]
    65/286: $0\mem[2][31:0] [23:16]
    66/286: $0\mem[1][31:0] [23:16]
    67/286: $0\mem[0][31:0] [23:16]
    68/286: $3$mem2reg_wr$\mem$sram.v:109$1115_DATA[31:0]$1157
    69/286: $0\mem[62][31:0] [31:24]
    70/286: $0\mem[63][31:0] [15:8]
    71/286: $0\mem[62][31:0] [15:8]
    72/286: $0\mem[61][31:0] [15:8]
    73/286: $0\mem[60][31:0] [15:8]
    74/286: $0\mem[59][31:0] [15:8]
    75/286: $0\mem[58][31:0] [15:8]
    76/286: $0\mem[57][31:0] [15:8]
    77/286: $0\mem[56][31:0] [15:8]
    78/286: $0\mem[55][31:0] [15:8]
    79/286: $0\mem[54][31:0] [15:8]
    80/286: $0\mem[53][31:0] [15:8]
    81/286: $0\mem[52][31:0] [15:8]
    82/286: $0\mem[51][31:0] [15:8]
    83/286: $0\mem[50][31:0] [15:8]
    84/286: $0\mem[49][31:0] [15:8]
    85/286: $0\mem[48][31:0] [15:8]
    86/286: $0\mem[47][31:0] [15:8]
    87/286: $0\mem[46][31:0] [15:8]
    88/286: $0\mem[45][31:0] [15:8]
    89/286: $0\mem[44][31:0] [15:8]
    90/286: $0\mem[43][31:0] [15:8]
    91/286: $0\mem[42][31:0] [15:8]
    92/286: $0\mem[41][31:0] [15:8]
    93/286: $0\mem[40][31:0] [15:8]
    94/286: $0\mem[39][31:0] [15:8]
    95/286: $0\mem[38][31:0] [15:8]
    96/286: $0\mem[37][31:0] [15:8]
    97/286: $0\mem[36][31:0] [15:8]
    98/286: $0\mem[35][31:0] [15:8]
    99/286: $0\mem[34][31:0] [15:8]
   100/286: $0\mem[33][31:0] [15:8]
   101/286: $0\mem[32][31:0] [15:8]
   102/286: $0\mem[31][31:0] [15:8]
   103/286: $0\mem[30][31:0] [15:8]
   104/286: $0\mem[29][31:0] [15:8]
   105/286: $0\mem[28][31:0] [15:8]
   106/286: $0\mem[27][31:0] [15:8]
   107/286: $0\mem[26][31:0] [15:8]
   108/286: $0\mem[25][31:0] [15:8]
   109/286: $0\mem[24][31:0] [15:8]
   110/286: $0\mem[23][31:0] [15:8]
   111/286: $0\mem[22][31:0] [15:8]
   112/286: $0\mem[21][31:0] [15:8]
   113/286: $0\mem[20][31:0] [15:8]
   114/286: $0\mem[19][31:0] [15:8]
   115/286: $0\mem[18][31:0] [15:8]
   116/286: $0\mem[17][31:0] [15:8]
   117/286: $0\mem[16][31:0] [15:8]
   118/286: $0\mem[15][31:0] [15:8]
   119/286: $0\mem[14][31:0] [15:8]
   120/286: $0\mem[13][31:0] [15:8]
   121/286: $0\mem[12][31:0] [15:8]
   122/286: $0\mem[11][31:0] [15:8]
   123/286: $0\mem[10][31:0] [15:8]
   124/286: $0\mem[9][31:0] [15:8]
   125/286: $0\mem[8][31:0] [15:8]
   126/286: $0\mem[7][31:0] [15:8]
   127/286: $0\mem[6][31:0] [15:8]
   128/286: $0\mem[5][31:0] [15:8]
   129/286: $0\mem[4][31:0] [15:8]
   130/286: $0\mem[3][31:0] [15:8]
   131/286: $0\mem[2][31:0] [15:8]
   132/286: $0\mem[1][31:0] [15:8]
   133/286: $0\mem[0][31:0] [15:8]
   134/286: $3$mem2reg_wr$\mem$sram.v:108$1114_DATA[31:0]$1155
   135/286: $0\mem[61][31:0] [31:24]
   136/286: $0\mem[63][31:0] [7:0]
   137/286: $0\mem[62][31:0] [7:0]
   138/286: $0\mem[61][31:0] [7:0]
   139/286: $0\mem[60][31:0] [7:0]
   140/286: $0\mem[59][31:0] [7:0]
   141/286: $0\mem[58][31:0] [7:0]
   142/286: $0\mem[57][31:0] [7:0]
   143/286: $0\mem[56][31:0] [7:0]
   144/286: $0\mem[55][31:0] [7:0]
   145/286: $0\mem[54][31:0] [7:0]
   146/286: $0\mem[53][31:0] [7:0]
   147/286: $0\mem[52][31:0] [7:0]
   148/286: $0\mem[51][31:0] [7:0]
   149/286: $0\mem[50][31:0] [7:0]
   150/286: $0\mem[49][31:0] [7:0]
   151/286: $0\mem[48][31:0] [7:0]
   152/286: $0\mem[47][31:0] [7:0]
   153/286: $0\mem[46][31:0] [7:0]
   154/286: $0\mem[45][31:0] [7:0]
   155/286: $0\mem[44][31:0] [7:0]
   156/286: $0\mem[43][31:0] [7:0]
   157/286: $0\mem[42][31:0] [7:0]
   158/286: $0\mem[41][31:0] [7:0]
   159/286: $0\mem[40][31:0] [7:0]
   160/286: $0\mem[39][31:0] [7:0]
   161/286: $0\mem[38][31:0] [7:0]
   162/286: $0\mem[37][31:0] [7:0]
   163/286: $0\mem[36][31:0] [7:0]
   164/286: $0\mem[35][31:0] [7:0]
   165/286: $0\mem[34][31:0] [7:0]
   166/286: $0\mem[33][31:0] [7:0]
   167/286: $0\mem[32][31:0] [7:0]
   168/286: $0\mem[31][31:0] [7:0]
   169/286: $0\mem[30][31:0] [7:0]
   170/286: $0\mem[29][31:0] [7:0]
   171/286: $0\mem[28][31:0] [7:0]
   172/286: $0\mem[27][31:0] [7:0]
   173/286: $0\mem[26][31:0] [7:0]
   174/286: $0\mem[25][31:0] [7:0]
   175/286: $0\mem[24][31:0] [7:0]
   176/286: $0\mem[23][31:0] [7:0]
   177/286: $0\mem[22][31:0] [7:0]
   178/286: $0\mem[21][31:0] [7:0]
   179/286: $0\mem[20][31:0] [7:0]
   180/286: $0\mem[19][31:0] [7:0]
   181/286: $0\mem[18][31:0] [7:0]
   182/286: $0\mem[17][31:0] [7:0]
   183/286: $0\mem[16][31:0] [7:0]
   184/286: $0\mem[15][31:0] [7:0]
   185/286: $0\mem[14][31:0] [7:0]
   186/286: $0\mem[13][31:0] [7:0]
   187/286: $0\mem[12][31:0] [7:0]
   188/286: $0\mem[11][31:0] [7:0]
   189/286: $0\mem[10][31:0] [7:0]
   190/286: $0\mem[9][31:0] [7:0]
   191/286: $0\mem[8][31:0] [7:0]
   192/286: $0\mem[7][31:0] [7:0]
   193/286: $0\mem[6][31:0] [7:0]
   194/286: $0\mem[5][31:0] [7:0]
   195/286: $0\mem[4][31:0] [7:0]
   196/286: $0\mem[3][31:0] [7:0]
   197/286: $0\mem[2][31:0] [7:0]
   198/286: $0\mem[1][31:0] [7:0]
   199/286: $0\mem[0][31:0] [7:0]
   200/286: $3$mem2reg_wr$\mem$sram.v:107$1113_DATA[31:0]$1153
   201/286: $2$mem2reg_wr$\mem$sram.v:110$1116_DATA[31:0]$1151
   202/286: $2$mem2reg_wr$\mem$sram.v:110$1116_ADDR[5:0]$1150
   203/286: $2$mem2reg_wr$\mem$sram.v:109$1115_DATA[31:0]$1149
   204/286: $2$mem2reg_wr$\mem$sram.v:109$1115_ADDR[5:0]$1148
   205/286: $2$mem2reg_wr$\mem$sram.v:108$1114_DATA[31:0]$1147
   206/286: $2$mem2reg_wr$\mem$sram.v:108$1114_ADDR[5:0]$1146
   207/286: $2$mem2reg_wr$\mem$sram.v:107$1113_DATA[31:0]$1145
   208/286: $2$mem2reg_wr$\mem$sram.v:107$1113_ADDR[5:0]$1144
   209/286: $1$mem2reg_wr$\mem$sram.v:110$1116_DATA[31:0]$1136
   210/286: $1$mem2reg_wr$\mem$sram.v:110$1116_ADDR[5:0]$1135
   211/286: $1$mem2reg_wr$\mem$sram.v:109$1115_DATA[31:0]$1134
   212/286: $1$mem2reg_wr$\mem$sram.v:109$1115_ADDR[5:0]$1133
   213/286: $1$mem2reg_wr$\mem$sram.v:108$1114_DATA[31:0]$1132
   214/286: $1$mem2reg_wr$\mem$sram.v:108$1114_ADDR[5:0]$1131
   215/286: $1$mem2reg_wr$\mem$sram.v:107$1113_DATA[31:0]$1130
   216/286: $1$mem2reg_wr$\mem$sram.v:107$1113_ADDR[5:0]$1129
   217/286: $0\mem[60][31:0] [31:24]
   218/286: $0\mem[59][31:0] [31:24]
   219/286: $0\mem[58][31:0] [31:24]
   220/286: $0\mem[57][31:0] [31:24]
   221/286: $0\mem[56][31:0] [31:24]
   222/286: $0\mem[55][31:0] [31:24]
   223/286: $0\mem[54][31:0] [31:24]
   224/286: $0\mem[53][31:0] [31:24]
   225/286: $0\mem[52][31:0] [31:24]
   226/286: $0\mem[51][31:0] [31:24]
   227/286: $0\mem[50][31:0] [31:24]
   228/286: $0\mem[49][31:0] [31:24]
   229/286: $0\mem[48][31:0] [31:24]
   230/286: $0\mem[47][31:0] [31:24]
   231/286: $0\mem[46][31:0] [31:24]
   232/286: $0\mem[45][31:0] [31:24]
   233/286: $0\mem[44][31:0] [31:24]
   234/286: $0\mem[43][31:0] [31:24]
   235/286: $0\mem[42][31:0] [31:24]
   236/286: $0\mem[41][31:0] [31:24]
   237/286: $0\mem[40][31:0] [31:24]
   238/286: $0\mem[39][31:0] [31:24]
   239/286: $0\mem[38][31:0] [31:24]
   240/286: $0\mem[37][31:0] [31:24]
   241/286: $0\mem[36][31:0] [31:24]
   242/286: $0\mem[35][31:0] [31:24]
   243/286: $0\mem[34][31:0] [31:24]
   244/286: $0\mem[33][31:0] [31:24]
   245/286: $0\mem[32][31:0] [31:24]
   246/286: $0\mem[31][31:0] [31:24]
   247/286: $0\mem[30][31:0] [31:24]
   248/286: $0\mem[29][31:0] [31:24]
   249/286: $0\mem[28][31:0] [31:24]
   250/286: $0\mem[27][31:0] [31:24]
   251/286: $0\mem[26][31:0] [31:24]
   252/286: $0\mem[25][31:0] [31:24]
   253/286: $0\mem[24][31:0] [31:24]
   254/286: $0\mem[23][31:0] [31:24]
   255/286: $0\mem[22][31:0] [31:24]
   256/286: $0\mem[21][31:0] [31:24]
   257/286: $0\mem[20][31:0] [31:24]
   258/286: $0\mem[19][31:0] [31:24]
   259/286: $0\mem[18][31:0] [31:24]
   260/286: $0\mem[17][31:0] [31:24]
   261/286: $0\mem[16][31:0] [31:24]
   262/286: $0\mem[15][31:0] [31:24]
   263/286: $0\mem[14][31:0] [31:24]
   264/286: $0\mem[13][31:0] [31:24]
   265/286: $0\mem[12][31:0] [31:24]
   266/286: $0\mem[11][31:0] [31:24]
   267/286: $0\mem[10][31:0] [31:24]
   268/286: $0\mem[9][31:0] [31:24]
   269/286: $0\mem[8][31:0] [31:24]
   270/286: $0\mem[7][31:0] [31:24]
   271/286: $0\mem[6][31:0] [31:24]
   272/286: $0\mem[5][31:0] [31:24]
   273/286: $0\mem[4][31:0] [31:24]
   274/286: $0\mem[3][31:0] [31:24]
   275/286: $0\mem[2][31:0] [31:24]
   276/286: $0\mem[1][31:0] [31:24]
   277/286: $0\mem[0][31:0] [31:24]
   278/286: $3$mem2reg_wr$\mem$sram.v:109$1115_ADDR[5:0]$1156
   279/286: $3$mem2reg_wr$\mem$sram.v:108$1114_ADDR[5:0]$1154
   280/286: $3$mem2reg_wr$\mem$sram.v:107$1113_ADDR[5:0]$1152
   281/286: $0\w_strb_r[3:0]
   282/286: $0\w_data_r[31:0]
   283/286: $0\aw_addr_r[31:0]
   284/286: $0\w_pend[0:0]
   285/286: $0\aw_pend[0:0]
   286/286: $0\b_vld[0:0]
Creating decoders for process `\top.$proc$top.v:138$2'.
     1/12: $0\ready_r[0:0]
     2/12: $0\rdata_r[31:0]
     3/12: $0\b_state[2:0]
     4/12: $0\m_axi_rready[0:0]
     5/12: $0\m_axi_arvalid[0:0]
     6/12: $0\m_axi_araddr[31:0]
     7/12: $0\m_axi_bready[0:0]
     8/12: $0\m_axi_wvalid[0:0]
     9/12: $0\m_axi_wstrb_r[3:0]
    10/12: $0\m_axi_wdata[31:0]
    11/12: $0\m_axi_awvalid[0:0]
    12/12: $0\m_axi_awaddr[31:0]

10.2.8. Executing PROC_DLATCH pass (convert process syncs to latches).
No latch inferred for signal `\axi_decoder.\sel' from process `\axi_decoder.$proc$axi_decoder.v:114$997'.
No latch inferred for signal `$paramod$5f39f8b646aa95582e6f088ce64c0e154e784a4a\picorv32.\cpuregs_rs1' from process `$paramod$5f39f8b646aa95582e6f088ce64c0e154e784a4a\picorv32.$proc$picorv32.v:1348$1678'.
No latch inferred for signal `$paramod$5f39f8b646aa95582e6f088ce64c0e154e784a4a\picorv32.\cpuregs_rs2' from process `$paramod$5f39f8b646aa95582e6f088ce64c0e154e784a4a\picorv32.$proc$picorv32.v:1348$1678'.
No latch inferred for signal `$paramod$5f39f8b646aa95582e6f088ce64c0e154e784a4a\picorv32.\decoded_rs' from process `$paramod$5f39f8b646aa95582e6f088ce64c0e154e784a4a\picorv32.$proc$picorv32.v:1348$1678'.
No latch inferred for signal `$paramod$5f39f8b646aa95582e6f088ce64c0e154e784a4a\picorv32.\cpuregs_write' from process `$paramod$5f39f8b646aa95582e6f088ce64c0e154e784a4a\picorv32.$proc$picorv32.v:1309$1657'.
No latch inferred for signal `$paramod$5f39f8b646aa95582e6f088ce64c0e154e784a4a\picorv32.\cpuregs_wrdata' from process `$paramod$5f39f8b646aa95582e6f088ce64c0e154e784a4a\picorv32.$proc$picorv32.v:1309$1657'.
No latch inferred for signal `$paramod$5f39f8b646aa95582e6f088ce64c0e154e784a4a\picorv32.\clear_prefetched_high_word' from process `$paramod$5f39f8b646aa95582e6f088ce64c0e154e784a4a\picorv32.$proc$picorv32.v:1295$1652'.
No latch inferred for signal `$paramod$5f39f8b646aa95582e6f088ce64c0e154e784a4a\picorv32.\alu_out' from process `$paramod$5f39f8b646aa95582e6f088ce64c0e154e784a4a\picorv32.$proc$picorv32.v:1249$1629'.
No latch inferred for signal `$paramod$5f39f8b646aa95582e6f088ce64c0e154e784a4a\picorv32.\alu_out_0' from process `$paramod$5f39f8b646aa95582e6f088ce64c0e154e784a4a\picorv32.$proc$picorv32.v:1249$1629'.
No latch inferred for signal `$paramod$5f39f8b646aa95582e6f088ce64c0e154e784a4a\picorv32.\dbg_ascii_state' from process `$paramod$5f39f8b646aa95582e6f088ce64c0e154e784a4a\picorv32.$proc$picorv32.v:1186$1617'.
No latch inferred for signal `$paramod$5f39f8b646aa95582e6f088ce64c0e154e784a4a\picorv32.\dbg_insn_opcode' from process `$paramod$5f39f8b646aa95582e6f088ce64c0e154e784a4a\picorv32.$proc$picorv32.v:809$1352'.
No latch inferred for signal `$paramod$5f39f8b646aa95582e6f088ce64c0e154e784a4a\picorv32.\dbg_ascii_instr' from process `$paramod$5f39f8b646aa95582e6f088ce64c0e154e784a4a\picorv32.$proc$picorv32.v:809$1352'.
No latch inferred for signal `$paramod$5f39f8b646aa95582e6f088ce64c0e154e784a4a\picorv32.\dbg_insn_imm' from process `$paramod$5f39f8b646aa95582e6f088ce64c0e154e784a4a\picorv32.$proc$picorv32.v:809$1352'.
No latch inferred for signal `$paramod$5f39f8b646aa95582e6f088ce64c0e154e784a4a\picorv32.\dbg_insn_rs1' from process `$paramod$5f39f8b646aa95582e6f088ce64c0e154e784a4a\picorv32.$proc$picorv32.v:809$1352'.
No latch inferred for signal `$paramod$5f39f8b646aa95582e6f088ce64c0e154e784a4a\picorv32.\dbg_insn_rs2' from process `$paramod$5f39f8b646aa95582e6f088ce64c0e154e784a4a\picorv32.$proc$picorv32.v:809$1352'.
No latch inferred for signal `$paramod$5f39f8b646aa95582e6f088ce64c0e154e784a4a\picorv32.\dbg_insn_rd' from process `$paramod$5f39f8b646aa95582e6f088ce64c0e154e784a4a\picorv32.$proc$picorv32.v:809$1352'.
No latch inferred for signal `$paramod$5f39f8b646aa95582e6f088ce64c0e154e784a4a\picorv32.\new_ascii_instr' from process `$paramod$5f39f8b646aa95582e6f088ce64c0e154e784a4a\picorv32.$proc$picorv32.v:701$1347'.
No latch inferred for signal `$paramod$5f39f8b646aa95582e6f088ce64c0e154e784a4a\picorv32.\alu_add_sub' from process `$paramod$5f39f8b646aa95582e6f088ce64c0e154e784a4a\picorv32.$proc$picorv32.v:1239$1862'.
No latch inferred for signal `$paramod$5f39f8b646aa95582e6f088ce64c0e154e784a4a\picorv32.\alu_shl' from process `$paramod$5f39f8b646aa95582e6f088ce64c0e154e784a4a\picorv32.$proc$picorv32.v:1239$1862'.
No latch inferred for signal `$paramod$5f39f8b646aa95582e6f088ce64c0e154e784a4a\picorv32.\alu_shr' from process `$paramod$5f39f8b646aa95582e6f088ce64c0e154e784a4a\picorv32.$proc$picorv32.v:1239$1862'.
No latch inferred for signal `$paramod$5f39f8b646aa95582e6f088ce64c0e154e784a4a\picorv32.\alu_eq' from process `$paramod$5f39f8b646aa95582e6f088ce64c0e154e784a4a\picorv32.$proc$picorv32.v:1239$1862'.
No latch inferred for signal `$paramod$5f39f8b646aa95582e6f088ce64c0e154e784a4a\picorv32.\alu_ltu' from process `$paramod$5f39f8b646aa95582e6f088ce64c0e154e784a4a\picorv32.$proc$picorv32.v:1239$1862'.
No latch inferred for signal `$paramod$5f39f8b646aa95582e6f088ce64c0e154e784a4a\picorv32.\alu_lts' from process `$paramod$5f39f8b646aa95582e6f088ce64c0e154e784a4a\picorv32.$proc$picorv32.v:1239$1862'.
No latch inferred for signal `$paramod$5f39f8b646aa95582e6f088ce64c0e154e784a4a\picorv32.\mem_la_wdata' from process `$paramod$5f39f8b646aa95582e6f088ce64c0e154e784a4a\picorv32.$proc$picorv32.v:401$1282'.
No latch inferred for signal `$paramod$5f39f8b646aa95582e6f088ce64c0e154e784a4a\picorv32.\mem_la_wstrb' from process `$paramod$5f39f8b646aa95582e6f088ce64c0e154e784a4a\picorv32.$proc$picorv32.v:401$1282'.
No latch inferred for signal `$paramod$5f39f8b646aa95582e6f088ce64c0e154e784a4a\picorv32.\mem_rdata_word' from process `$paramod$5f39f8b646aa95582e6f088ce64c0e154e784a4a\picorv32.$proc$picorv32.v:401$1282'.
No latch inferred for signal `$paramod$5f39f8b646aa95582e6f088ce64c0e154e784a4a\picorv32.\pcpi_int_wr' from process `$paramod$5f39f8b646aa95582e6f088ce64c0e154e784a4a\picorv32.$proc$picorv32.v:325$1203'.
No latch inferred for signal `$paramod$5f39f8b646aa95582e6f088ce64c0e154e784a4a\picorv32.\pcpi_int_rd' from process `$paramod$5f39f8b646aa95582e6f088ce64c0e154e784a4a\picorv32.$proc$picorv32.v:325$1203'.
No latch inferred for signal `$paramod$5f39f8b646aa95582e6f088ce64c0e154e784a4a\picorv32.\pcpi_int_wait' from process `$paramod$5f39f8b646aa95582e6f088ce64c0e154e784a4a\picorv32.$proc$picorv32.v:325$1203'.
No latch inferred for signal `$paramod$5f39f8b646aa95582e6f088ce64c0e154e784a4a\picorv32.\pcpi_int_ready' from process `$paramod$5f39f8b646aa95582e6f088ce64c0e154e784a4a\picorv32.$proc$picorv32.v:325$1203'.

10.2.9. Executing PROC_DFF pass (convert process syncs to FFs).
Creating register for signal `$paramod$d40569e2e5029e2dde4c9be19ab6c750b8104d07\uart_axi.\r_vld' using process `$paramod$d40569e2e5029e2dde4c9be19ab6c750b8104d07\uart_axi.$proc$uart_axi.v:223$1107'.
  created $adff cell `$procdff$15308' with positive edge clock and positive level reset.
Creating register for signal `$paramod$d40569e2e5029e2dde4c9be19ab6c750b8104d07\uart_axi.\r_data' using process `$paramod$d40569e2e5029e2dde4c9be19ab6c750b8104d07\uart_axi.$proc$uart_axi.v:223$1107'.
  created $adff cell `$procdff$15311' with positive edge clock and positive level reset.
Creating register for signal `$paramod$d40569e2e5029e2dde4c9be19ab6c750b8104d07\uart_axi.\r_is_stat' using process `$paramod$d40569e2e5029e2dde4c9be19ab6c750b8104d07\uart_axi.$proc$uart_axi.v:223$1107'.
  created $adff cell `$procdff$15314' with positive edge clock and positive level reset.
Creating register for signal `$paramod$d40569e2e5029e2dde4c9be19ab6c750b8104d07\uart_axi.\aw_got' using process `$paramod$d40569e2e5029e2dde4c9be19ab6c750b8104d07\uart_axi.$proc$uart_axi.v:177$1091'.
  created $adff cell `$procdff$15317' with positive edge clock and positive level reset.
Creating register for signal `$paramod$d40569e2e5029e2dde4c9be19ab6c750b8104d07\uart_axi.\w_got' using process `$paramod$d40569e2e5029e2dde4c9be19ab6c750b8104d07\uart_axi.$proc$uart_axi.v:177$1091'.
  created $adff cell `$procdff$15320' with positive edge clock and positive level reset.
Creating register for signal `$paramod$d40569e2e5029e2dde4c9be19ab6c750b8104d07\uart_axi.\w_byte' using process `$paramod$d40569e2e5029e2dde4c9be19ab6c750b8104d07\uart_axi.$proc$uart_axi.v:177$1091'.
  created $adff cell `$procdff$15323' with positive edge clock and positive level reset.
Creating register for signal `$paramod$d40569e2e5029e2dde4c9be19ab6c750b8104d07\uart_axi.\b_vld' using process `$paramod$d40569e2e5029e2dde4c9be19ab6c750b8104d07\uart_axi.$proc$uart_axi.v:177$1091'.
  created $adff cell `$procdff$15326' with positive edge clock and positive level reset.
Creating register for signal `$paramod$d40569e2e5029e2dde4c9be19ab6c750b8104d07\uart_axi.\rx_buf_data' using process `$paramod$d40569e2e5029e2dde4c9be19ab6c750b8104d07\uart_axi.$proc$uart_axi.v:152$1081'.
  created $adff cell `$procdff$15329' with positive edge clock and positive level reset.
Creating register for signal `$paramod$d40569e2e5029e2dde4c9be19ab6c750b8104d07\uart_axi.\rx_buf_valid' using process `$paramod$d40569e2e5029e2dde4c9be19ab6c750b8104d07\uart_axi.$proc$uart_axi.v:152$1081'.
  created $adff cell `$procdff$15332' with positive edge clock and positive level reset.
Creating register for signal `$paramod$d40569e2e5029e2dde4c9be19ab6c750b8104d07\uart_axi.\tx_data' using process `$paramod$d40569e2e5029e2dde4c9be19ab6c750b8104d07\uart_axi.$proc$uart_axi.v:122$1074'.
  created $adff cell `$procdff$15335' with positive edge clock and positive level reset.
Creating register for signal `$paramod$d40569e2e5029e2dde4c9be19ab6c750b8104d07\uart_axi.\tx_valid' using process `$paramod$d40569e2e5029e2dde4c9be19ab6c750b8104d07\uart_axi.$proc$uart_axi.v:122$1074'.
  created $adff cell `$procdff$15338' with positive edge clock and positive level reset.
Creating register for signal `$paramod$d40569e2e5029e2dde4c9be19ab6c750b8104d07\uart_axi.\buf_data' using process `$paramod$d40569e2e5029e2dde4c9be19ab6c750b8104d07\uart_axi.$proc$uart_axi.v:122$1074'.
  created $adff cell `$procdff$15341' with positive edge clock and positive level reset.
Creating register for signal `$paramod$d40569e2e5029e2dde4c9be19ab6c750b8104d07\uart_axi.\buf_valid' using process `$paramod$d40569e2e5029e2dde4c9be19ab6c750b8104d07\uart_axi.$proc$uart_axi.v:122$1074'.
  created $adff cell `$procdff$15344' with positive edge clock and positive level reset.
Creating register for signal `$paramod$d40569e2e5029e2dde4c9be19ab6c750b8104d07\uart_tx.\state' using process `$paramod$d40569e2e5029e2dde4c9be19ab6c750b8104d07\uart_tx.$proc$uart_tx.v:63$1887'.
  created $adff cell `$procdff$15347' with positive edge clock and positive level reset.
Creating register for signal `$paramod$d40569e2e5029e2dde4c9be19ab6c750b8104d07\uart_tx.\tx' using process `$paramod$d40569e2e5029e2dde4c9be19ab6c750b8104d07\uart_tx.$proc$uart_tx.v:63$1887'.
  created $adff cell `$procdff$15350' with positive edge clock and positive level reset.
Creating register for signal `$paramod$d40569e2e5029e2dde4c9be19ab6c750b8104d07\uart_tx.\clk_cnt' using process `$paramod$d40569e2e5029e2dde4c9be19ab6c750b8104d07\uart_tx.$proc$uart_tx.v:63$1887'.
  created $adff cell `$procdff$15353' with positive edge clock and positive level reset.
Creating register for signal `$paramod$d40569e2e5029e2dde4c9be19ab6c750b8104d07\uart_tx.\bit_cnt' using process `$paramod$d40569e2e5029e2dde4c9be19ab6c750b8104d07\uart_tx.$proc$uart_tx.v:63$1887'.
  created $adff cell `$procdff$15356' with positive edge clock and positive level reset.
Creating register for signal `$paramod$d40569e2e5029e2dde4c9be19ab6c750b8104d07\uart_tx.\shift_reg' using process `$paramod$d40569e2e5029e2dde4c9be19ab6c750b8104d07\uart_tx.$proc$uart_tx.v:63$1887'.
  created $adff cell `$procdff$15359' with positive edge clock and positive level reset.
Creating register for signal `$paramod$d40569e2e5029e2dde4c9be19ab6c750b8104d07\uart_rx.\state' using process `$paramod$d40569e2e5029e2dde4c9be19ab6c750b8104d07\uart_rx.$proc$uart_rx.v:76$1875'.
  created $adff cell `$procdff$15362' with positive edge clock and positive level reset.
Creating register for signal `$paramod$d40569e2e5029e2dde4c9be19ab6c750b8104d07\uart_rx.\data_out' using process `$paramod$d40569e2e5029e2dde4c9be19ab6c750b8104d07\uart_rx.$proc$uart_rx.v:76$1875'.
  created $adff cell `$procdff$15365' with positive edge clock and positive level reset.
Creating register for signal `$paramod$d40569e2e5029e2dde4c9be19ab6c750b8104d07\uart_rx.\data_valid' using process `$paramod$d40569e2e5029e2dde4c9be19ab6c750b8104d07\uart_rx.$proc$uart_rx.v:76$1875'.
  created $adff cell `$procdff$15368' with positive edge clock and positive level reset.
Creating register for signal `$paramod$d40569e2e5029e2dde4c9be19ab6c750b8104d07\uart_rx.\clk_cnt' using process `$paramod$d40569e2e5029e2dde4c9be19ab6c750b8104d07\uart_rx.$proc$uart_rx.v:76$1875'.
  created $adff cell `$procdff$15371' with positive edge clock and positive level reset.
Creating register for signal `$paramod$d40569e2e5029e2dde4c9be19ab6c750b8104d07\uart_rx.\bit_cnt' using process `$paramod$d40569e2e5029e2dde4c9be19ab6c750b8104d07\uart_rx.$proc$uart_rx.v:76$1875'.
  created $adff cell `$procdff$15374' with positive edge clock and positive level reset.
Creating register for signal `$paramod$d40569e2e5029e2dde4c9be19ab6c750b8104d07\uart_rx.\shift_reg' using process `$paramod$d40569e2e5029e2dde4c9be19ab6c750b8104d07\uart_rx.$proc$uart_rx.v:76$1875'.
  created $adff cell `$procdff$15377' with positive edge clock and positive level reset.
Creating register for signal `$paramod$d40569e2e5029e2dde4c9be19ab6c750b8104d07\uart_rx.\rx_sync0' using process `$paramod$d40569e2e5029e2dde4c9be19ab6c750b8104d07\uart_rx.$proc$uart_rx.v:53$1874'.
  created $adff cell `$procdff$15380' with positive edge clock and positive level reset.
Creating register for signal `$paramod$d40569e2e5029e2dde4c9be19ab6c750b8104d07\uart_rx.\rx_sync1' using process `$paramod$d40569e2e5029e2dde4c9be19ab6c750b8104d07\uart_rx.$proc$uart_rx.v:53$1874'.
  created $adff cell `$procdff$15383' with positive edge clock and positive level reset.
Creating register for signal `\axi_lite_interconnect.\wr_sel_r' using process `\axi_lite_interconnect.$proc$axi_lite_interconnect.v:107$939'.
  created $adff cell `$procdff$15386' with positive edge clock and positive level reset.
Creating register for signal `\axi_lite_interconnect.\rd_sel_r' using process `\axi_lite_interconnect.$proc$axi_lite_interconnect.v:107$939'.
  created $adff cell `$procdff$15389' with positive edge clock and positive level reset.
Creating register for signal `\axi_lite_interconnect.\wr_active' using process `\axi_lite_interconnect.$proc$axi_lite_interconnect.v:107$939'.
  created $adff cell `$procdff$15392' with positive edge clock and positive level reset.
Creating register for signal `\axi_lite_interconnect.\rd_active' using process `\axi_lite_interconnect.$proc$axi_lite_interconnect.v:107$939'.
  created $adff cell `$procdff$15395' with positive edge clock and positive level reset.
Creating register for signal `$paramod$5f39f8b646aa95582e6f088ce64c0e154e784a4a\picorv32.\pcpi_valid' using process `$paramod$5f39f8b646aa95582e6f088ce64c0e154e784a4a\picorv32.$proc$picorv32.v:1402$1694'.
  created $dff cell `$procdff$15396' with positive edge clock.
Creating register for signal `$paramod$5f39f8b646aa95582e6f088ce64c0e154e784a4a\picorv32.\eoi' using process `$paramod$5f39f8b646aa95582e6f088ce64c0e154e784a4a\picorv32.$proc$picorv32.v:1402$1694'.
  created $dff cell `$procdff$15397' with positive edge clock.
Creating register for signal `$paramod$5f39f8b646aa95582e6f088ce64c0e154e784a4a\picorv32.\trap' using process `$paramod$5f39f8b646aa95582e6f088ce64c0e154e784a4a\picorv32.$proc$picorv32.v:1402$1694'.
  created $dff cell `$procdff$15398' with positive edge clock.
Creating register for signal `$paramod$5f39f8b646aa95582e6f088ce64c0e154e784a4a\picorv32.\trace_valid' using process `$paramod$5f39f8b646aa95582e6f088ce64c0e154e784a4a\picorv32.$proc$picorv32.v:1402$1694'.
  created $dff cell `$procdff$15399' with positive edge clock.
Creating register for signal `$paramod$5f39f8b646aa95582e6f088ce64c0e154e784a4a\picorv32.\trace_data' using process `$paramod$5f39f8b646aa95582e6f088ce64c0e154e784a4a\picorv32.$proc$picorv32.v:1402$1694'.
  created $dff cell `$procdff$15400' with positive edge clock.
Creating register for signal `$paramod$5f39f8b646aa95582e6f088ce64c0e154e784a4a\picorv32.\count_cycle' using process `$paramod$5f39f8b646aa95582e6f088ce64c0e154e784a4a\picorv32.$proc$picorv32.v:1402$1694'.
  created $dff cell `$procdff$15401' with positive edge clock.
Creating register for signal `$paramod$5f39f8b646aa95582e6f088ce64c0e154e784a4a\picorv32.\count_instr' using process `$paramod$5f39f8b646aa95582e6f088ce64c0e154e784a4a\picorv32.$proc$picorv32.v:1402$1694'.
  created $dff cell `$procdff$15402' with positive edge clock.
Creating register for signal `$paramod$5f39f8b646aa95582e6f088ce64c0e154e784a4a\picorv32.\reg_pc' using process `$paramod$5f39f8b646aa95582e6f088ce64c0e154e784a4a\picorv32.$proc$picorv32.v:1402$1694'.
  created $dff cell `$procdff$15403' with positive edge clock.
Creating register for signal `$paramod$5f39f8b646aa95582e6f088ce64c0e154e784a4a\picorv32.\reg_next_pc' using process `$paramod$5f39f8b646aa95582e6f088ce64c0e154e784a4a\picorv32.$proc$picorv32.v:1402$1694'.
  created $dff cell `$procdff$15404' with positive edge clock.
Creating register for signal `$paramod$5f39f8b646aa95582e6f088ce64c0e154e784a4a\picorv32.\reg_op1' using process `$paramod$5f39f8b646aa95582e6f088ce64c0e154e784a4a\picorv32.$proc$picorv32.v:1402$1694'.
  created $dff cell `$procdff$15405' with positive edge clock.
Creating register for signal `$paramod$5f39f8b646aa95582e6f088ce64c0e154e784a4a\picorv32.\reg_op2' using process `$paramod$5f39f8b646aa95582e6f088ce64c0e154e784a4a\picorv32.$proc$picorv32.v:1402$1694'.
  created $dff cell `$procdff$15406' with positive edge clock.
Creating register for signal `$paramod$5f39f8b646aa95582e6f088ce64c0e154e784a4a\picorv32.\reg_out' using process `$paramod$5f39f8b646aa95582e6f088ce64c0e154e784a4a\picorv32.$proc$picorv32.v:1402$1694'.
  created $dff cell `$procdff$15407' with positive edge clock.
Creating register for signal `$paramod$5f39f8b646aa95582e6f088ce64c0e154e784a4a\picorv32.\reg_sh' using process `$paramod$5f39f8b646aa95582e6f088ce64c0e154e784a4a\picorv32.$proc$picorv32.v:1402$1694'.
  created $dff cell `$procdff$15408' with positive edge clock.
Creating register for signal `$paramod$5f39f8b646aa95582e6f088ce64c0e154e784a4a\picorv32.\irq_delay' using process `$paramod$5f39f8b646aa95582e6f088ce64c0e154e784a4a\picorv32.$proc$picorv32.v:1402$1694'.
  created $dff cell `$procdff$15409' with positive edge clock.
Creating register for signal `$paramod$5f39f8b646aa95582e6f088ce64c0e154e784a4a\picorv32.\irq_active' using process `$paramod$5f39f8b646aa95582e6f088ce64c0e154e784a4a\picorv32.$proc$picorv32.v:1402$1694'.
  created $dff cell `$procdff$15410' with positive edge clock.
Creating register for signal `$paramod$5f39f8b646aa95582e6f088ce64c0e154e784a4a\picorv32.\irq_mask' using process `$paramod$5f39f8b646aa95582e6f088ce64c0e154e784a4a\picorv32.$proc$picorv32.v:1402$1694'.
  created $dff cell `$procdff$15411' with positive edge clock.
Creating register for signal `$paramod$5f39f8b646aa95582e6f088ce64c0e154e784a4a\picorv32.\irq_pending' using process `$paramod$5f39f8b646aa95582e6f088ce64c0e154e784a4a\picorv32.$proc$picorv32.v:1402$1694'.
  created $dff cell `$procdff$15412' with positive edge clock.
Creating register for signal `$paramod$5f39f8b646aa95582e6f088ce64c0e154e784a4a\picorv32.\timer' using process `$paramod$5f39f8b646aa95582e6f088ce64c0e154e784a4a\picorv32.$proc$picorv32.v:1402$1694'.
  created $dff cell `$procdff$15413' with positive edge clock.
Creating register for signal `$paramod$5f39f8b646aa95582e6f088ce64c0e154e784a4a\picorv32.\mem_wordsize' using process `$paramod$5f39f8b646aa95582e6f088ce64c0e154e784a4a\picorv32.$proc$picorv32.v:1402$1694'.
  created $dff cell `$procdff$15414' with positive edge clock.
Creating register for signal `$paramod$5f39f8b646aa95582e6f088ce64c0e154e784a4a\picorv32.\mem_do_prefetch' using process `$paramod$5f39f8b646aa95582e6f088ce64c0e154e784a4a\picorv32.$proc$picorv32.v:1402$1694'.
  created $dff cell `$procdff$15415' with positive edge clock.
Creating register for signal `$paramod$5f39f8b646aa95582e6f088ce64c0e154e784a4a\picorv32.\mem_do_rinst' using process `$paramod$5f39f8b646aa95582e6f088ce64c0e154e784a4a\picorv32.$proc$picorv32.v:1402$1694'.
  created $dff cell `$procdff$15416' with positive edge clock.
Creating register for signal `$paramod$5f39f8b646aa95582e6f088ce64c0e154e784a4a\picorv32.\mem_do_rdata' using process `$paramod$5f39f8b646aa95582e6f088ce64c0e154e784a4a\picorv32.$proc$picorv32.v:1402$1694'.
  created $dff cell `$procdff$15417' with positive edge clock.
Creating register for signal `$paramod$5f39f8b646aa95582e6f088ce64c0e154e784a4a\picorv32.\mem_do_wdata' using process `$paramod$5f39f8b646aa95582e6f088ce64c0e154e784a4a\picorv32.$proc$picorv32.v:1402$1694'.
  created $dff cell `$procdff$15418' with positive edge clock.
Creating register for signal `$paramod$5f39f8b646aa95582e6f088ce64c0e154e784a4a\picorv32.\decoder_trigger' using process `$paramod$5f39f8b646aa95582e6f088ce64c0e154e784a4a\picorv32.$proc$picorv32.v:1402$1694'.
  created $dff cell `$procdff$15419' with positive edge clock.
Creating register for signal `$paramod$5f39f8b646aa95582e6f088ce64c0e154e784a4a\picorv32.\decoder_trigger_q' using process `$paramod$5f39f8b646aa95582e6f088ce64c0e154e784a4a\picorv32.$proc$picorv32.v:1402$1694'.
  created $dff cell `$procdff$15420' with positive edge clock.
Creating register for signal `$paramod$5f39f8b646aa95582e6f088ce64c0e154e784a4a\picorv32.\decoder_pseudo_trigger' using process `$paramod$5f39f8b646aa95582e6f088ce64c0e154e784a4a\picorv32.$proc$picorv32.v:1402$1694'.
  created $dff cell `$procdff$15421' with positive edge clock.
Creating register for signal `$paramod$5f39f8b646aa95582e6f088ce64c0e154e784a4a\picorv32.\decoder_pseudo_trigger_q' using process `$paramod$5f39f8b646aa95582e6f088ce64c0e154e784a4a\picorv32.$proc$picorv32.v:1402$1694'.
  created $dff cell `$procdff$15422' with positive edge clock.
Creating register for signal `$paramod$5f39f8b646aa95582e6f088ce64c0e154e784a4a\picorv32.\dbg_rs1val' using process `$paramod$5f39f8b646aa95582e6f088ce64c0e154e784a4a\picorv32.$proc$picorv32.v:1402$1694'.
  created $dff cell `$procdff$15423' with positive edge clock.
Creating register for signal `$paramod$5f39f8b646aa95582e6f088ce64c0e154e784a4a\picorv32.\dbg_rs2val' using process `$paramod$5f39f8b646aa95582e6f088ce64c0e154e784a4a\picorv32.$proc$picorv32.v:1402$1694'.
  created $dff cell `$procdff$15424' with positive edge clock.
Creating register for signal `$paramod$5f39f8b646aa95582e6f088ce64c0e154e784a4a\picorv32.\dbg_rs1val_valid' using process `$paramod$5f39f8b646aa95582e6f088ce64c0e154e784a4a\picorv32.$proc$picorv32.v:1402$1694'.
  created $dff cell `$procdff$15425' with positive edge clock.
Creating register for signal `$paramod$5f39f8b646aa95582e6f088ce64c0e154e784a4a\picorv32.\dbg_rs2val_valid' using process `$paramod$5f39f8b646aa95582e6f088ce64c0e154e784a4a\picorv32.$proc$picorv32.v:1402$1694'.
  created $dff cell `$procdff$15426' with positive edge clock.
Creating register for signal `$paramod$5f39f8b646aa95582e6f088ce64c0e154e784a4a\picorv32.\cpu_state' using process `$paramod$5f39f8b646aa95582e6f088ce64c0e154e784a4a\picorv32.$proc$picorv32.v:1402$1694'.
  created $dff cell `$procdff$15427' with positive edge clock.
Creating register for signal `$paramod$5f39f8b646aa95582e6f088ce64c0e154e784a4a\picorv32.\irq_state' using process `$paramod$5f39f8b646aa95582e6f088ce64c0e154e784a4a\picorv32.$proc$picorv32.v:1402$1694'.
  created $dff cell `$procdff$15428' with positive edge clock.
Creating register for signal `$paramod$5f39f8b646aa95582e6f088ce64c0e154e784a4a\picorv32.\set_mem_do_rinst' using process `$paramod$5f39f8b646aa95582e6f088ce64c0e154e784a4a\picorv32.$proc$picorv32.v:1402$1694'.
  created $dff cell `$procdff$15429' with positive edge clock.
Creating register for signal `$paramod$5f39f8b646aa95582e6f088ce64c0e154e784a4a\picorv32.\set_mem_do_rdata' using process `$paramod$5f39f8b646aa95582e6f088ce64c0e154e784a4a\picorv32.$proc$picorv32.v:1402$1694'.
  created $dff cell `$procdff$15430' with positive edge clock.
Creating register for signal `$paramod$5f39f8b646aa95582e6f088ce64c0e154e784a4a\picorv32.\set_mem_do_wdata' using process `$paramod$5f39f8b646aa95582e6f088ce64c0e154e784a4a\picorv32.$proc$picorv32.v:1402$1694'.
  created $dff cell `$procdff$15431' with positive edge clock.
Creating register for signal `$paramod$5f39f8b646aa95582e6f088ce64c0e154e784a4a\picorv32.\latched_store' using process `$paramod$5f39f8b646aa95582e6f088ce64c0e154e784a4a\picorv32.$proc$picorv32.v:1402$1694'.
  created $dff cell `$procdff$15432' with positive edge clock.
Creating register for signal `$paramod$5f39f8b646aa95582e6f088ce64c0e154e784a4a\picorv32.\latched_stalu' using process `$paramod$5f39f8b646aa95582e6f088ce64c0e154e784a4a\picorv32.$proc$picorv32.v:1402$1694'.
  created $dff cell `$procdff$15433' with positive edge clock.
Creating register for signal `$paramod$5f39f8b646aa95582e6f088ce64c0e154e784a4a\picorv32.\latched_branch' using process `$paramod$5f39f8b646aa95582e6f088ce64c0e154e784a4a\picorv32.$proc$picorv32.v:1402$1694'.
  created $dff cell `$procdff$15434' with positive edge clock.
Creating register for signal `$paramod$5f39f8b646aa95582e6f088ce64c0e154e784a4a\picorv32.\latched_compr' using process `$paramod$5f39f8b646aa95582e6f088ce64c0e154e784a4a\picorv32.$proc$picorv32.v:1402$1694'.
  created $dff cell `$procdff$15435' with positive edge clock.
Creating register for signal `$paramod$5f39f8b646aa95582e6f088ce64c0e154e784a4a\picorv32.\latched_trace' using process `$paramod$5f39f8b646aa95582e6f088ce64c0e154e784a4a\picorv32.$proc$picorv32.v:1402$1694'.
  created $dff cell `$procdff$15436' with positive edge clock.
Creating register for signal `$paramod$5f39f8b646aa95582e6f088ce64c0e154e784a4a\picorv32.\latched_is_lu' using process `$paramod$5f39f8b646aa95582e6f088ce64c0e154e784a4a\picorv32.$proc$picorv32.v:1402$1694'.
  created $dff cell `$procdff$15437' with positive edge clock.
Creating register for signal `$paramod$5f39f8b646aa95582e6f088ce64c0e154e784a4a\picorv32.\latched_is_lh' using process `$paramod$5f39f8b646aa95582e6f088ce64c0e154e784a4a\picorv32.$proc$picorv32.v:1402$1694'.
  created $dff cell `$procdff$15438' with positive edge clock.
Creating register for signal `$paramod$5f39f8b646aa95582e6f088ce64c0e154e784a4a\picorv32.\latched_is_lb' using process `$paramod$5f39f8b646aa95582e6f088ce64c0e154e784a4a\picorv32.$proc$picorv32.v:1402$1694'.
  created $dff cell `$procdff$15439' with positive edge clock.
Creating register for signal `$paramod$5f39f8b646aa95582e6f088ce64c0e154e784a4a\picorv32.\latched_rd' using process `$paramod$5f39f8b646aa95582e6f088ce64c0e154e784a4a\picorv32.$proc$picorv32.v:1402$1694'.
  created $dff cell `$procdff$15440' with positive edge clock.
Creating register for signal `$paramod$5f39f8b646aa95582e6f088ce64c0e154e784a4a\picorv32.\current_pc' using process `$paramod$5f39f8b646aa95582e6f088ce64c0e154e784a4a\picorv32.$proc$picorv32.v:1402$1694'.
  created $dff cell `$procdff$15441' with positive edge clock.
Creating register for signal `$paramod$5f39f8b646aa95582e6f088ce64c0e154e784a4a\picorv32.\pcpi_timeout' using process `$paramod$5f39f8b646aa95582e6f088ce64c0e154e784a4a\picorv32.$proc$picorv32.v:1402$1694'.
  created $dff cell `$procdff$15442' with positive edge clock.
Creating register for signal `$paramod$5f39f8b646aa95582e6f088ce64c0e154e784a4a\picorv32.\next_irq_pending' using process `$paramod$5f39f8b646aa95582e6f088ce64c0e154e784a4a\picorv32.$proc$picorv32.v:1402$1694'.
  created $dff cell `$procdff$15443' with positive edge clock.
Creating register for signal `$paramod$5f39f8b646aa95582e6f088ce64c0e154e784a4a\picorv32.\do_waitirq' using process `$paramod$5f39f8b646aa95582e6f088ce64c0e154e784a4a\picorv32.$proc$picorv32.v:1402$1694'.
  created $dff cell `$procdff$15444' with positive edge clock.
Creating register for signal `$paramod$5f39f8b646aa95582e6f088ce64c0e154e784a4a\picorv32.\alu_out_q' using process `$paramod$5f39f8b646aa95582e6f088ce64c0e154e784a4a\picorv32.$proc$picorv32.v:1402$1694'.
  created $dff cell `$procdff$15445' with positive edge clock.
Creating register for signal `$paramod$5f39f8b646aa95582e6f088ce64c0e154e784a4a\picorv32.\alu_out_0_q' using process `$paramod$5f39f8b646aa95582e6f088ce64c0e154e784a4a\picorv32.$proc$picorv32.v:1402$1694'.
  created $dff cell `$procdff$15446' with positive edge clock.
Creating register for signal `$paramod$5f39f8b646aa95582e6f088ce64c0e154e784a4a\picorv32.\alu_wait' using process `$paramod$5f39f8b646aa95582e6f088ce64c0e154e784a4a\picorv32.$proc$picorv32.v:1402$1694'.
  created $dff cell `$procdff$15447' with positive edge clock.
Creating register for signal `$paramod$5f39f8b646aa95582e6f088ce64c0e154e784a4a\picorv32.\alu_wait_2' using process `$paramod$5f39f8b646aa95582e6f088ce64c0e154e784a4a\picorv32.$proc$picorv32.v:1402$1694'.
  created $dff cell `$procdff$15448' with positive edge clock.
Creating register for signal `$paramod$5f39f8b646aa95582e6f088ce64c0e154e784a4a\picorv32.$memwr$\cpuregs$picorv32.v:1344$1202_ADDR' using process `$paramod$5f39f8b646aa95582e6f088ce64c0e154e784a4a\picorv32.$proc$picorv32.v:1337$1669'.
  created $dff cell `$procdff$15449' with positive edge clock.
Creating register for signal `$paramod$5f39f8b646aa95582e6f088ce64c0e154e784a4a\picorv32.$memwr$\cpuregs$picorv32.v:1344$1202_DATA' using process `$paramod$5f39f8b646aa95582e6f088ce64c0e154e784a4a\picorv32.$proc$picorv32.v:1337$1669'.
  created $dff cell `$procdff$15450' with positive edge clock.
Creating register for signal `$paramod$5f39f8b646aa95582e6f088ce64c0e154e784a4a\picorv32.$memwr$\cpuregs$picorv32.v:1344$1202_EN' using process `$paramod$5f39f8b646aa95582e6f088ce64c0e154e784a4a\picorv32.$proc$picorv32.v:1337$1669'.
  created $dff cell `$procdff$15451' with positive edge clock.
Creating register for signal `$paramod$5f39f8b646aa95582e6f088ce64c0e154e784a4a\picorv32.\clear_prefetched_high_word_q' using process `$paramod$5f39f8b646aa95582e6f088ce64c0e154e784a4a\picorv32.$proc$picorv32.v:1293$1651'.
  created $dff cell `$procdff$15452' with positive edge clock.
Creating register for signal `$paramod$5f39f8b646aa95582e6f088ce64c0e154e784a4a\picorv32.\pcpi_insn' using process `$paramod$5f39f8b646aa95582e6f088ce64c0e154e784a4a\picorv32.$proc$picorv32.v:858$1354'.
  created $dff cell `$procdff$15453' with positive edge clock.
Creating register for signal `$paramod$5f39f8b646aa95582e6f088ce64c0e154e784a4a\picorv32.\instr_lui' using process `$paramod$5f39f8b646aa95582e6f088ce64c0e154e784a4a\picorv32.$proc$picorv32.v:858$1354'.
  created $dff cell `$procdff$15454' with positive edge clock.
Creating register for signal `$paramod$5f39f8b646aa95582e6f088ce64c0e154e784a4a\picorv32.\instr_auipc' using process `$paramod$5f39f8b646aa95582e6f088ce64c0e154e784a4a\picorv32.$proc$picorv32.v:858$1354'.
  created $dff cell `$procdff$15455' with positive edge clock.
Creating register for signal `$paramod$5f39f8b646aa95582e6f088ce64c0e154e784a4a\picorv32.\instr_jal' using process `$paramod$5f39f8b646aa95582e6f088ce64c0e154e784a4a\picorv32.$proc$picorv32.v:858$1354'.
  created $dff cell `$procdff$15456' with positive edge clock.
Creating register for signal `$paramod$5f39f8b646aa95582e6f088ce64c0e154e784a4a\picorv32.\instr_jalr' using process `$paramod$5f39f8b646aa95582e6f088ce64c0e154e784a4a\picorv32.$proc$picorv32.v:858$1354'.
  created $dff cell `$procdff$15457' with positive edge clock.
Creating register for signal `$paramod$5f39f8b646aa95582e6f088ce64c0e154e784a4a\picorv32.\instr_beq' using process `$paramod$5f39f8b646aa95582e6f088ce64c0e154e784a4a\picorv32.$proc$picorv32.v:858$1354'.
  created $dff cell `$procdff$15458' with positive edge clock.
Creating register for signal `$paramod$5f39f8b646aa95582e6f088ce64c0e154e784a4a\picorv32.\instr_bne' using process `$paramod$5f39f8b646aa95582e6f088ce64c0e154e784a4a\picorv32.$proc$picorv32.v:858$1354'.
  created $dff cell `$procdff$15459' with positive edge clock.
Creating register for signal `$paramod$5f39f8b646aa95582e6f088ce64c0e154e784a4a\picorv32.\instr_blt' using process `$paramod$5f39f8b646aa95582e6f088ce64c0e154e784a4a\picorv32.$proc$picorv32.v:858$1354'.
  created $dff cell `$procdff$15460' with positive edge clock.
Creating register for signal `$paramod$5f39f8b646aa95582e6f088ce64c0e154e784a4a\picorv32.\instr_bge' using process `$paramod$5f39f8b646aa95582e6f088ce64c0e154e784a4a\picorv32.$proc$picorv32.v:858$1354'.
  created $dff cell `$procdff$15461' with positive edge clock.
Creating register for signal `$paramod$5f39f8b646aa95582e6f088ce64c0e154e784a4a\picorv32.\instr_bltu' using process `$paramod$5f39f8b646aa95582e6f088ce64c0e154e784a4a\picorv32.$proc$picorv32.v:858$1354'.
  created $dff cell `$procdff$15462' with positive edge clock.
Creating register for signal `$paramod$5f39f8b646aa95582e6f088ce64c0e154e784a4a\picorv32.\instr_bgeu' using process `$paramod$5f39f8b646aa95582e6f088ce64c0e154e784a4a\picorv32.$proc$picorv32.v:858$1354'.
  created $dff cell `$procdff$15463' with positive edge clock.
Creating register for signal `$paramod$5f39f8b646aa95582e6f088ce64c0e154e784a4a\picorv32.\instr_lb' using process `$paramod$5f39f8b646aa95582e6f088ce64c0e154e784a4a\picorv32.$proc$picorv32.v:858$1354'.
  created $dff cell `$procdff$15464' with positive edge clock.
Creating register for signal `$paramod$5f39f8b646aa95582e6f088ce64c0e154e784a4a\picorv32.\instr_lh' using process `$paramod$5f39f8b646aa95582e6f088ce64c0e154e784a4a\picorv32.$proc$picorv32.v:858$1354'.
  created $dff cell `$procdff$15465' with positive edge clock.
Creating register for signal `$paramod$5f39f8b646aa95582e6f088ce64c0e154e784a4a\picorv32.\instr_lw' using process `$paramod$5f39f8b646aa95582e6f088ce64c0e154e784a4a\picorv32.$proc$picorv32.v:858$1354'.
  created $dff cell `$procdff$15466' with positive edge clock.
Creating register for signal `$paramod$5f39f8b646aa95582e6f088ce64c0e154e784a4a\picorv32.\instr_lbu' using process `$paramod$5f39f8b646aa95582e6f088ce64c0e154e784a4a\picorv32.$proc$picorv32.v:858$1354'.
  created $dff cell `$procdff$15467' with positive edge clock.
Creating register for signal `$paramod$5f39f8b646aa95582e6f088ce64c0e154e784a4a\picorv32.\instr_lhu' using process `$paramod$5f39f8b646aa95582e6f088ce64c0e154e784a4a\picorv32.$proc$picorv32.v:858$1354'.
  created $dff cell `$procdff$15468' with positive edge clock.
Creating register for signal `$paramod$5f39f8b646aa95582e6f088ce64c0e154e784a4a\picorv32.\instr_sb' using process `$paramod$5f39f8b646aa95582e6f088ce64c0e154e784a4a\picorv32.$proc$picorv32.v:858$1354'.
  created $dff cell `$procdff$15469' with positive edge clock.
Creating register for signal `$paramod$5f39f8b646aa95582e6f088ce64c0e154e784a4a\picorv32.\instr_sh' using process `$paramod$5f39f8b646aa95582e6f088ce64c0e154e784a4a\picorv32.$proc$picorv32.v:858$1354'.
  created $dff cell `$procdff$15470' with positive edge clock.
Creating register for signal `$paramod$5f39f8b646aa95582e6f088ce64c0e154e784a4a\picorv32.\instr_sw' using process `$paramod$5f39f8b646aa95582e6f088ce64c0e154e784a4a\picorv32.$proc$picorv32.v:858$1354'.
  created $dff cell `$procdff$15471' with positive edge clock.
Creating register for signal `$paramod$5f39f8b646aa95582e6f088ce64c0e154e784a4a\picorv32.\instr_addi' using process `$paramod$5f39f8b646aa95582e6f088ce64c0e154e784a4a\picorv32.$proc$picorv32.v:858$1354'.
  created $dff cell `$procdff$15472' with positive edge clock.
Creating register for signal `$paramod$5f39f8b646aa95582e6f088ce64c0e154e784a4a\picorv32.\instr_slti' using process `$paramod$5f39f8b646aa95582e6f088ce64c0e154e784a4a\picorv32.$proc$picorv32.v:858$1354'.
  created $dff cell `$procdff$15473' with positive edge clock.
Creating register for signal `$paramod$5f39f8b646aa95582e6f088ce64c0e154e784a4a\picorv32.\instr_sltiu' using process `$paramod$5f39f8b646aa95582e6f088ce64c0e154e784a4a\picorv32.$proc$picorv32.v:858$1354'.
  created $dff cell `$procdff$15474' with positive edge clock.
Creating register for signal `$paramod$5f39f8b646aa95582e6f088ce64c0e154e784a4a\picorv32.\instr_xori' using process `$paramod$5f39f8b646aa95582e6f088ce64c0e154e784a4a\picorv32.$proc$picorv32.v:858$1354'.
  created $dff cell `$procdff$15475' with positive edge clock.
Creating register for signal `$paramod$5f39f8b646aa95582e6f088ce64c0e154e784a4a\picorv32.\instr_ori' using process `$paramod$5f39f8b646aa95582e6f088ce64c0e154e784a4a\picorv32.$proc$picorv32.v:858$1354'.
  created $dff cell `$procdff$15476' with positive edge clock.
Creating register for signal `$paramod$5f39f8b646aa95582e6f088ce64c0e154e784a4a\picorv32.\instr_andi' using process `$paramod$5f39f8b646aa95582e6f088ce64c0e154e784a4a\picorv32.$proc$picorv32.v:858$1354'.
  created $dff cell `$procdff$15477' with positive edge clock.
Creating register for signal `$paramod$5f39f8b646aa95582e6f088ce64c0e154e784a4a\picorv32.\instr_slli' using process `$paramod$5f39f8b646aa95582e6f088ce64c0e154e784a4a\picorv32.$proc$picorv32.v:858$1354'.
  created $dff cell `$procdff$15478' with positive edge clock.
Creating register for signal `$paramod$5f39f8b646aa95582e6f088ce64c0e154e784a4a\picorv32.\instr_srli' using process `$paramod$5f39f8b646aa95582e6f088ce64c0e154e784a4a\picorv32.$proc$picorv32.v:858$1354'.
  created $dff cell `$procdff$15479' with positive edge clock.
Creating register for signal `$paramod$5f39f8b646aa95582e6f088ce64c0e154e784a4a\picorv32.\instr_srai' using process `$paramod$5f39f8b646aa95582e6f088ce64c0e154e784a4a\picorv32.$proc$picorv32.v:858$1354'.
  created $dff cell `$procdff$15480' with positive edge clock.
Creating register for signal `$paramod$5f39f8b646aa95582e6f088ce64c0e154e784a4a\picorv32.\instr_add' using process `$paramod$5f39f8b646aa95582e6f088ce64c0e154e784a4a\picorv32.$proc$picorv32.v:858$1354'.
  created $dff cell `$procdff$15481' with positive edge clock.
Creating register for signal `$paramod$5f39f8b646aa95582e6f088ce64c0e154e784a4a\picorv32.\instr_sub' using process `$paramod$5f39f8b646aa95582e6f088ce64c0e154e784a4a\picorv32.$proc$picorv32.v:858$1354'.
  created $dff cell `$procdff$15482' with positive edge clock.
Creating register for signal `$paramod$5f39f8b646aa95582e6f088ce64c0e154e784a4a\picorv32.\instr_sll' using process `$paramod$5f39f8b646aa95582e6f088ce64c0e154e784a4a\picorv32.$proc$picorv32.v:858$1354'.
  created $dff cell `$procdff$15483' with positive edge clock.
Creating register for signal `$paramod$5f39f8b646aa95582e6f088ce64c0e154e784a4a\picorv32.\instr_slt' using process `$paramod$5f39f8b646aa95582e6f088ce64c0e154e784a4a\picorv32.$proc$picorv32.v:858$1354'.
  created $dff cell `$procdff$15484' with positive edge clock.
Creating register for signal `$paramod$5f39f8b646aa95582e6f088ce64c0e154e784a4a\picorv32.\instr_sltu' using process `$paramod$5f39f8b646aa95582e6f088ce64c0e154e784a4a\picorv32.$proc$picorv32.v:858$1354'.
  created $dff cell `$procdff$15485' with positive edge clock.
Creating register for signal `$paramod$5f39f8b646aa95582e6f088ce64c0e154e784a4a\picorv32.\instr_xor' using process `$paramod$5f39f8b646aa95582e6f088ce64c0e154e784a4a\picorv32.$proc$picorv32.v:858$1354'.
  created $dff cell `$procdff$15486' with positive edge clock.
Creating register for signal `$paramod$5f39f8b646aa95582e6f088ce64c0e154e784a4a\picorv32.\instr_srl' using process `$paramod$5f39f8b646aa95582e6f088ce64c0e154e784a4a\picorv32.$proc$picorv32.v:858$1354'.
  created $dff cell `$procdff$15487' with positive edge clock.
Creating register for signal `$paramod$5f39f8b646aa95582e6f088ce64c0e154e784a4a\picorv32.\instr_sra' using process `$paramod$5f39f8b646aa95582e6f088ce64c0e154e784a4a\picorv32.$proc$picorv32.v:858$1354'.
  created $dff cell `$procdff$15488' with positive edge clock.
Creating register for signal `$paramod$5f39f8b646aa95582e6f088ce64c0e154e784a4a\picorv32.\instr_or' using process `$paramod$5f39f8b646aa95582e6f088ce64c0e154e784a4a\picorv32.$proc$picorv32.v:858$1354'.
  created $dff cell `$procdff$15489' with positive edge clock.
Creating register for signal `$paramod$5f39f8b646aa95582e6f088ce64c0e154e784a4a\picorv32.\instr_and' using process `$paramod$5f39f8b646aa95582e6f088ce64c0e154e784a4a\picorv32.$proc$picorv32.v:858$1354'.
  created $dff cell `$procdff$15490' with positive edge clock.
Creating register for signal `$paramod$5f39f8b646aa95582e6f088ce64c0e154e784a4a\picorv32.\instr_rdcycle' using process `$paramod$5f39f8b646aa95582e6f088ce64c0e154e784a4a\picorv32.$proc$picorv32.v:858$1354'.
  created $dff cell `$procdff$15491' with positive edge clock.
Creating register for signal `$paramod$5f39f8b646aa95582e6f088ce64c0e154e784a4a\picorv32.\instr_rdcycleh' using process `$paramod$5f39f8b646aa95582e6f088ce64c0e154e784a4a\picorv32.$proc$picorv32.v:858$1354'.
  created $dff cell `$procdff$15492' with positive edge clock.
Creating register for signal `$paramod$5f39f8b646aa95582e6f088ce64c0e154e784a4a\picorv32.\instr_rdinstr' using process `$paramod$5f39f8b646aa95582e6f088ce64c0e154e784a4a\picorv32.$proc$picorv32.v:858$1354'.
  created $dff cell `$procdff$15493' with positive edge clock.
Creating register for signal `$paramod$5f39f8b646aa95582e6f088ce64c0e154e784a4a\picorv32.\instr_rdinstrh' using process `$paramod$5f39f8b646aa95582e6f088ce64c0e154e784a4a\picorv32.$proc$picorv32.v:858$1354'.
  created $dff cell `$procdff$15494' with positive edge clock.
Creating register for signal `$paramod$5f39f8b646aa95582e6f088ce64c0e154e784a4a\picorv32.\instr_ecall_ebreak' using process `$paramod$5f39f8b646aa95582e6f088ce64c0e154e784a4a\picorv32.$proc$picorv32.v:858$1354'.
  created $dff cell `$procdff$15495' with positive edge clock.
Creating register for signal `$paramod$5f39f8b646aa95582e6f088ce64c0e154e784a4a\picorv32.\instr_fence' using process `$paramod$5f39f8b646aa95582e6f088ce64c0e154e784a4a\picorv32.$proc$picorv32.v:858$1354'.
  created $dff cell `$procdff$15496' with positive edge clock.
Creating register for signal `$paramod$5f39f8b646aa95582e6f088ce64c0e154e784a4a\picorv32.\instr_getq' using process `$paramod$5f39f8b646aa95582e6f088ce64c0e154e784a4a\picorv32.$proc$picorv32.v:858$1354'.
  created $dff cell `$procdff$15497' with positive edge clock.
Creating register for signal `$paramod$5f39f8b646aa95582e6f088ce64c0e154e784a4a\picorv32.\instr_setq' using process `$paramod$5f39f8b646aa95582e6f088ce64c0e154e784a4a\picorv32.$proc$picorv32.v:858$1354'.
  created $dff cell `$procdff$15498' with positive edge clock.
Creating register for signal `$paramod$5f39f8b646aa95582e6f088ce64c0e154e784a4a\picorv32.\instr_retirq' using process `$paramod$5f39f8b646aa95582e6f088ce64c0e154e784a4a\picorv32.$proc$picorv32.v:858$1354'.
  created $dff cell `$procdff$15499' with positive edge clock.
Creating register for signal `$paramod$5f39f8b646aa95582e6f088ce64c0e154e784a4a\picorv32.\instr_maskirq' using process `$paramod$5f39f8b646aa95582e6f088ce64c0e154e784a4a\picorv32.$proc$picorv32.v:858$1354'.
  created $dff cell `$procdff$15500' with positive edge clock.
Creating register for signal `$paramod$5f39f8b646aa95582e6f088ce64c0e154e784a4a\picorv32.\instr_waitirq' using process `$paramod$5f39f8b646aa95582e6f088ce64c0e154e784a4a\picorv32.$proc$picorv32.v:858$1354'.
  created $dff cell `$procdff$15501' with positive edge clock.
Creating register for signal `$paramod$5f39f8b646aa95582e6f088ce64c0e154e784a4a\picorv32.\instr_timer' using process `$paramod$5f39f8b646aa95582e6f088ce64c0e154e784a4a\picorv32.$proc$picorv32.v:858$1354'.
  created $dff cell `$procdff$15502' with positive edge clock.
Creating register for signal `$paramod$5f39f8b646aa95582e6f088ce64c0e154e784a4a\picorv32.\decoded_rd' using process `$paramod$5f39f8b646aa95582e6f088ce64c0e154e784a4a\picorv32.$proc$picorv32.v:858$1354'.
  created $dff cell `$procdff$15503' with positive edge clock.
Creating register for signal `$paramod$5f39f8b646aa95582e6f088ce64c0e154e784a4a\picorv32.\decoded_rs1' using process `$paramod$5f39f8b646aa95582e6f088ce64c0e154e784a4a\picorv32.$proc$picorv32.v:858$1354'.
  created $dff cell `$procdff$15504' with positive edge clock.
Creating register for signal `$paramod$5f39f8b646aa95582e6f088ce64c0e154e784a4a\picorv32.\decoded_rs2' using process `$paramod$5f39f8b646aa95582e6f088ce64c0e154e784a4a\picorv32.$proc$picorv32.v:858$1354'.
  created $dff cell `$procdff$15505' with positive edge clock.
Creating register for signal `$paramod$5f39f8b646aa95582e6f088ce64c0e154e784a4a\picorv32.\decoded_imm' using process `$paramod$5f39f8b646aa95582e6f088ce64c0e154e784a4a\picorv32.$proc$picorv32.v:858$1354'.
  created $dff cell `$procdff$15506' with positive edge clock.
Creating register for signal `$paramod$5f39f8b646aa95582e6f088ce64c0e154e784a4a\picorv32.\decoded_imm_j' using process `$paramod$5f39f8b646aa95582e6f088ce64c0e154e784a4a\picorv32.$proc$picorv32.v:858$1354'.
  created $dff cell `$procdff$15507' with positive edge clock.
Creating register for signal `$paramod$5f39f8b646aa95582e6f088ce64c0e154e784a4a\picorv32.\compressed_instr' using process `$paramod$5f39f8b646aa95582e6f088ce64c0e154e784a4a\picorv32.$proc$picorv32.v:858$1354'.
  created $dff cell `$procdff$15508' with positive edge clock.
Creating register for signal `$paramod$5f39f8b646aa95582e6f088ce64c0e154e784a4a\picorv32.\is_lui_auipc_jal' using process `$paramod$5f39f8b646aa95582e6f088ce64c0e154e784a4a\picorv32.$proc$picorv32.v:858$1354'.
  created $dff cell `$procdff$15509' with positive edge clock.
Creating register for signal `$paramod$5f39f8b646aa95582e6f088ce64c0e154e784a4a\picorv32.\is_lb_lh_lw_lbu_lhu' using process `$paramod$5f39f8b646aa95582e6f088ce64c0e154e784a4a\picorv32.$proc$picorv32.v:858$1354'.
  created $dff cell `$procdff$15510' with positive edge clock.
Creating register for signal `$paramod$5f39f8b646aa95582e6f088ce64c0e154e784a4a\picorv32.\is_slli_srli_srai' using process `$paramod$5f39f8b646aa95582e6f088ce64c0e154e784a4a\picorv32.$proc$picorv32.v:858$1354'.
  created $dff cell `$procdff$15511' with positive edge clock.
Creating register for signal `$paramod$5f39f8b646aa95582e6f088ce64c0e154e784a4a\picorv32.\is_jalr_addi_slti_sltiu_xori_ori_andi' using process `$paramod$5f39f8b646aa95582e6f088ce64c0e154e784a4a\picorv32.$proc$picorv32.v:858$1354'.
  created $dff cell `$procdff$15512' with positive edge clock.
Creating register for signal `$paramod$5f39f8b646aa95582e6f088ce64c0e154e784a4a\picorv32.\is_sb_sh_sw' using process `$paramod$5f39f8b646aa95582e6f088ce64c0e154e784a4a\picorv32.$proc$picorv32.v:858$1354'.
  created $dff cell `$procdff$15513' with positive edge clock.
Creating register for signal `$paramod$5f39f8b646aa95582e6f088ce64c0e154e784a4a\picorv32.\is_sll_srl_sra' using process `$paramod$5f39f8b646aa95582e6f088ce64c0e154e784a4a\picorv32.$proc$picorv32.v:858$1354'.
  created $dff cell `$procdff$15514' with positive edge clock.
Creating register for signal `$paramod$5f39f8b646aa95582e6f088ce64c0e154e784a4a\picorv32.\is_lui_auipc_jal_jalr_addi_add_sub' using process `$paramod$5f39f8b646aa95582e6f088ce64c0e154e784a4a\picorv32.$proc$picorv32.v:858$1354'.
  created $dff cell `$procdff$15515' with positive edge clock.
Creating register for signal `$paramod$5f39f8b646aa95582e6f088ce64c0e154e784a4a\picorv32.\is_slti_blt_slt' using process `$paramod$5f39f8b646aa95582e6f088ce64c0e154e784a4a\picorv32.$proc$picorv32.v:858$1354'.
  created $dff cell `$procdff$15516' with positive edge clock.
Creating register for signal `$paramod$5f39f8b646aa95582e6f088ce64c0e154e784a4a\picorv32.\is_sltiu_bltu_sltu' using process `$paramod$5f39f8b646aa95582e6f088ce64c0e154e784a4a\picorv32.$proc$picorv32.v:858$1354'.
  created $dff cell `$procdff$15517' with positive edge clock.
Creating register for signal `$paramod$5f39f8b646aa95582e6f088ce64c0e154e784a4a\picorv32.\is_beq_bne_blt_bge_bltu_bgeu' using process `$paramod$5f39f8b646aa95582e6f088ce64c0e154e784a4a\picorv32.$proc$picorv32.v:858$1354'.
  created $dff cell `$procdff$15518' with positive edge clock.
Creating register for signal `$paramod$5f39f8b646aa95582e6f088ce64c0e154e784a4a\picorv32.\is_lbu_lhu_lw' using process `$paramod$5f39f8b646aa95582e6f088ce64c0e154e784a4a\picorv32.$proc$picorv32.v:858$1354'.
  created $dff cell `$procdff$15519' with positive edge clock.
Creating register for signal `$paramod$5f39f8b646aa95582e6f088ce64c0e154e784a4a\picorv32.\is_alu_reg_imm' using process `$paramod$5f39f8b646aa95582e6f088ce64c0e154e784a4a\picorv32.$proc$picorv32.v:858$1354'.
  created $dff cell `$procdff$15520' with positive edge clock.
Creating register for signal `$paramod$5f39f8b646aa95582e6f088ce64c0e154e784a4a\picorv32.\is_alu_reg_reg' using process `$paramod$5f39f8b646aa95582e6f088ce64c0e154e784a4a\picorv32.$proc$picorv32.v:858$1354'.
  created $dff cell `$procdff$15521' with positive edge clock.
Creating register for signal `$paramod$5f39f8b646aa95582e6f088ce64c0e154e784a4a\picorv32.\is_compare' using process `$paramod$5f39f8b646aa95582e6f088ce64c0e154e784a4a\picorv32.$proc$picorv32.v:858$1354'.
  created $dff cell `$procdff$15522' with positive edge clock.
Creating register for signal `$paramod$5f39f8b646aa95582e6f088ce64c0e154e784a4a\picorv32.\dbg_insn_addr' using process `$paramod$5f39f8b646aa95582e6f088ce64c0e154e784a4a\picorv32.$proc$picorv32.v:778$1348'.
  created $dff cell `$procdff$15523' with positive edge clock.
Creating register for signal `$paramod$5f39f8b646aa95582e6f088ce64c0e154e784a4a\picorv32.\q_ascii_instr' using process `$paramod$5f39f8b646aa95582e6f088ce64c0e154e784a4a\picorv32.$proc$picorv32.v:778$1348'.
  created $dff cell `$procdff$15524' with positive edge clock.
Creating register for signal `$paramod$5f39f8b646aa95582e6f088ce64c0e154e784a4a\picorv32.\q_insn_imm' using process `$paramod$5f39f8b646aa95582e6f088ce64c0e154e784a4a\picorv32.$proc$picorv32.v:778$1348'.
  created $dff cell `$procdff$15525' with positive edge clock.
Creating register for signal `$paramod$5f39f8b646aa95582e6f088ce64c0e154e784a4a\picorv32.\q_insn_opcode' using process `$paramod$5f39f8b646aa95582e6f088ce64c0e154e784a4a\picorv32.$proc$picorv32.v:778$1348'.
  created $dff cell `$procdff$15526' with positive edge clock.
Creating register for signal `$paramod$5f39f8b646aa95582e6f088ce64c0e154e784a4a\picorv32.\q_insn_rs1' using process `$paramod$5f39f8b646aa95582e6f088ce64c0e154e784a4a\picorv32.$proc$picorv32.v:778$1348'.
  created $dff cell `$procdff$15527' with positive edge clock.
Creating register for signal `$paramod$5f39f8b646aa95582e6f088ce64c0e154e784a4a\picorv32.\q_insn_rs2' using process `$paramod$5f39f8b646aa95582e6f088ce64c0e154e784a4a\picorv32.$proc$picorv32.v:778$1348'.
  created $dff cell `$procdff$15528' with positive edge clock.
Creating register for signal `$paramod$5f39f8b646aa95582e6f088ce64c0e154e784a4a\picorv32.\q_insn_rd' using process `$paramod$5f39f8b646aa95582e6f088ce64c0e154e784a4a\picorv32.$proc$picorv32.v:778$1348'.
  created $dff cell `$procdff$15529' with positive edge clock.
Creating register for signal `$paramod$5f39f8b646aa95582e6f088ce64c0e154e784a4a\picorv32.\dbg_next' using process `$paramod$5f39f8b646aa95582e6f088ce64c0e154e784a4a\picorv32.$proc$picorv32.v:778$1348'.
  created $dff cell `$procdff$15530' with positive edge clock.
Creating register for signal `$paramod$5f39f8b646aa95582e6f088ce64c0e154e784a4a\picorv32.\dbg_valid_insn' using process `$paramod$5f39f8b646aa95582e6f088ce64c0e154e784a4a\picorv32.$proc$picorv32.v:778$1348'.
  created $dff cell `$procdff$15531' with positive edge clock.
Creating register for signal `$paramod$5f39f8b646aa95582e6f088ce64c0e154e784a4a\picorv32.\cached_ascii_instr' using process `$paramod$5f39f8b646aa95582e6f088ce64c0e154e784a4a\picorv32.$proc$picorv32.v:778$1348'.
  created $dff cell `$procdff$15532' with positive edge clock.
Creating register for signal `$paramod$5f39f8b646aa95582e6f088ce64c0e154e784a4a\picorv32.\cached_insn_imm' using process `$paramod$5f39f8b646aa95582e6f088ce64c0e154e784a4a\picorv32.$proc$picorv32.v:778$1348'.
  created $dff cell `$procdff$15533' with positive edge clock.
Creating register for signal `$paramod$5f39f8b646aa95582e6f088ce64c0e154e784a4a\picorv32.\cached_insn_opcode' using process `$paramod$5f39f8b646aa95582e6f088ce64c0e154e784a4a\picorv32.$proc$picorv32.v:778$1348'.
  created $dff cell `$procdff$15534' with positive edge clock.
Creating register for signal `$paramod$5f39f8b646aa95582e6f088ce64c0e154e784a4a\picorv32.\cached_insn_rs1' using process `$paramod$5f39f8b646aa95582e6f088ce64c0e154e784a4a\picorv32.$proc$picorv32.v:778$1348'.
  created $dff cell `$procdff$15535' with positive edge clock.
Creating register for signal `$paramod$5f39f8b646aa95582e6f088ce64c0e154e784a4a\picorv32.\cached_insn_rs2' using process `$paramod$5f39f8b646aa95582e6f088ce64c0e154e784a4a\picorv32.$proc$picorv32.v:778$1348'.
  created $dff cell `$procdff$15536' with positive edge clock.
Creating register for signal `$paramod$5f39f8b646aa95582e6f088ce64c0e154e784a4a\picorv32.\cached_insn_rd' using process `$paramod$5f39f8b646aa95582e6f088ce64c0e154e784a4a\picorv32.$proc$picorv32.v:778$1348'.
  created $dff cell `$procdff$15537' with positive edge clock.
Creating register for signal `$paramod$5f39f8b646aa95582e6f088ce64c0e154e784a4a\picorv32.\mem_valid' using process `$paramod$5f39f8b646aa95582e6f088ce64c0e154e784a4a\picorv32.$proc$picorv32.v:565$1323'.
  created $dff cell `$procdff$15538' with positive edge clock.
Creating register for signal `$paramod$5f39f8b646aa95582e6f088ce64c0e154e784a4a\picorv32.\mem_instr' using process `$paramod$5f39f8b646aa95582e6f088ce64c0e154e784a4a\picorv32.$proc$picorv32.v:565$1323'.
  created $dff cell `$procdff$15539' with positive edge clock.
Creating register for signal `$paramod$5f39f8b646aa95582e6f088ce64c0e154e784a4a\picorv32.\mem_addr' using process `$paramod$5f39f8b646aa95582e6f088ce64c0e154e784a4a\picorv32.$proc$picorv32.v:565$1323'.
  created $dff cell `$procdff$15540' with positive edge clock.
Creating register for signal `$paramod$5f39f8b646aa95582e6f088ce64c0e154e784a4a\picorv32.\mem_wdata' using process `$paramod$5f39f8b646aa95582e6f088ce64c0e154e784a4a\picorv32.$proc$picorv32.v:565$1323'.
  created $dff cell `$procdff$15541' with positive edge clock.
Creating register for signal `$paramod$5f39f8b646aa95582e6f088ce64c0e154e784a4a\picorv32.\mem_wstrb' using process `$paramod$5f39f8b646aa95582e6f088ce64c0e154e784a4a\picorv32.$proc$picorv32.v:565$1323'.
  created $dff cell `$procdff$15542' with positive edge clock.
Creating register for signal `$paramod$5f39f8b646aa95582e6f088ce64c0e154e784a4a\picorv32.\mem_state' using process `$paramod$5f39f8b646aa95582e6f088ce64c0e154e784a4a\picorv32.$proc$picorv32.v:565$1323'.
  created $dff cell `$procdff$15543' with positive edge clock.
Creating register for signal `$paramod$5f39f8b646aa95582e6f088ce64c0e154e784a4a\picorv32.\mem_la_secondword' using process `$paramod$5f39f8b646aa95582e6f088ce64c0e154e784a4a\picorv32.$proc$picorv32.v:565$1323'.
  created $dff cell `$procdff$15544' with positive edge clock.
Creating register for signal `$paramod$5f39f8b646aa95582e6f088ce64c0e154e784a4a\picorv32.\prefetched_high_word' using process `$paramod$5f39f8b646aa95582e6f088ce64c0e154e784a4a\picorv32.$proc$picorv32.v:565$1323'.
  created $dff cell `$procdff$15545' with positive edge clock.
Creating register for signal `$paramod$5f39f8b646aa95582e6f088ce64c0e154e784a4a\picorv32.\mem_16bit_buffer' using process `$paramod$5f39f8b646aa95582e6f088ce64c0e154e784a4a\picorv32.$proc$picorv32.v:565$1323'.
  created $dff cell `$procdff$15546' with positive edge clock.
Creating register for signal `$paramod$5f39f8b646aa95582e6f088ce64c0e154e784a4a\picorv32.\next_insn_opcode' using process `$paramod$5f39f8b646aa95582e6f088ce64c0e154e784a4a\picorv32.$proc$picorv32.v:430$1285'.
  created $dff cell `$procdff$15547' with positive edge clock.
Creating register for signal `$paramod$5f39f8b646aa95582e6f088ce64c0e154e784a4a\picorv32.\mem_rdata_q' using process `$paramod$5f39f8b646aa95582e6f088ce64c0e154e784a4a\picorv32.$proc$picorv32.v:430$1285'.
  created $dff cell `$procdff$15548' with positive edge clock.
Creating register for signal `$paramod$5f39f8b646aa95582e6f088ce64c0e154e784a4a\picorv32.\mem_la_firstword_reg' using process `$paramod$5f39f8b646aa95582e6f088ce64c0e154e784a4a\picorv32.$proc$picorv32.v:390$1277'.
  created $dff cell `$procdff$15549' with positive edge clock.
Creating register for signal `$paramod$5f39f8b646aa95582e6f088ce64c0e154e784a4a\picorv32.\last_mem_valid' using process `$paramod$5f39f8b646aa95582e6f088ce64c0e154e784a4a\picorv32.$proc$picorv32.v:390$1277'.
  created $dff cell `$procdff$15550' with positive edge clock.
Creating register for signal `$paramod$edcaa0cfb453980d1e33a3c938c1a32918b9f1d7\rom.\r_valid_r' using process `$paramod$edcaa0cfb453980d1e33a3c938c1a32918b9f1d7\rom.$proc$rom.v:113$1185'.
  created $adff cell `$procdff$15553' with positive edge clock and positive level reset.
Creating register for signal `$paramod$edcaa0cfb453980d1e33a3c938c1a32918b9f1d7\rom.\r_data_r' using process `$paramod$edcaa0cfb453980d1e33a3c938c1a32918b9f1d7\rom.$proc$rom.v:113$1185'.
  created $adff cell `$procdff$15556' with positive edge clock and positive level reset.
Creating register for signal `$paramod$edcaa0cfb453980d1e33a3c938c1a32918b9f1d7\rom.\b_vld' using process `$paramod$edcaa0cfb453980d1e33a3c938c1a32918b9f1d7\rom.$proc$rom.v:68$1175'.
  created $adff cell `$procdff$15559' with positive edge clock and positive level reset.
Creating register for signal `$paramod$edcaa0cfb453980d1e33a3c938c1a32918b9f1d7\rom.\aw_pend' using process `$paramod$edcaa0cfb453980d1e33a3c938c1a32918b9f1d7\rom.$proc$rom.v:68$1175'.
  created $adff cell `$procdff$15562' with positive edge clock and positive level reset.
Creating register for signal `$paramod$edcaa0cfb453980d1e33a3c938c1a32918b9f1d7\rom.\w_pend' using process `$paramod$edcaa0cfb453980d1e33a3c938c1a32918b9f1d7\rom.$proc$rom.v:68$1175'.
  created $adff cell `$procdff$15565' with positive edge clock and positive level reset.
Creating register for signal `$paramod\sram\MEM_DEPTH=s32'00000000000000000000000001000000.\r_valid_r' using process `$paramod\sram\MEM_DEPTH=s32'00000000000000000000000001000000.$proc$sram.v:130$1162'.
  created $adff cell `$procdff$15568' with positive edge clock and positive level reset.
Creating register for signal `$paramod\sram\MEM_DEPTH=s32'00000000000000000000000001000000.\r_data_r' using process `$paramod\sram\MEM_DEPTH=s32'00000000000000000000000001000000.$proc$sram.v:130$1162'.
  created $adff cell `$procdff$15571' with positive edge clock and positive level reset.
Creating register for signal `$paramod\sram\MEM_DEPTH=s32'00000000000000000000000001000000.\b_vld' using process `$paramod\sram\MEM_DEPTH=s32'00000000000000000000000001000000.$proc$sram.v:84$1120'.
  created $adff cell `$procdff$15574' with positive edge clock and positive level reset.
Creating register for signal `$paramod\sram\MEM_DEPTH=s32'00000000000000000000000001000000.\aw_pend' using process `$paramod\sram\MEM_DEPTH=s32'00000000000000000000000001000000.$proc$sram.v:84$1120'.
  created $adff cell `$procdff$15577' with positive edge clock and positive level reset.
Creating register for signal `$paramod\sram\MEM_DEPTH=s32'00000000000000000000000001000000.\w_pend' using process `$paramod\sram\MEM_DEPTH=s32'00000000000000000000000001000000.$proc$sram.v:84$1120'.
  created $adff cell `$procdff$15580' with positive edge clock and positive level reset.
Creating register for signal `$paramod\sram\MEM_DEPTH=s32'00000000000000000000000001000000.\aw_addr_r' using process `$paramod\sram\MEM_DEPTH=s32'00000000000000000000000001000000.$proc$sram.v:84$1120'.
  created $adff cell `$procdff$15583' with positive edge clock and positive level reset.
Creating register for signal `$paramod\sram\MEM_DEPTH=s32'00000000000000000000000001000000.\w_data_r' using process `$paramod\sram\MEM_DEPTH=s32'00000000000000000000000001000000.$proc$sram.v:84$1120'.
  created $adff cell `$procdff$15586' with positive edge clock and positive level reset.
Creating register for signal `$paramod\sram\MEM_DEPTH=s32'00000000000000000000000001000000.\w_strb_r' using process `$paramod\sram\MEM_DEPTH=s32'00000000000000000000000001000000.$proc$sram.v:84$1120'.
  created $adff cell `$procdff$15589' with positive edge clock and positive level reset.
Creating register for signal `$paramod\sram\MEM_DEPTH=s32'00000000000000000000000001000000.\mem[0]' using process `$paramod\sram\MEM_DEPTH=s32'00000000000000000000000001000000.$proc$sram.v:84$1120'.
  created $dff cell `$procdff$15594' with positive edge clock.
Creating register for signal `$paramod\sram\MEM_DEPTH=s32'00000000000000000000000001000000.\mem[1]' using process `$paramod\sram\MEM_DEPTH=s32'00000000000000000000000001000000.$proc$sram.v:84$1120'.
  created $dff cell `$procdff$15599' with positive edge clock.
Creating register for signal `$paramod\sram\MEM_DEPTH=s32'00000000000000000000000001000000.\mem[2]' using process `$paramod\sram\MEM_DEPTH=s32'00000000000000000000000001000000.$proc$sram.v:84$1120'.
  created $dff cell `$procdff$15604' with positive edge clock.
Creating register for signal `$paramod\sram\MEM_DEPTH=s32'00000000000000000000000001000000.\mem[3]' using process `$paramod\sram\MEM_DEPTH=s32'00000000000000000000000001000000.$proc$sram.v:84$1120'.
  created $dff cell `$procdff$15609' with positive edge clock.
Creating register for signal `$paramod\sram\MEM_DEPTH=s32'00000000000000000000000001000000.\mem[4]' using process `$paramod\sram\MEM_DEPTH=s32'00000000000000000000000001000000.$proc$sram.v:84$1120'.
  created $dff cell `$procdff$15614' with positive edge clock.
Creating register for signal `$paramod\sram\MEM_DEPTH=s32'00000000000000000000000001000000.\mem[5]' using process `$paramod\sram\MEM_DEPTH=s32'00000000000000000000000001000000.$proc$sram.v:84$1120'.
  created $dff cell `$procdff$15619' with positive edge clock.
Creating register for signal `$paramod\sram\MEM_DEPTH=s32'00000000000000000000000001000000.\mem[6]' using process `$paramod\sram\MEM_DEPTH=s32'00000000000000000000000001000000.$proc$sram.v:84$1120'.
  created $dff cell `$procdff$15624' with positive edge clock.
Creating register for signal `$paramod\sram\MEM_DEPTH=s32'00000000000000000000000001000000.\mem[7]' using process `$paramod\sram\MEM_DEPTH=s32'00000000000000000000000001000000.$proc$sram.v:84$1120'.
  created $dff cell `$procdff$15629' with positive edge clock.
Creating register for signal `$paramod\sram\MEM_DEPTH=s32'00000000000000000000000001000000.\mem[8]' using process `$paramod\sram\MEM_DEPTH=s32'00000000000000000000000001000000.$proc$sram.v:84$1120'.
  created $dff cell `$procdff$15634' with positive edge clock.
Creating register for signal `$paramod\sram\MEM_DEPTH=s32'00000000000000000000000001000000.\mem[9]' using process `$paramod\sram\MEM_DEPTH=s32'00000000000000000000000001000000.$proc$sram.v:84$1120'.
  created $dff cell `$procdff$15639' with positive edge clock.
Creating register for signal `$paramod\sram\MEM_DEPTH=s32'00000000000000000000000001000000.\mem[10]' using process `$paramod\sram\MEM_DEPTH=s32'00000000000000000000000001000000.$proc$sram.v:84$1120'.
  created $dff cell `$procdff$15644' with positive edge clock.
Creating register for signal `$paramod\sram\MEM_DEPTH=s32'00000000000000000000000001000000.\mem[11]' using process `$paramod\sram\MEM_DEPTH=s32'00000000000000000000000001000000.$proc$sram.v:84$1120'.
  created $dff cell `$procdff$15649' with positive edge clock.
Creating register for signal `$paramod\sram\MEM_DEPTH=s32'00000000000000000000000001000000.\mem[12]' using process `$paramod\sram\MEM_DEPTH=s32'00000000000000000000000001000000.$proc$sram.v:84$1120'.
  created $dff cell `$procdff$15654' with positive edge clock.
Creating register for signal `$paramod\sram\MEM_DEPTH=s32'00000000000000000000000001000000.\mem[13]' using process `$paramod\sram\MEM_DEPTH=s32'00000000000000000000000001000000.$proc$sram.v:84$1120'.
  created $dff cell `$procdff$15659' with positive edge clock.
Creating register for signal `$paramod\sram\MEM_DEPTH=s32'00000000000000000000000001000000.\mem[14]' using process `$paramod\sram\MEM_DEPTH=s32'00000000000000000000000001000000.$proc$sram.v:84$1120'.
  created $dff cell `$procdff$15664' with positive edge clock.
Creating register for signal `$paramod\sram\MEM_DEPTH=s32'00000000000000000000000001000000.\mem[15]' using process `$paramod\sram\MEM_DEPTH=s32'00000000000000000000000001000000.$proc$sram.v:84$1120'.
  created $dff cell `$procdff$15669' with positive edge clock.
Creating register for signal `$paramod\sram\MEM_DEPTH=s32'00000000000000000000000001000000.\mem[16]' using process `$paramod\sram\MEM_DEPTH=s32'00000000000000000000000001000000.$proc$sram.v:84$1120'.
  created $dff cell `$procdff$15674' with positive edge clock.
Creating register for signal `$paramod\sram\MEM_DEPTH=s32'00000000000000000000000001000000.\mem[17]' using process `$paramod\sram\MEM_DEPTH=s32'00000000000000000000000001000000.$proc$sram.v:84$1120'.
  created $dff cell `$procdff$15679' with positive edge clock.
Creating register for signal `$paramod\sram\MEM_DEPTH=s32'00000000000000000000000001000000.\mem[18]' using process `$paramod\sram\MEM_DEPTH=s32'00000000000000000000000001000000.$proc$sram.v:84$1120'.
  created $dff cell `$procdff$15684' with positive edge clock.
Creating register for signal `$paramod\sram\MEM_DEPTH=s32'00000000000000000000000001000000.\mem[19]' using process `$paramod\sram\MEM_DEPTH=s32'00000000000000000000000001000000.$proc$sram.v:84$1120'.
  created $dff cell `$procdff$15689' with positive edge clock.
Creating register for signal `$paramod\sram\MEM_DEPTH=s32'00000000000000000000000001000000.\mem[20]' using process `$paramod\sram\MEM_DEPTH=s32'00000000000000000000000001000000.$proc$sram.v:84$1120'.
  created $dff cell `$procdff$15694' with positive edge clock.
Creating register for signal `$paramod\sram\MEM_DEPTH=s32'00000000000000000000000001000000.\mem[21]' using process `$paramod\sram\MEM_DEPTH=s32'00000000000000000000000001000000.$proc$sram.v:84$1120'.
  created $dff cell `$procdff$15699' with positive edge clock.
Creating register for signal `$paramod\sram\MEM_DEPTH=s32'00000000000000000000000001000000.\mem[22]' using process `$paramod\sram\MEM_DEPTH=s32'00000000000000000000000001000000.$proc$sram.v:84$1120'.
  created $dff cell `$procdff$15704' with positive edge clock.
Creating register for signal `$paramod\sram\MEM_DEPTH=s32'00000000000000000000000001000000.\mem[23]' using process `$paramod\sram\MEM_DEPTH=s32'00000000000000000000000001000000.$proc$sram.v:84$1120'.
  created $dff cell `$procdff$15709' with positive edge clock.
Creating register for signal `$paramod\sram\MEM_DEPTH=s32'00000000000000000000000001000000.\mem[24]' using process `$paramod\sram\MEM_DEPTH=s32'00000000000000000000000001000000.$proc$sram.v:84$1120'.
  created $dff cell `$procdff$15714' with positive edge clock.
Creating register for signal `$paramod\sram\MEM_DEPTH=s32'00000000000000000000000001000000.\mem[25]' using process `$paramod\sram\MEM_DEPTH=s32'00000000000000000000000001000000.$proc$sram.v:84$1120'.
  created $dff cell `$procdff$15719' with positive edge clock.
Creating register for signal `$paramod\sram\MEM_DEPTH=s32'00000000000000000000000001000000.\mem[26]' using process `$paramod\sram\MEM_DEPTH=s32'00000000000000000000000001000000.$proc$sram.v:84$1120'.
  created $dff cell `$procdff$15724' with positive edge clock.
Creating register for signal `$paramod\sram\MEM_DEPTH=s32'00000000000000000000000001000000.\mem[27]' using process `$paramod\sram\MEM_DEPTH=s32'00000000000000000000000001000000.$proc$sram.v:84$1120'.
  created $dff cell `$procdff$15729' with positive edge clock.
Creating register for signal `$paramod\sram\MEM_DEPTH=s32'00000000000000000000000001000000.\mem[28]' using process `$paramod\sram\MEM_DEPTH=s32'00000000000000000000000001000000.$proc$sram.v:84$1120'.
  created $dff cell `$procdff$15734' with positive edge clock.
Creating register for signal `$paramod\sram\MEM_DEPTH=s32'00000000000000000000000001000000.\mem[29]' using process `$paramod\sram\MEM_DEPTH=s32'00000000000000000000000001000000.$proc$sram.v:84$1120'.
  created $dff cell `$procdff$15739' with positive edge clock.
Creating register for signal `$paramod\sram\MEM_DEPTH=s32'00000000000000000000000001000000.\mem[30]' using process `$paramod\sram\MEM_DEPTH=s32'00000000000000000000000001000000.$proc$sram.v:84$1120'.
  created $dff cell `$procdff$15744' with positive edge clock.
Creating register for signal `$paramod\sram\MEM_DEPTH=s32'00000000000000000000000001000000.\mem[31]' using process `$paramod\sram\MEM_DEPTH=s32'00000000000000000000000001000000.$proc$sram.v:84$1120'.
  created $dff cell `$procdff$15749' with positive edge clock.
Creating register for signal `$paramod\sram\MEM_DEPTH=s32'00000000000000000000000001000000.\mem[32]' using process `$paramod\sram\MEM_DEPTH=s32'00000000000000000000000001000000.$proc$sram.v:84$1120'.
  created $dff cell `$procdff$15754' with positive edge clock.
Creating register for signal `$paramod\sram\MEM_DEPTH=s32'00000000000000000000000001000000.\mem[33]' using process `$paramod\sram\MEM_DEPTH=s32'00000000000000000000000001000000.$proc$sram.v:84$1120'.
  created $dff cell `$procdff$15759' with positive edge clock.
Creating register for signal `$paramod\sram\MEM_DEPTH=s32'00000000000000000000000001000000.\mem[34]' using process `$paramod\sram\MEM_DEPTH=s32'00000000000000000000000001000000.$proc$sram.v:84$1120'.
  created $dff cell `$procdff$15764' with positive edge clock.
Creating register for signal `$paramod\sram\MEM_DEPTH=s32'00000000000000000000000001000000.\mem[35]' using process `$paramod\sram\MEM_DEPTH=s32'00000000000000000000000001000000.$proc$sram.v:84$1120'.
  created $dff cell `$procdff$15769' with positive edge clock.
Creating register for signal `$paramod\sram\MEM_DEPTH=s32'00000000000000000000000001000000.\mem[36]' using process `$paramod\sram\MEM_DEPTH=s32'00000000000000000000000001000000.$proc$sram.v:84$1120'.
  created $dff cell `$procdff$15774' with positive edge clock.
Creating register for signal `$paramod\sram\MEM_DEPTH=s32'00000000000000000000000001000000.\mem[37]' using process `$paramod\sram\MEM_DEPTH=s32'00000000000000000000000001000000.$proc$sram.v:84$1120'.
  created $dff cell `$procdff$15779' with positive edge clock.
Creating register for signal `$paramod\sram\MEM_DEPTH=s32'00000000000000000000000001000000.\mem[38]' using process `$paramod\sram\MEM_DEPTH=s32'00000000000000000000000001000000.$proc$sram.v:84$1120'.
  created $dff cell `$procdff$15784' with positive edge clock.
Creating register for signal `$paramod\sram\MEM_DEPTH=s32'00000000000000000000000001000000.\mem[39]' using process `$paramod\sram\MEM_DEPTH=s32'00000000000000000000000001000000.$proc$sram.v:84$1120'.
  created $dff cell `$procdff$15789' with positive edge clock.
Creating register for signal `$paramod\sram\MEM_DEPTH=s32'00000000000000000000000001000000.\mem[40]' using process `$paramod\sram\MEM_DEPTH=s32'00000000000000000000000001000000.$proc$sram.v:84$1120'.
  created $dff cell `$procdff$15794' with positive edge clock.
Creating register for signal `$paramod\sram\MEM_DEPTH=s32'00000000000000000000000001000000.\mem[41]' using process `$paramod\sram\MEM_DEPTH=s32'00000000000000000000000001000000.$proc$sram.v:84$1120'.
  created $dff cell `$procdff$15799' with positive edge clock.
Creating register for signal `$paramod\sram\MEM_DEPTH=s32'00000000000000000000000001000000.\mem[42]' using process `$paramod\sram\MEM_DEPTH=s32'00000000000000000000000001000000.$proc$sram.v:84$1120'.
  created $dff cell `$procdff$15804' with positive edge clock.
Creating register for signal `$paramod\sram\MEM_DEPTH=s32'00000000000000000000000001000000.\mem[43]' using process `$paramod\sram\MEM_DEPTH=s32'00000000000000000000000001000000.$proc$sram.v:84$1120'.
  created $dff cell `$procdff$15809' with positive edge clock.
Creating register for signal `$paramod\sram\MEM_DEPTH=s32'00000000000000000000000001000000.\mem[44]' using process `$paramod\sram\MEM_DEPTH=s32'00000000000000000000000001000000.$proc$sram.v:84$1120'.
  created $dff cell `$procdff$15814' with positive edge clock.
Creating register for signal `$paramod\sram\MEM_DEPTH=s32'00000000000000000000000001000000.\mem[45]' using process `$paramod\sram\MEM_DEPTH=s32'00000000000000000000000001000000.$proc$sram.v:84$1120'.
  created $dff cell `$procdff$15819' with positive edge clock.
Creating register for signal `$paramod\sram\MEM_DEPTH=s32'00000000000000000000000001000000.\mem[46]' using process `$paramod\sram\MEM_DEPTH=s32'00000000000000000000000001000000.$proc$sram.v:84$1120'.
  created $dff cell `$procdff$15824' with positive edge clock.
Creating register for signal `$paramod\sram\MEM_DEPTH=s32'00000000000000000000000001000000.\mem[47]' using process `$paramod\sram\MEM_DEPTH=s32'00000000000000000000000001000000.$proc$sram.v:84$1120'.
  created $dff cell `$procdff$15829' with positive edge clock.
Creating register for signal `$paramod\sram\MEM_DEPTH=s32'00000000000000000000000001000000.\mem[48]' using process `$paramod\sram\MEM_DEPTH=s32'00000000000000000000000001000000.$proc$sram.v:84$1120'.
  created $dff cell `$procdff$15834' with positive edge clock.
Creating register for signal `$paramod\sram\MEM_DEPTH=s32'00000000000000000000000001000000.\mem[49]' using process `$paramod\sram\MEM_DEPTH=s32'00000000000000000000000001000000.$proc$sram.v:84$1120'.
  created $dff cell `$procdff$15839' with positive edge clock.
Creating register for signal `$paramod\sram\MEM_DEPTH=s32'00000000000000000000000001000000.\mem[50]' using process `$paramod\sram\MEM_DEPTH=s32'00000000000000000000000001000000.$proc$sram.v:84$1120'.
  created $dff cell `$procdff$15844' with positive edge clock.
Creating register for signal `$paramod\sram\MEM_DEPTH=s32'00000000000000000000000001000000.\mem[51]' using process `$paramod\sram\MEM_DEPTH=s32'00000000000000000000000001000000.$proc$sram.v:84$1120'.
  created $dff cell `$procdff$15849' with positive edge clock.
Creating register for signal `$paramod\sram\MEM_DEPTH=s32'00000000000000000000000001000000.\mem[52]' using process `$paramod\sram\MEM_DEPTH=s32'00000000000000000000000001000000.$proc$sram.v:84$1120'.
  created $dff cell `$procdff$15854' with positive edge clock.
Creating register for signal `$paramod\sram\MEM_DEPTH=s32'00000000000000000000000001000000.\mem[53]' using process `$paramod\sram\MEM_DEPTH=s32'00000000000000000000000001000000.$proc$sram.v:84$1120'.
  created $dff cell `$procdff$15859' with positive edge clock.
Creating register for signal `$paramod\sram\MEM_DEPTH=s32'00000000000000000000000001000000.\mem[54]' using process `$paramod\sram\MEM_DEPTH=s32'00000000000000000000000001000000.$proc$sram.v:84$1120'.
  created $dff cell `$procdff$15864' with positive edge clock.
Creating register for signal `$paramod\sram\MEM_DEPTH=s32'00000000000000000000000001000000.\mem[55]' using process `$paramod\sram\MEM_DEPTH=s32'00000000000000000000000001000000.$proc$sram.v:84$1120'.
  created $dff cell `$procdff$15869' with positive edge clock.
Creating register for signal `$paramod\sram\MEM_DEPTH=s32'00000000000000000000000001000000.\mem[56]' using process `$paramod\sram\MEM_DEPTH=s32'00000000000000000000000001000000.$proc$sram.v:84$1120'.
  created $dff cell `$procdff$15874' with positive edge clock.
Creating register for signal `$paramod\sram\MEM_DEPTH=s32'00000000000000000000000001000000.\mem[57]' using process `$paramod\sram\MEM_DEPTH=s32'00000000000000000000000001000000.$proc$sram.v:84$1120'.
  created $dff cell `$procdff$15879' with positive edge clock.
Creating register for signal `$paramod\sram\MEM_DEPTH=s32'00000000000000000000000001000000.\mem[58]' using process `$paramod\sram\MEM_DEPTH=s32'00000000000000000000000001000000.$proc$sram.v:84$1120'.
  created $dff cell `$procdff$15884' with positive edge clock.
Creating register for signal `$paramod\sram\MEM_DEPTH=s32'00000000000000000000000001000000.\mem[59]' using process `$paramod\sram\MEM_DEPTH=s32'00000000000000000000000001000000.$proc$sram.v:84$1120'.
  created $dff cell `$procdff$15889' with positive edge clock.
Creating register for signal `$paramod\sram\MEM_DEPTH=s32'00000000000000000000000001000000.\mem[60]' using process `$paramod\sram\MEM_DEPTH=s32'00000000000000000000000001000000.$proc$sram.v:84$1120'.
  created $dff cell `$procdff$15894' with positive edge clock.
Creating register for signal `$paramod\sram\MEM_DEPTH=s32'00000000000000000000000001000000.\mem[61]' using process `$paramod\sram\MEM_DEPTH=s32'00000000000000000000000001000000.$proc$sram.v:84$1120'.
  created $dff cell `$procdff$15899' with positive edge clock.
Creating register for signal `$paramod\sram\MEM_DEPTH=s32'00000000000000000000000001000000.\mem[62]' using process `$paramod\sram\MEM_DEPTH=s32'00000000000000000000000001000000.$proc$sram.v:84$1120'.
  created $dff cell `$procdff$15904' with positive edge clock.
Creating register for signal `$paramod\sram\MEM_DEPTH=s32'00000000000000000000000001000000.\mem[63]' using process `$paramod\sram\MEM_DEPTH=s32'00000000000000000000000001000000.$proc$sram.v:84$1120'.
  created $dff cell `$procdff$15909' with positive edge clock.
Creating register for signal `\top.\m_axi_awaddr' using process `\top.$proc$top.v:138$2'.
  created $adff cell `$procdff$15912' with positive edge clock and positive level reset.
Creating register for signal `\top.\m_axi_awvalid' using process `\top.$proc$top.v:138$2'.
  created $adff cell `$procdff$15915' with positive edge clock and positive level reset.
Creating register for signal `\top.\m_axi_wdata' using process `\top.$proc$top.v:138$2'.
  created $adff cell `$procdff$15918' with positive edge clock and positive level reset.
Creating register for signal `\top.\m_axi_wstrb_r' using process `\top.$proc$top.v:138$2'.
  created $adff cell `$procdff$15921' with positive edge clock and positive level reset.
Creating register for signal `\top.\m_axi_wvalid' using process `\top.$proc$top.v:138$2'.
  created $adff cell `$procdff$15924' with positive edge clock and positive level reset.
Creating register for signal `\top.\m_axi_bready' using process `\top.$proc$top.v:138$2'.
  created $adff cell `$procdff$15927' with positive edge clock and positive level reset.
Creating register for signal `\top.\m_axi_araddr' using process `\top.$proc$top.v:138$2'.
  created $adff cell `$procdff$15930' with positive edge clock and positive level reset.
Creating register for signal `\top.\m_axi_arvalid' using process `\top.$proc$top.v:138$2'.
  created $adff cell `$procdff$15933' with positive edge clock and positive level reset.
Creating register for signal `\top.\m_axi_rready' using process `\top.$proc$top.v:138$2'.
  created $adff cell `$procdff$15936' with positive edge clock and positive level reset.
Creating register for signal `\top.\b_state' using process `\top.$proc$top.v:138$2'.
  created $adff cell `$procdff$15939' with positive edge clock and positive level reset.
Creating register for signal `\top.\rdata_r' using process `\top.$proc$top.v:138$2'.
  created $adff cell `$procdff$15942' with positive edge clock and positive level reset.
Creating register for signal `\top.\ready_r' using process `\top.$proc$top.v:138$2'.
  created $adff cell `$procdff$15945' with positive edge clock and positive level reset.

10.2.10. Executing PROC_MEMWR pass (convert process memory writes to cells).

10.2.11. Executing PROC_CLEAN pass (remove empty switches from decision trees).
Found and cleaned up 3 empty switches in `$paramod$d40569e2e5029e2dde4c9be19ab6c750b8104d07\uart_axi.$proc$uart_axi.v:223$1107'.
Removing empty process `$paramod$d40569e2e5029e2dde4c9be19ab6c750b8104d07\uart_axi.$proc$uart_axi.v:223$1107'.
Found and cleaned up 7 empty switches in `$paramod$d40569e2e5029e2dde4c9be19ab6c750b8104d07\uart_axi.$proc$uart_axi.v:177$1091'.
Removing empty process `$paramod$d40569e2e5029e2dde4c9be19ab6c750b8104d07\uart_axi.$proc$uart_axi.v:177$1091'.
Found and cleaned up 2 empty switches in `$paramod$d40569e2e5029e2dde4c9be19ab6c750b8104d07\uart_axi.$proc$uart_axi.v:152$1081'.
Removing empty process `$paramod$d40569e2e5029e2dde4c9be19ab6c750b8104d07\uart_axi.$proc$uart_axi.v:152$1081'.
Found and cleaned up 2 empty switches in `$paramod$d40569e2e5029e2dde4c9be19ab6c750b8104d07\uart_axi.$proc$uart_axi.v:122$1074'.
Removing empty process `$paramod$d40569e2e5029e2dde4c9be19ab6c750b8104d07\uart_axi.$proc$uart_axi.v:122$1074'.
Found and cleaned up 6 empty switches in `$paramod$d40569e2e5029e2dde4c9be19ab6c750b8104d07\uart_tx.$proc$uart_tx.v:63$1887'.
Removing empty process `$paramod$d40569e2e5029e2dde4c9be19ab6c750b8104d07\uart_tx.$proc$uart_tx.v:63$1887'.
Found and cleaned up 8 empty switches in `$paramod$d40569e2e5029e2dde4c9be19ab6c750b8104d07\uart_rx.$proc$uart_rx.v:76$1875'.
Removing empty process `$paramod$d40569e2e5029e2dde4c9be19ab6c750b8104d07\uart_rx.$proc$uart_rx.v:76$1875'.
Removing empty process `$paramod$d40569e2e5029e2dde4c9be19ab6c750b8104d07\uart_rx.$proc$uart_rx.v:53$1874'.
Found and cleaned up 1 empty switch in `\axi_decoder.$proc$axi_decoder.v:114$997'.
Removing empty process `axi_decoder.$proc$axi_decoder.v:114$997'.
Found and cleaned up 4 empty switches in `\axi_lite_interconnect.$proc$axi_lite_interconnect.v:107$939'.
Removing empty process `axi_lite_interconnect.$proc$axi_lite_interconnect.v:107$939'.
Found and cleaned up 53 empty switches in `$paramod$5f39f8b646aa95582e6f088ce64c0e154e784a4a\picorv32.$proc$picorv32.v:1402$1694'.
Removing empty process `$paramod$5f39f8b646aa95582e6f088ce64c0e154e784a4a\picorv32.$proc$picorv32.v:1402$1694'.
Removing empty process `$paramod$5f39f8b646aa95582e6f088ce64c0e154e784a4a\picorv32.$proc$picorv32.v:1348$1678'.
Found and cleaned up 1 empty switch in `$paramod$5f39f8b646aa95582e6f088ce64c0e154e784a4a\picorv32.$proc$picorv32.v:1337$1669'.
Removing empty process `$paramod$5f39f8b646aa95582e6f088ce64c0e154e784a4a\picorv32.$proc$picorv32.v:1337$1669'.
Found and cleaned up 2 empty switches in `$paramod$5f39f8b646aa95582e6f088ce64c0e154e784a4a\picorv32.$proc$picorv32.v:1309$1657'.
Removing empty process `$paramod$5f39f8b646aa95582e6f088ce64c0e154e784a4a\picorv32.$proc$picorv32.v:1309$1657'.
Found and cleaned up 2 empty switches in `$paramod$5f39f8b646aa95582e6f088ce64c0e154e784a4a\picorv32.$proc$picorv32.v:1295$1652'.
Removing empty process `$paramod$5f39f8b646aa95582e6f088ce64c0e154e784a4a\picorv32.$proc$picorv32.v:1295$1652'.
Removing empty process `$paramod$5f39f8b646aa95582e6f088ce64c0e154e784a4a\picorv32.$proc$picorv32.v:1293$1651'.
Found and cleaned up 2 empty switches in `$paramod$5f39f8b646aa95582e6f088ce64c0e154e784a4a\picorv32.$proc$picorv32.v:1249$1629'.
Removing empty process `$paramod$5f39f8b646aa95582e6f088ce64c0e154e784a4a\picorv32.$proc$picorv32.v:1249$1629'.
Found and cleaned up 8 empty switches in `$paramod$5f39f8b646aa95582e6f088ce64c0e154e784a4a\picorv32.$proc$picorv32.v:1186$1617'.
Removing empty process `$paramod$5f39f8b646aa95582e6f088ce64c0e154e784a4a\picorv32.$proc$picorv32.v:1186$1617'.
Found and cleaned up 22 empty switches in `$paramod$5f39f8b646aa95582e6f088ce64c0e154e784a4a\picorv32.$proc$picorv32.v:858$1354'.
Removing empty process `$paramod$5f39f8b646aa95582e6f088ce64c0e154e784a4a\picorv32.$proc$picorv32.v:858$1354'.
Found and cleaned up 3 empty switches in `$paramod$5f39f8b646aa95582e6f088ce64c0e154e784a4a\picorv32.$proc$picorv32.v:809$1352'.
Removing empty process `$paramod$5f39f8b646aa95582e6f088ce64c0e154e784a4a\picorv32.$proc$picorv32.v:809$1352'.
Found and cleaned up 5 empty switches in `$paramod$5f39f8b646aa95582e6f088ce64c0e154e784a4a\picorv32.$proc$picorv32.v:778$1348'.
Removing empty process `$paramod$5f39f8b646aa95582e6f088ce64c0e154e784a4a\picorv32.$proc$picorv32.v:778$1348'.
Found and cleaned up 48 empty switches in `$paramod$5f39f8b646aa95582e6f088ce64c0e154e784a4a\picorv32.$proc$picorv32.v:701$1347'.
Removing empty process `$paramod$5f39f8b646aa95582e6f088ce64c0e154e784a4a\picorv32.$proc$picorv32.v:701$1347'.
Found and cleaned up 16 empty switches in `$paramod$5f39f8b646aa95582e6f088ce64c0e154e784a4a\picorv32.$proc$picorv32.v:565$1323'.
Removing empty process `$paramod$5f39f8b646aa95582e6f088ce64c0e154e784a4a\picorv32.$proc$picorv32.v:565$1323'.
Removing empty process `$paramod$5f39f8b646aa95582e6f088ce64c0e154e784a4a\picorv32.$proc$picorv32.v:1239$1862'.
Found and cleaned up 19 empty switches in `$paramod$5f39f8b646aa95582e6f088ce64c0e154e784a4a\picorv32.$proc$picorv32.v:430$1285'.
Removing empty process `$paramod$5f39f8b646aa95582e6f088ce64c0e154e784a4a\picorv32.$proc$picorv32.v:430$1285'.
Found and cleaned up 3 empty switches in `$paramod$5f39f8b646aa95582e6f088ce64c0e154e784a4a\picorv32.$proc$picorv32.v:401$1282'.
Removing empty process `$paramod$5f39f8b646aa95582e6f088ce64c0e154e784a4a\picorv32.$proc$picorv32.v:401$1282'.
Found and cleaned up 2 empty switches in `$paramod$5f39f8b646aa95582e6f088ce64c0e154e784a4a\picorv32.$proc$picorv32.v:390$1277'.
Removing empty process `$paramod$5f39f8b646aa95582e6f088ce64c0e154e784a4a\picorv32.$proc$picorv32.v:390$1277'.
Found and cleaned up 1 empty switch in `$paramod$5f39f8b646aa95582e6f088ce64c0e154e784a4a\picorv32.$proc$picorv32.v:325$1203'.
Removing empty process `$paramod$5f39f8b646aa95582e6f088ce64c0e154e784a4a\picorv32.$proc$picorv32.v:325$1203'.
Found and cleaned up 3 empty switches in `$paramod$edcaa0cfb453980d1e33a3c938c1a32918b9f1d7\rom.$proc$rom.v:113$1185'.
Removing empty process `$paramod$edcaa0cfb453980d1e33a3c938c1a32918b9f1d7\rom.$proc$rom.v:113$1185'.
Found and cleaned up 4 empty switches in `$paramod$edcaa0cfb453980d1e33a3c938c1a32918b9f1d7\rom.$proc$rom.v:68$1175'.
Removing empty process `$paramod$edcaa0cfb453980d1e33a3c938c1a32918b9f1d7\rom.$proc$rom.v:68$1175'.
Found and cleaned up 3 empty switches in `$paramod\sram\MEM_DEPTH=s32'00000000000000000000000001000000.$proc$sram.v:130$1162'.
Removing empty process `$paramod\sram\MEM_DEPTH=s32'00000000000000000000000001000000.$proc$sram.v:130$1162'.
Found and cleaned up 12 empty switches in `$paramod\sram\MEM_DEPTH=s32'00000000000000000000000001000000.$proc$sram.v:84$1120'.
Removing empty process `$paramod\sram\MEM_DEPTH=s32'00000000000000000000000001000000.$proc$sram.v:84$1120'.
Found and cleaned up 10 empty switches in `\top.$proc$top.v:138$2'.
Removing empty process `top.$proc$top.v:138$2'.
Cleaned up 252 empty switches.

10.2.12. Executing OPT_EXPR pass (perform const folding).
Optimizing module $paramod$d40569e2e5029e2dde4c9be19ab6c750b8104d07\uart_axi.
<suppressed ~13 debug messages>
Optimizing module $paramod$d40569e2e5029e2dde4c9be19ab6c750b8104d07\uart_tx.
<suppressed ~10 debug messages>
Optimizing module $paramod$d40569e2e5029e2dde4c9be19ab6c750b8104d07\uart_rx.
<suppressed ~15 debug messages>
Optimizing module axi_decoder.
Optimizing module axi_lite_interconnect.
<suppressed ~4 debug messages>
Optimizing module $paramod$5f39f8b646aa95582e6f088ce64c0e154e784a4a\picorv32.
<suppressed ~832 debug messages>
Optimizing module $paramod$edcaa0cfb453980d1e33a3c938c1a32918b9f1d7\rom.
<suppressed ~6 debug messages>
Optimizing module $paramod\sram\MEM_DEPTH=s32'00000000000000000000000001000000.
<suppressed ~77 debug messages>
Optimizing module top.
<suppressed ~20 debug messages>

10.3. Executing OPT_EXPR pass (perform const folding).
Optimizing module $paramod$d40569e2e5029e2dde4c9be19ab6c750b8104d07\uart_axi.
Optimizing module $paramod$d40569e2e5029e2dde4c9be19ab6c750b8104d07\uart_tx.
Optimizing module $paramod$d40569e2e5029e2dde4c9be19ab6c750b8104d07\uart_rx.
Optimizing module axi_decoder.
Optimizing module axi_lite_interconnect.
Optimizing module $paramod$5f39f8b646aa95582e6f088ce64c0e154e784a4a\picorv32.
<suppressed ~2 debug messages>
Optimizing module $paramod$edcaa0cfb453980d1e33a3c938c1a32918b9f1d7\rom.
Optimizing module $paramod\sram\MEM_DEPTH=s32'00000000000000000000000001000000.
Optimizing module top.

10.4. Executing OPT_CLEAN pass (remove unused cells and wires).
Finding unused cells or wires in module $paramod$d40569e2e5029e2dde4c9be19ab6c750b8104d07\uart_axi..
Finding unused cells or wires in module $paramod$d40569e2e5029e2dde4c9be19ab6c750b8104d07\uart_tx..
Finding unused cells or wires in module $paramod$d40569e2e5029e2dde4c9be19ab6c750b8104d07\uart_rx..
Finding unused cells or wires in module \axi_decoder..
Finding unused cells or wires in module \axi_lite_interconnect..
Finding unused cells or wires in module $paramod$5f39f8b646aa95582e6f088ce64c0e154e784a4a\picorv32..
Finding unused cells or wires in module $paramod$edcaa0cfb453980d1e33a3c938c1a32918b9f1d7\rom..
Finding unused cells or wires in module $paramod\sram\MEM_DEPTH=s32'00000000000000000000000001000000..
Finding unused cells or wires in module \top..
Removed 756 unused cells and 3415 unused wires.
<suppressed ~820 debug messages>

10.5. Executing CHECK pass (checking for obvious problems).
Checking module $paramod$d40569e2e5029e2dde4c9be19ab6c750b8104d07\uart_axi...
Checking module $paramod$d40569e2e5029e2dde4c9be19ab6c750b8104d07\uart_tx...
Checking module $paramod$d40569e2e5029e2dde4c9be19ab6c750b8104d07\uart_rx...
Checking module axi_decoder...
Checking module axi_lite_interconnect...
Checking module $paramod$5f39f8b646aa95582e6f088ce64c0e154e784a4a\picorv32...
Checking module $paramod$edcaa0cfb453980d1e33a3c938c1a32918b9f1d7\rom...
Checking module $paramod\sram\MEM_DEPTH=s32'00000000000000000000000001000000...
Checking module top...
Found and reported 0 problems.

10.6. Executing OPT pass (performing simple optimizations).

10.6.1. Executing OPT_EXPR pass (perform const folding).
Optimizing module $paramod$d40569e2e5029e2dde4c9be19ab6c750b8104d07\uart_axi.
Optimizing module $paramod$d40569e2e5029e2dde4c9be19ab6c750b8104d07\uart_tx.
Optimizing module $paramod$d40569e2e5029e2dde4c9be19ab6c750b8104d07\uart_rx.
Optimizing module axi_decoder.
Optimizing module axi_lite_interconnect.
Optimizing module $paramod$5f39f8b646aa95582e6f088ce64c0e154e784a4a\picorv32.
Optimizing module $paramod$edcaa0cfb453980d1e33a3c938c1a32918b9f1d7\rom.
Optimizing module $paramod\sram\MEM_DEPTH=s32'00000000000000000000000001000000.
Optimizing module top.

10.6.2. Executing OPT_MERGE pass (detect identical cells).
Finding identical cells in module `$paramod$d40569e2e5029e2dde4c9be19ab6c750b8104d07\uart_axi'.
Computing hashes of 73 cells of `$paramod$d40569e2e5029e2dde4c9be19ab6c750b8104d07\uart_axi'.
Finding duplicate cells in `$paramod$d40569e2e5029e2dde4c9be19ab6c750b8104d07\uart_axi'.
Computing hashes of 61 cells of `$paramod$d40569e2e5029e2dde4c9be19ab6c750b8104d07\uart_axi'.
Finding duplicate cells in `$paramod$d40569e2e5029e2dde4c9be19ab6c750b8104d07\uart_axi'.
Computing hashes of 60 cells of `$paramod$d40569e2e5029e2dde4c9be19ab6c750b8104d07\uart_axi'.
Finding duplicate cells in `$paramod$d40569e2e5029e2dde4c9be19ab6c750b8104d07\uart_axi'.
Computing hashes of 59 cells of `$paramod$d40569e2e5029e2dde4c9be19ab6c750b8104d07\uart_axi'.
Finding duplicate cells in `$paramod$d40569e2e5029e2dde4c9be19ab6c750b8104d07\uart_axi'.
<suppressed ~42 debug messages>
Finding identical cells in module `$paramod$d40569e2e5029e2dde4c9be19ab6c750b8104d07\uart_tx'.
Computing hashes of 49 cells of `$paramod$d40569e2e5029e2dde4c9be19ab6c750b8104d07\uart_tx'.
Finding duplicate cells in `$paramod$d40569e2e5029e2dde4c9be19ab6c750b8104d07\uart_tx'.
Computing hashes of 32 cells of `$paramod$d40569e2e5029e2dde4c9be19ab6c750b8104d07\uart_tx'.
Finding duplicate cells in `$paramod$d40569e2e5029e2dde4c9be19ab6c750b8104d07\uart_tx'.
<suppressed ~51 debug messages>
Finding identical cells in module `$paramod$d40569e2e5029e2dde4c9be19ab6c750b8104d07\uart_rx'.
Computing hashes of 55 cells of `$paramod$d40569e2e5029e2dde4c9be19ab6c750b8104d07\uart_rx'.
Finding duplicate cells in `$paramod$d40569e2e5029e2dde4c9be19ab6c750b8104d07\uart_rx'.
Computing hashes of 43 cells of `$paramod$d40569e2e5029e2dde4c9be19ab6c750b8104d07\uart_rx'.
Finding duplicate cells in `$paramod$d40569e2e5029e2dde4c9be19ab6c750b8104d07\uart_rx'.
<suppressed ~36 debug messages>
Finding identical cells in module `\axi_decoder'.
Computing hashes of 3 cells of `\axi_decoder'.
Finding duplicate cells in `\axi_decoder'.
Finding identical cells in module `\axi_lite_interconnect'.
Computing hashes of 71 cells of `\axi_lite_interconnect'.
Finding duplicate cells in `\axi_lite_interconnect'.
Finding identical cells in module `$paramod$5f39f8b646aa95582e6f088ce64c0e154e784a4a\picorv32'.
Computing hashes of 872 cells of `$paramod$5f39f8b646aa95582e6f088ce64c0e154e784a4a\picorv32'.
Finding duplicate cells in `$paramod$5f39f8b646aa95582e6f088ce64c0e154e784a4a\picorv32'.
Computing hashes of 689 cells of `$paramod$5f39f8b646aa95582e6f088ce64c0e154e784a4a\picorv32'.
Finding duplicate cells in `$paramod$5f39f8b646aa95582e6f088ce64c0e154e784a4a\picorv32'.
Computing hashes of 680 cells of `$paramod$5f39f8b646aa95582e6f088ce64c0e154e784a4a\picorv32'.
Finding duplicate cells in `$paramod$5f39f8b646aa95582e6f088ce64c0e154e784a4a\picorv32'.
Computing hashes of 679 cells of `$paramod$5f39f8b646aa95582e6f088ce64c0e154e784a4a\picorv32'.
Finding duplicate cells in `$paramod$5f39f8b646aa95582e6f088ce64c0e154e784a4a\picorv32'.
<suppressed ~579 debug messages>
Finding identical cells in module `$paramod$edcaa0cfb453980d1e33a3c938c1a32918b9f1d7\rom'.
Computing hashes of 32 cells of `$paramod$edcaa0cfb453980d1e33a3c938c1a32918b9f1d7\rom'.
Finding duplicate cells in `$paramod$edcaa0cfb453980d1e33a3c938c1a32918b9f1d7\rom'.
Computing hashes of 29 cells of `$paramod$edcaa0cfb453980d1e33a3c938c1a32918b9f1d7\rom'.
Finding duplicate cells in `$paramod$edcaa0cfb453980d1e33a3c938c1a32918b9f1d7\rom'.
<suppressed ~9 debug messages>
Finding identical cells in module `$paramod\sram\MEM_DEPTH=s32'00000000000000000000000001000000'.
Computing hashes of 1252 cells of `$paramod\sram\MEM_DEPTH=s32'00000000000000000000000001000000'.
Finding duplicate cells in `$paramod\sram\MEM_DEPTH=s32'00000000000000000000000001000000'.
Computing hashes of 1057 cells of `$paramod\sram\MEM_DEPTH=s32'00000000000000000000000001000000'.
Finding duplicate cells in `$paramod\sram\MEM_DEPTH=s32'00000000000000000000000001000000'.
<suppressed ~585 debug messages>
Finding identical cells in module `\top'.
Computing hashes of 102 cells of `\top'.
Finding duplicate cells in `\top'.
Computing hashes of 82 cells of `\top'.
Finding duplicate cells in `\top'.
<suppressed ~60 debug messages>
Removed a total of 454 cells.

10.6.3. Executing OPT_MUXTREE pass (detect dead branches in mux trees).
Running muxtree optimizer on module $paramod$d40569e2e5029e2dde4c9be19ab6c750b8104d07\uart_axi..
  Creating internal representation of mux trees.
  Evaluating internal representation of mux trees.
  Analyzing evaluation results.
Running muxtree optimizer on module $paramod$d40569e2e5029e2dde4c9be19ab6c750b8104d07\uart_tx..
  Creating internal representation of mux trees.
  Evaluating internal representation of mux trees.
  Analyzing evaluation results.
Running muxtree optimizer on module $paramod$d40569e2e5029e2dde4c9be19ab6c750b8104d07\uart_rx..
  Creating internal representation of mux trees.
  Evaluating internal representation of mux trees.
  Analyzing evaluation results.
Running muxtree optimizer on module \axi_decoder..
  Creating internal representation of mux trees.
  Evaluating internal representation of mux trees.
  Analyzing evaluation results.
Running muxtree optimizer on module \axi_lite_interconnect..
  Creating internal representation of mux trees.
  Evaluating internal representation of mux trees.
  Analyzing evaluation results.
Running muxtree optimizer on module $paramod$5f39f8b646aa95582e6f088ce64c0e154e784a4a\picorv32..
  Creating internal representation of mux trees.
  Evaluating internal representation of mux trees.
  Analyzing evaluation results.
    dead port 2/2 on $mux $procmux$2188.
    dead port 2/2 on $mux $procmux$2185.
    dead port 2/2 on $mux $procmux$2178.
    dead port 2/2 on $mux $procmux$2166.
    dead port 2/2 on $mux $procmux$2163.
    dead port 2/2 on $mux $procmux$2142.
    dead port 2/2 on $mux $procmux$2136.
    dead port 2/2 on $mux $procmux$2134.
    dead port 1/5 on $pmux $procmux$2765.
    dead port 3/5 on $pmux $procmux$2765.
    dead port 2/2 on $mux $procmux$2127.
    dead port 2/2 on $mux $procmux$2121.
    dead port 2/2 on $mux $procmux$2119.
    dead port 2/2 on $mux $procmux$2109.
    dead port 1/7 on $pmux $procmux$2758.
    dead port 2/7 on $pmux $procmux$2758.
    dead port 3/7 on $pmux $procmux$2758.
    dead port 4/7 on $pmux $procmux$2758.
    dead port 5/7 on $pmux $procmux$2758.
    dead port 2/2 on $mux $procmux$2235.
    dead port 2/2 on $mux $procmux$4817.
    dead port 2/2 on $mux $procmux$2530.
    dead port 1/2 on $mux $procmux$3074.
    dead port 2/2 on $mux $procmux$3074.
    dead port 1/9 on $pmux $procmux$3520.
    dead port 2/9 on $pmux $procmux$3520.
    dead port 3/9 on $pmux $procmux$3520.
    dead port 4/9 on $pmux $procmux$3520.
    dead port 5/9 on $pmux $procmux$3520.
    dead port 2/2 on $mux $procmux$2517.
    dead port 4/12 on $pmux $procmux$3467.
    dead port 5/12 on $pmux $procmux$3467.
    dead port 6/12 on $pmux $procmux$3467.
    dead port 7/12 on $pmux $procmux$3467.
    dead port 8/12 on $pmux $procmux$3467.
    dead port 3/4 on $pmux $procmux$3067.
    dead port 1/5 on $pmux $procmux$3643.
    dead port 2/5 on $pmux $procmux$3643.
    dead port 2/2 on $mux $procmux$2227.
    dead port 1/3 on $pmux $procmux$3580.
    dead port 2/2 on $mux $procmux$2504.
    dead port 2/2 on $mux $procmux$2224.
    dead port 2/2 on $mux $procmux$3648.
    dead port 2/2 on $mux $procmux$4810.
    dead port 4/12 on $pmux $procmux$3086.
    dead port 5/12 on $pmux $procmux$3086.
    dead port 6/12 on $pmux $procmux$3086.
    dead port 7/12 on $pmux $procmux$3086.
    dead port 8/12 on $pmux $procmux$3086.
    dead port 2/2 on $mux $procmux$2215.
    dead port 2/2 on $mux $procmux$2212.
    dead port 2/2 on $mux $procmux$2396.
    dead port 2/2 on $mux $procmux$2393.
    dead port 2/2 on $mux $procmux$2388.
    dead port 1/5 on $pmux $procmux$3652.
    dead port 2/5 on $pmux $procmux$3652.
    dead port 2/2 on $mux $procmux$2306.
    dead port 3/4 on $pmux $procmux$3268.
    dead port 2/2 on $mux $procmux$2303.
    dead port 1/7 on $pmux $procmux$3003.
    dead port 2/7 on $pmux $procmux$3003.
    dead port 3/7 on $pmux $procmux$3003.
    dead port 4/7 on $pmux $procmux$3003.
    dead port 5/7 on $pmux $procmux$3003.
    dead port 2/2 on $mux $procmux$2301.
    dead port 4/12 on $pmux $procmux$3284.
    dead port 5/12 on $pmux $procmux$3284.
    dead port 6/12 on $pmux $procmux$3284.
    dead port 7/12 on $pmux $procmux$3284.
    dead port 8/12 on $pmux $procmux$3284.
    dead port 2/2 on $mux $procmux$3657.
    dead port 2/2 on $mux $procmux$2240.
    dead port 2/2 on $mux $procmux$2237.
    dead port 4/12 on $pmux $procmux$2798.
    dead port 5/12 on $pmux $procmux$2798.
    dead port 6/12 on $pmux $procmux$2798.
    dead port 7/12 on $pmux $procmux$2798.
    dead port 8/12 on $pmux $procmux$2798.
    dead port 1/8 on $pmux $procmux$3672.
    dead port 2/8 on $pmux $procmux$3672.
Running muxtree optimizer on module $paramod$edcaa0cfb453980d1e33a3c938c1a32918b9f1d7\rom..
  Creating internal representation of mux trees.
  Evaluating internal representation of mux trees.
  Analyzing evaluation results.
Running muxtree optimizer on module $paramod\sram\MEM_DEPTH=s32'00000000000000000000000001000000..
  Creating internal representation of mux trees.
  Evaluating internal representation of mux trees.
  Analyzing evaluation results.
    dead port 2/2 on $mux $procmux$4938.
Running muxtree optimizer on module \top..
  Creating internal representation of mux trees.
  Evaluating internal representation of mux trees.
  Analyzing evaluation results.
Removed 81 multiplexer ports.
<suppressed ~1692 debug messages>

10.6.4. Executing OPT_REDUCE pass (consolidate $*mux and $reduce_* inputs).
  Optimizing cells in module $paramod$d40569e2e5029e2dde4c9be19ab6c750b8104d07\uart_axi.
  Optimizing cells in module $paramod$d40569e2e5029e2dde4c9be19ab6c750b8104d07\uart_tx.
    New ctrl vector for $pmux cell $procmux$1950: { $procmux$2008_CMP $procmux$2004_CMP $auto$opt_reduce.cc:137:opt_pmux$15948 }
  Optimizing cells in module $paramod$d40569e2e5029e2dde4c9be19ab6c750b8104d07\uart_tx.
  Optimizing cells in module $paramod$d40569e2e5029e2dde4c9be19ab6c750b8104d07\uart_rx.
  Optimizing cells in module \axi_decoder.
  Optimizing cells in module \axi_lite_interconnect.
  Optimizing cells in module $paramod$5f39f8b646aa95582e6f088ce64c0e154e784a4a\picorv32.
    New ctrl vector for $pmux cell $procmux$2840: { $procmux$3584_CMP $procmux$2642_CMP }
    New ctrl vector for $pmux cell $procmux$2738: { $procmux$2771_CMP $procmux$2642_CMP $procmux$2795_CMP $procmux$2626_CMP }
    New ctrl vector for $pmux cell $procmux$3520: { $auto$opt_reduce.cc:137:opt_pmux$15950 \is_lui_auipc_jal }
    New ctrl vector for $pmux cell $procmux$2520: { $procmux$2642_CMP $auto$opt_reduce.cc:137:opt_pmux$15952 }
    New ctrl vector for $pmux cell $procmux$3467: { $auto$opt_reduce.cc:137:opt_pmux$15956 $auto$opt_reduce.cc:137:opt_pmux$15954 }
    Consolidated identical input bits for $mux cell $procmux$3633:
      Old ports: A=0, B=32'11111111111111111111111111111111, Y=$0$memwr$\cpuregs$picorv32.v:1344$1202_EN[31:0]$1672
      New ports: A=1'0, B=1'1, Y=$0$memwr$\cpuregs$picorv32.v:1344$1202_EN[31:0]$1672 [0]
      New connections: $0$memwr$\cpuregs$picorv32.v:1344$1202_EN[31:0]$1672 [31:1] = { $0$memwr$\cpuregs$picorv32.v:1344$1202_EN[31:0]$1672 [0] $0$memwr$\cpuregs$picorv32.v:1344$1202_EN[31:0]$1672 [0] $0$memwr$\cpuregs$picorv32.v:1344$1202_EN[31:0]$1672 [0] $0$memwr$\cpuregs$picorv32.v:1344$1202_EN[31:0]$1672 [0] $0$memwr$\cpuregs$picorv32.v:1344$1202_EN[31:0]$1672 [0] $0$memwr$\cpuregs$picorv32.v:1344$1202_EN[31:0]$1672 [0] $0$memwr$\cpuregs$picorv32.v:1344$1202_EN[31:0]$1672 [0] $0$memwr$\cpuregs$picorv32.v:1344$1202_EN[31:0]$1672 [0] $0$memwr$\cpuregs$picorv32.v:1344$1202_EN[31:0]$1672 [0] $0$memwr$\cpuregs$picorv32.v:1344$1202_EN[31:0]$1672 [0] $0$memwr$\cpuregs$picorv32.v:1344$1202_EN[31:0]$1672 [0] $0$memwr$\cpuregs$picorv32.v:1344$1202_EN[31:0]$1672 [0] $0$memwr$\cpuregs$picorv32.v:1344$1202_EN[31:0]$1672 [0] $0$memwr$\cpuregs$picorv32.v:1344$1202_EN[31:0]$1672 [0] $0$memwr$\cpuregs$picorv32.v:1344$1202_EN[31:0]$1672 [0] $0$memwr$\cpuregs$picorv32.v:1344$1202_EN[31:0]$1672 [0] $0$memwr$\cpuregs$picorv32.v:1344$1202_EN[31:0]$1672 [0] $0$memwr$\cpuregs$picorv32.v:1344$1202_EN[31:0]$1672 [0] $0$memwr$\cpuregs$picorv32.v:1344$1202_EN[31:0]$1672 [0] $0$memwr$\cpuregs$picorv32.v:1344$1202_EN[31:0]$1672 [0] $0$memwr$\cpuregs$picorv32.v:1344$1202_EN[31:0]$1672 [0] $0$memwr$\cpuregs$picorv32.v:1344$1202_EN[31:0]$1672 [0] $0$memwr$\cpuregs$picorv32.v:1344$1202_EN[31:0]$1672 [0] $0$memwr$\cpuregs$picorv32.v:1344$1202_EN[31:0]$1672 [0] $0$memwr$\cpuregs$picorv32.v:1344$1202_EN[31:0]$1672 [0] $0$memwr$\cpuregs$picorv32.v:1344$1202_EN[31:0]$1672 [0] $0$memwr$\cpuregs$picorv32.v:1344$1202_EN[31:0]$1672 [0] $0$memwr$\cpuregs$picorv32.v:1344$1202_EN[31:0]$1672 [0] $0$memwr$\cpuregs$picorv32.v:1344$1202_EN[31:0]$1672 [0] $0$memwr$\cpuregs$picorv32.v:1344$1202_EN[31:0]$1672 [0] $0$memwr$\cpuregs$picorv32.v:1344$1202_EN[31:0]$1672 [0] }
    New ctrl vector for $pmux cell $procmux$3643: $auto$opt_reduce.cc:137:opt_pmux$15958
    New ctrl vector for $pmux cell $procmux$2507: { $auto$opt_reduce.cc:137:opt_pmux$15960 $procmux$2626_CMP }
    New ctrl vector for $pmux cell $procmux$2937: { $procmux$3584_CMP $procmux$2642_CMP }
    New ctrl vector for $pmux cell $procmux$2494: { $procmux$2632_CMP $auto$opt_reduce.cc:137:opt_pmux$15962 }
    New ctrl vector for $pmux cell $procmux$3086: { \instr_trap \is_rdcycle_rdcycleh_rdinstr_rdinstrh $logic_and$picorv32.v:1696$1771_Y \is_slli_srli_srai $auto$opt_reduce.cc:137:opt_pmux$15964 }
    New ctrl vector for $pmux cell $procmux$2980: { $procmux$3584_CMP $procmux$2771_CMP $procmux$2642_CMP $auto$opt_reduce.cc:137:opt_pmux$15966 }
    New ctrl vector for $pmux cell $procmux$3284: { $logic_and$picorv32.v:1696$1771_Y $auto$opt_reduce.cc:137:opt_pmux$15970 $auto$opt_reduce.cc:137:opt_pmux$15968 }
    New ctrl vector for $pmux cell $procmux$3258: { $procmux$3584_CMP $procmux$2771_CMP $procmux$2796_CMP $procmux$2795_CMP }
    New ctrl vector for $pmux cell $procmux$2798: { \is_slli_srli_srai $auto$opt_reduce.cc:137:opt_pmux$15972 }
    New input vector for $reduce_or cell $auto$opt_reduce.cc:131:opt_pmux$15969: { \is_slli_srli_srai \instr_trap \instr_rdinstrh \instr_rdinstr \instr_rdcycleh \instr_rdcycle }
    New input vector for $reduce_or cell $auto$opt_reduce.cc:131:opt_pmux$15949: { \instr_trap \instr_rdinstrh \instr_rdinstr \instr_rdcycleh \instr_rdcycle }
    New input vector for $reduce_or cell $auto$opt_reduce.cc:131:opt_pmux$15955: { $logic_and$picorv32.v:1696$1771_Y \is_slli_srli_srai \instr_trap \instr_rdinstrh \instr_rdinstr \instr_rdcycleh \instr_rdcycle }
    New input vector for $reduce_or cell $auto$opt_reduce.cc:131:opt_pmux$15971: { $logic_and$picorv32.v:1696$1771_Y \is_jalr_addi_slti_sltiu_xori_ori_andi \is_lui_auipc_jal \instr_trap \instr_rdinstrh \instr_rdinstr \instr_rdcycleh \instr_rdcycle }
  Optimizing cells in module $paramod$5f39f8b646aa95582e6f088ce64c0e154e784a4a\picorv32.
  Optimizing cells in module $paramod$edcaa0cfb453980d1e33a3c938c1a32918b9f1d7\rom.
  Optimizing cells in module $paramod\sram\MEM_DEPTH=s32'00000000000000000000000001000000.
  Optimizing cells in module \top.
Performed a total of 26 changes.

10.6.5. Executing OPT_MERGE pass (detect identical cells).
Finding identical cells in module `$paramod$d40569e2e5029e2dde4c9be19ab6c750b8104d07\uart_axi'.
Computing hashes of 59 cells of `$paramod$d40569e2e5029e2dde4c9be19ab6c750b8104d07\uart_axi'.
Finding duplicate cells in `$paramod$d40569e2e5029e2dde4c9be19ab6c750b8104d07\uart_axi'.
Finding identical cells in module `$paramod$d40569e2e5029e2dde4c9be19ab6c750b8104d07\uart_tx'.
Computing hashes of 33 cells of `$paramod$d40569e2e5029e2dde4c9be19ab6c750b8104d07\uart_tx'.
Finding duplicate cells in `$paramod$d40569e2e5029e2dde4c9be19ab6c750b8104d07\uart_tx'.
Computing hashes of 31 cells of `$paramod$d40569e2e5029e2dde4c9be19ab6c750b8104d07\uart_tx'.
Finding duplicate cells in `$paramod$d40569e2e5029e2dde4c9be19ab6c750b8104d07\uart_tx'.
<suppressed ~6 debug messages>
Finding identical cells in module `$paramod$d40569e2e5029e2dde4c9be19ab6c750b8104d07\uart_rx'.
Computing hashes of 43 cells of `$paramod$d40569e2e5029e2dde4c9be19ab6c750b8104d07\uart_rx'.
Finding duplicate cells in `$paramod$d40569e2e5029e2dde4c9be19ab6c750b8104d07\uart_rx'.
Computing hashes of 41 cells of `$paramod$d40569e2e5029e2dde4c9be19ab6c750b8104d07\uart_rx'.
Finding duplicate cells in `$paramod$d40569e2e5029e2dde4c9be19ab6c750b8104d07\uart_rx'.
<suppressed ~6 debug messages>
Finding identical cells in module `\axi_decoder'.
Computing hashes of 3 cells of `\axi_decoder'.
Finding duplicate cells in `\axi_decoder'.
Finding identical cells in module `\axi_lite_interconnect'.
Computing hashes of 71 cells of `\axi_lite_interconnect'.
Finding duplicate cells in `\axi_lite_interconnect'.
Finding identical cells in module `$paramod$5f39f8b646aa95582e6f088ce64c0e154e784a4a\picorv32'.
Computing hashes of 652 cells of `$paramod$5f39f8b646aa95582e6f088ce64c0e154e784a4a\picorv32'.
Finding duplicate cells in `$paramod$5f39f8b646aa95582e6f088ce64c0e154e784a4a\picorv32'.
Computing hashes of 642 cells of `$paramod$5f39f8b646aa95582e6f088ce64c0e154e784a4a\picorv32'.
Finding duplicate cells in `$paramod$5f39f8b646aa95582e6f088ce64c0e154e784a4a\picorv32'.
Computing hashes of 639 cells of `$paramod$5f39f8b646aa95582e6f088ce64c0e154e784a4a\picorv32'.
Finding duplicate cells in `$paramod$5f39f8b646aa95582e6f088ce64c0e154e784a4a\picorv32'.
<suppressed ~39 debug messages>
Finding identical cells in module `$paramod$edcaa0cfb453980d1e33a3c938c1a32918b9f1d7\rom'.
Computing hashes of 29 cells of `$paramod$edcaa0cfb453980d1e33a3c938c1a32918b9f1d7\rom'.
Finding duplicate cells in `$paramod$edcaa0cfb453980d1e33a3c938c1a32918b9f1d7\rom'.
Finding identical cells in module `$paramod\sram\MEM_DEPTH=s32'00000000000000000000000001000000'.
Computing hashes of 1056 cells of `$paramod\sram\MEM_DEPTH=s32'00000000000000000000000001000000'.
Finding duplicate cells in `$paramod\sram\MEM_DEPTH=s32'00000000000000000000000001000000'.
Finding identical cells in module `\top'.
Computing hashes of 82 cells of `\top'.
Finding duplicate cells in `\top'.
Removed a total of 17 cells.

10.6.6. Executing OPT_DFF pass (perform DFF optimizations).
Setting constant 1-bit at position 0 on $procdff$15400 ($dff) from module $paramod$5f39f8b646aa95582e6f088ce64c0e154e784a4a\picorv32.
Setting constant 1-bit at position 1 on $procdff$15400 ($dff) from module $paramod$5f39f8b646aa95582e6f088ce64c0e154e784a4a\picorv32.
Setting constant 1-bit at position 2 on $procdff$15400 ($dff) from module $paramod$5f39f8b646aa95582e6f088ce64c0e154e784a4a\picorv32.
Setting constant 1-bit at position 3 on $procdff$15400 ($dff) from module $paramod$5f39f8b646aa95582e6f088ce64c0e154e784a4a\picorv32.
Setting constant 1-bit at position 4 on $procdff$15400 ($dff) from module $paramod$5f39f8b646aa95582e6f088ce64c0e154e784a4a\picorv32.
Setting constant 1-bit at position 5 on $procdff$15400 ($dff) from module $paramod$5f39f8b646aa95582e6f088ce64c0e154e784a4a\picorv32.
Setting constant 1-bit at position 6 on $procdff$15400 ($dff) from module $paramod$5f39f8b646aa95582e6f088ce64c0e154e784a4a\picorv32.
Setting constant 1-bit at position 7 on $procdff$15400 ($dff) from module $paramod$5f39f8b646aa95582e6f088ce64c0e154e784a4a\picorv32.
Setting constant 1-bit at position 8 on $procdff$15400 ($dff) from module $paramod$5f39f8b646aa95582e6f088ce64c0e154e784a4a\picorv32.
Setting constant 1-bit at position 9 on $procdff$15400 ($dff) from module $paramod$5f39f8b646aa95582e6f088ce64c0e154e784a4a\picorv32.
Setting constant 1-bit at position 10 on $procdff$15400 ($dff) from module $paramod$5f39f8b646aa95582e6f088ce64c0e154e784a4a\picorv32.
Setting constant 1-bit at position 11 on $procdff$15400 ($dff) from module $paramod$5f39f8b646aa95582e6f088ce64c0e154e784a4a\picorv32.
Setting constant 1-bit at position 12 on $procdff$15400 ($dff) from module $paramod$5f39f8b646aa95582e6f088ce64c0e154e784a4a\picorv32.
Setting constant 1-bit at position 13 on $procdff$15400 ($dff) from module $paramod$5f39f8b646aa95582e6f088ce64c0e154e784a4a\picorv32.
Setting constant 1-bit at position 14 on $procdff$15400 ($dff) from module $paramod$5f39f8b646aa95582e6f088ce64c0e154e784a4a\picorv32.
Setting constant 1-bit at position 15 on $procdff$15400 ($dff) from module $paramod$5f39f8b646aa95582e6f088ce64c0e154e784a4a\picorv32.
Setting constant 1-bit at position 16 on $procdff$15400 ($dff) from module $paramod$5f39f8b646aa95582e6f088ce64c0e154e784a4a\picorv32.
Setting constant 1-bit at position 17 on $procdff$15400 ($dff) from module $paramod$5f39f8b646aa95582e6f088ce64c0e154e784a4a\picorv32.
Setting constant 1-bit at position 18 on $procdff$15400 ($dff) from module $paramod$5f39f8b646aa95582e6f088ce64c0e154e784a4a\picorv32.
Setting constant 1-bit at position 19 on $procdff$15400 ($dff) from module $paramod$5f39f8b646aa95582e6f088ce64c0e154e784a4a\picorv32.
Setting constant 1-bit at position 20 on $procdff$15400 ($dff) from module $paramod$5f39f8b646aa95582e6f088ce64c0e154e784a4a\picorv32.
Setting constant 1-bit at position 21 on $procdff$15400 ($dff) from module $paramod$5f39f8b646aa95582e6f088ce64c0e154e784a4a\picorv32.
Setting constant 1-bit at position 22 on $procdff$15400 ($dff) from module $paramod$5f39f8b646aa95582e6f088ce64c0e154e784a4a\picorv32.
Setting constant 1-bit at position 23 on $procdff$15400 ($dff) from module $paramod$5f39f8b646aa95582e6f088ce64c0e154e784a4a\picorv32.
Setting constant 1-bit at position 24 on $procdff$15400 ($dff) from module $paramod$5f39f8b646aa95582e6f088ce64c0e154e784a4a\picorv32.
Setting constant 1-bit at position 25 on $procdff$15400 ($dff) from module $paramod$5f39f8b646aa95582e6f088ce64c0e154e784a4a\picorv32.
Setting constant 1-bit at position 26 on $procdff$15400 ($dff) from module $paramod$5f39f8b646aa95582e6f088ce64c0e154e784a4a\picorv32.
Setting constant 1-bit at position 27 on $procdff$15400 ($dff) from module $paramod$5f39f8b646aa95582e6f088ce64c0e154e784a4a\picorv32.
Setting constant 1-bit at position 28 on $procdff$15400 ($dff) from module $paramod$5f39f8b646aa95582e6f088ce64c0e154e784a4a\picorv32.
Setting constant 1-bit at position 29 on $procdff$15400 ($dff) from module $paramod$5f39f8b646aa95582e6f088ce64c0e154e784a4a\picorv32.
Setting constant 1-bit at position 30 on $procdff$15400 ($dff) from module $paramod$5f39f8b646aa95582e6f088ce64c0e154e784a4a\picorv32.
Setting constant 1-bit at position 31 on $procdff$15400 ($dff) from module $paramod$5f39f8b646aa95582e6f088ce64c0e154e784a4a\picorv32.
Setting constant 1-bit at position 32 on $procdff$15400 ($dff) from module $paramod$5f39f8b646aa95582e6f088ce64c0e154e784a4a\picorv32.
Setting constant 1-bit at position 33 on $procdff$15400 ($dff) from module $paramod$5f39f8b646aa95582e6f088ce64c0e154e784a4a\picorv32.
Setting constant 1-bit at position 34 on $procdff$15400 ($dff) from module $paramod$5f39f8b646aa95582e6f088ce64c0e154e784a4a\picorv32.
Setting constant 1-bit at position 35 on $procdff$15400 ($dff) from module $paramod$5f39f8b646aa95582e6f088ce64c0e154e784a4a\picorv32.
Setting constant 0-bit at position 32 on $procdff$15401 ($dff) from module $paramod$5f39f8b646aa95582e6f088ce64c0e154e784a4a\picorv32.
Setting constant 0-bit at position 33 on $procdff$15401 ($dff) from module $paramod$5f39f8b646aa95582e6f088ce64c0e154e784a4a\picorv32.
Setting constant 0-bit at position 34 on $procdff$15401 ($dff) from module $paramod$5f39f8b646aa95582e6f088ce64c0e154e784a4a\picorv32.
Setting constant 0-bit at position 35 on $procdff$15401 ($dff) from module $paramod$5f39f8b646aa95582e6f088ce64c0e154e784a4a\picorv32.
Setting constant 0-bit at position 36 on $procdff$15401 ($dff) from module $paramod$5f39f8b646aa95582e6f088ce64c0e154e784a4a\picorv32.
Setting constant 0-bit at position 37 on $procdff$15401 ($dff) from module $paramod$5f39f8b646aa95582e6f088ce64c0e154e784a4a\picorv32.
Setting constant 0-bit at position 38 on $procdff$15401 ($dff) from module $paramod$5f39f8b646aa95582e6f088ce64c0e154e784a4a\picorv32.
Setting constant 0-bit at position 39 on $procdff$15401 ($dff) from module $paramod$5f39f8b646aa95582e6f088ce64c0e154e784a4a\picorv32.
Setting constant 0-bit at position 40 on $procdff$15401 ($dff) from module $paramod$5f39f8b646aa95582e6f088ce64c0e154e784a4a\picorv32.
Setting constant 0-bit at position 41 on $procdff$15401 ($dff) from module $paramod$5f39f8b646aa95582e6f088ce64c0e154e784a4a\picorv32.
Setting constant 0-bit at position 42 on $procdff$15401 ($dff) from module $paramod$5f39f8b646aa95582e6f088ce64c0e154e784a4a\picorv32.
Setting constant 0-bit at position 43 on $procdff$15401 ($dff) from module $paramod$5f39f8b646aa95582e6f088ce64c0e154e784a4a\picorv32.
Setting constant 0-bit at position 44 on $procdff$15401 ($dff) from module $paramod$5f39f8b646aa95582e6f088ce64c0e154e784a4a\picorv32.
Setting constant 0-bit at position 45 on $procdff$15401 ($dff) from module $paramod$5f39f8b646aa95582e6f088ce64c0e154e784a4a\picorv32.
Setting constant 0-bit at position 46 on $procdff$15401 ($dff) from module $paramod$5f39f8b646aa95582e6f088ce64c0e154e784a4a\picorv32.
Setting constant 0-bit at position 47 on $procdff$15401 ($dff) from module $paramod$5f39f8b646aa95582e6f088ce64c0e154e784a4a\picorv32.
Setting constant 0-bit at position 48 on $procdff$15401 ($dff) from module $paramod$5f39f8b646aa95582e6f088ce64c0e154e784a4a\picorv32.
Setting constant 0-bit at position 49 on $procdff$15401 ($dff) from module $paramod$5f39f8b646aa95582e6f088ce64c0e154e784a4a\picorv32.
Setting constant 0-bit at position 50 on $procdff$15401 ($dff) from module $paramod$5f39f8b646aa95582e6f088ce64c0e154e784a4a\picorv32.
Setting constant 0-bit at position 51 on $procdff$15401 ($dff) from module $paramod$5f39f8b646aa95582e6f088ce64c0e154e784a4a\picorv32.
Setting constant 0-bit at position 52 on $procdff$15401 ($dff) from module $paramod$5f39f8b646aa95582e6f088ce64c0e154e784a4a\picorv32.
Setting constant 0-bit at position 53 on $procdff$15401 ($dff) from module $paramod$5f39f8b646aa95582e6f088ce64c0e154e784a4a\picorv32.
Setting constant 0-bit at position 54 on $procdff$15401 ($dff) from module $paramod$5f39f8b646aa95582e6f088ce64c0e154e784a4a\picorv32.
Setting constant 0-bit at position 55 on $procdff$15401 ($dff) from module $paramod$5f39f8b646aa95582e6f088ce64c0e154e784a4a\picorv32.
Setting constant 0-bit at position 56 on $procdff$15401 ($dff) from module $paramod$5f39f8b646aa95582e6f088ce64c0e154e784a4a\picorv32.
Setting constant 0-bit at position 57 on $procdff$15401 ($dff) from module $paramod$5f39f8b646aa95582e6f088ce64c0e154e784a4a\picorv32.
Setting constant 0-bit at position 58 on $procdff$15401 ($dff) from module $paramod$5f39f8b646aa95582e6f088ce64c0e154e784a4a\picorv32.
Setting constant 0-bit at position 59 on $procdff$15401 ($dff) from module $paramod$5f39f8b646aa95582e6f088ce64c0e154e784a4a\picorv32.
Setting constant 0-bit at position 60 on $procdff$15401 ($dff) from module $paramod$5f39f8b646aa95582e6f088ce64c0e154e784a4a\picorv32.
Setting constant 0-bit at position 61 on $procdff$15401 ($dff) from module $paramod$5f39f8b646aa95582e6f088ce64c0e154e784a4a\picorv32.
Setting constant 0-bit at position 62 on $procdff$15401 ($dff) from module $paramod$5f39f8b646aa95582e6f088ce64c0e154e784a4a\picorv32.
Setting constant 0-bit at position 63 on $procdff$15401 ($dff) from module $paramod$5f39f8b646aa95582e6f088ce64c0e154e784a4a\picorv32.
Setting constant 0-bit at position 0 on $procdff$15399 ($dff) from module $paramod$5f39f8b646aa95582e6f088ce64c0e154e784a4a\picorv32.

10.6.7. Executing OPT_CLEAN pass (remove unused cells and wires).
Finding unused cells or wires in module $paramod$d40569e2e5029e2dde4c9be19ab6c750b8104d07\uart_axi..
Finding unused cells or wires in module $paramod$d40569e2e5029e2dde4c9be19ab6c750b8104d07\uart_tx..
Finding unused cells or wires in module $paramod$d40569e2e5029e2dde4c9be19ab6c750b8104d07\uart_rx..
Finding unused cells or wires in module \axi_decoder..
Finding unused cells or wires in module \axi_lite_interconnect..
Finding unused cells or wires in module $paramod$5f39f8b646aa95582e6f088ce64c0e154e784a4a\picorv32..
Finding unused cells or wires in module $paramod$edcaa0cfb453980d1e33a3c938c1a32918b9f1d7\rom..
Finding unused cells or wires in module $paramod\sram\MEM_DEPTH=s32'00000000000000000000000001000000..
Finding unused cells or wires in module \top..
Removed 24 unused cells and 535 unused wires.
<suppressed ~38 debug messages>

10.6.8. Executing OPT_EXPR pass (perform const folding).
Optimizing module $paramod$d40569e2e5029e2dde4c9be19ab6c750b8104d07\uart_axi.
Optimizing module $paramod$d40569e2e5029e2dde4c9be19ab6c750b8104d07\uart_tx.
Optimizing module $paramod$d40569e2e5029e2dde4c9be19ab6c750b8104d07\uart_rx.
Optimizing module axi_decoder.
Optimizing module axi_lite_interconnect.
Optimizing module $paramod$5f39f8b646aa95582e6f088ce64c0e154e784a4a\picorv32.
<suppressed ~2 debug messages>
Optimizing module $paramod$edcaa0cfb453980d1e33a3c938c1a32918b9f1d7\rom.
Optimizing module $paramod\sram\MEM_DEPTH=s32'00000000000000000000000001000000.
Optimizing module top.

10.6.9. Rerunning OPT passes. (Maybe there is more to do..)

10.6.10. Executing OPT_MUXTREE pass (detect dead branches in mux trees).
Running muxtree optimizer on module $paramod$d40569e2e5029e2dde4c9be19ab6c750b8104d07\uart_axi..
  Creating internal representation of mux trees.
  Evaluating internal representation of mux trees.
  Analyzing evaluation results.
Running muxtree optimizer on module $paramod$d40569e2e5029e2dde4c9be19ab6c750b8104d07\uart_tx..
  Creating internal representation of mux trees.
  Evaluating internal representation of mux trees.
  Analyzing evaluation results.
Running muxtree optimizer on module $paramod$d40569e2e5029e2dde4c9be19ab6c750b8104d07\uart_rx..
  Creating internal representation of mux trees.
  Evaluating internal representation of mux trees.
  Analyzing evaluation results.
Running muxtree optimizer on module \axi_decoder..
  Creating internal representation of mux trees.
  Evaluating internal representation of mux trees.
  Analyzing evaluation results.
Running muxtree optimizer on module \axi_lite_interconnect..
  Creating internal representation of mux trees.
  Evaluating internal representation of mux trees.
  Analyzing evaluation results.
Running muxtree optimizer on module $paramod$5f39f8b646aa95582e6f088ce64c0e154e784a4a\picorv32..
  Creating internal representation of mux trees.
  Evaluating internal representation of mux trees.
  Analyzing evaluation results.
Running muxtree optimizer on module $paramod$edcaa0cfb453980d1e33a3c938c1a32918b9f1d7\rom..
  Creating internal representation of mux trees.
  Evaluating internal representation of mux trees.
  Analyzing evaluation results.
Running muxtree optimizer on module $paramod\sram\MEM_DEPTH=s32'00000000000000000000000001000000..
  Creating internal representation of mux trees.
  Evaluating internal representation of mux trees.
  Analyzing evaluation results.
Running muxtree optimizer on module \top..
  Creating internal representation of mux trees.
  Evaluating internal representation of mux trees.
  Analyzing evaluation results.
Removed 0 multiplexer ports.
<suppressed ~1607 debug messages>

10.6.11. Executing OPT_REDUCE pass (consolidate $*mux and $reduce_* inputs).
  Optimizing cells in module $paramod$d40569e2e5029e2dde4c9be19ab6c750b8104d07\uart_axi.
  Optimizing cells in module $paramod$d40569e2e5029e2dde4c9be19ab6c750b8104d07\uart_tx.
    New ctrl vector for $pmux cell $procmux$1980: { \ready $auto$opt_reduce.cc:137:opt_pmux$15975 }
  Optimizing cells in module $paramod$d40569e2e5029e2dde4c9be19ab6c750b8104d07\uart_tx.
  Optimizing cells in module $paramod$d40569e2e5029e2dde4c9be19ab6c750b8104d07\uart_rx.
    New ctrl vector for $pmux cell $procmux$2044: { $procmux$2059_CMP $procmux$2040_CMP $auto$opt_reduce.cc:137:opt_pmux$15977 }
  Optimizing cells in module $paramod$d40569e2e5029e2dde4c9be19ab6c750b8104d07\uart_rx.
  Optimizing cells in module \axi_decoder.
  Optimizing cells in module \axi_lite_interconnect.
  Optimizing cells in module $paramod$5f39f8b646aa95582e6f088ce64c0e154e784a4a\picorv32.
    New ctrl vector for $pmux cell $procmux$4569: { $logic_and$picorv32.v:380$1252_Y $auto$opt_reduce.cc:137:opt_pmux$15979 }
    New ctrl vector for $pmux cell $procmux$3045: { $eq$picorv32.v:1313$1658_Y $procmux$2175_CMP $procmux$2174_CMP $procmux$2213_CMP $procmux$2497_CMP $auto$opt_reduce.cc:137:opt_pmux$15981 }
    New ctrl vector for $pmux cell $procmux$2625: { $procmux$2213_CMP $auto$opt_reduce.cc:137:opt_pmux$15983 }
    New ctrl vector for $pmux cell $procmux$2608: $auto$opt_reduce.cc:137:opt_pmux$15985
  Optimizing cells in module $paramod$5f39f8b646aa95582e6f088ce64c0e154e784a4a\picorv32.
  Optimizing cells in module $paramod$edcaa0cfb453980d1e33a3c938c1a32918b9f1d7\rom.
  Optimizing cells in module $paramod\sram\MEM_DEPTH=s32'00000000000000000000000001000000.
  Optimizing cells in module \top.
Performed a total of 6 changes.

10.6.12. Executing OPT_MERGE pass (detect identical cells).
Finding identical cells in module `$paramod$d40569e2e5029e2dde4c9be19ab6c750b8104d07\uart_axi'.
Computing hashes of 59 cells of `$paramod$d40569e2e5029e2dde4c9be19ab6c750b8104d07\uart_axi'.
Finding duplicate cells in `$paramod$d40569e2e5029e2dde4c9be19ab6c750b8104d07\uart_axi'.
Finding identical cells in module `$paramod$d40569e2e5029e2dde4c9be19ab6c750b8104d07\uart_tx'.
Computing hashes of 32 cells of `$paramod$d40569e2e5029e2dde4c9be19ab6c750b8104d07\uart_tx'.
Finding duplicate cells in `$paramod$d40569e2e5029e2dde4c9be19ab6c750b8104d07\uart_tx'.
Finding identical cells in module `$paramod$d40569e2e5029e2dde4c9be19ab6c750b8104d07\uart_rx'.
Computing hashes of 42 cells of `$paramod$d40569e2e5029e2dde4c9be19ab6c750b8104d07\uart_rx'.
Finding duplicate cells in `$paramod$d40569e2e5029e2dde4c9be19ab6c750b8104d07\uart_rx'.
Finding identical cells in module `\axi_decoder'.
Computing hashes of 3 cells of `\axi_decoder'.
Finding duplicate cells in `\axi_decoder'.
Finding identical cells in module `\axi_lite_interconnect'.
Computing hashes of 71 cells of `\axi_lite_interconnect'.
Finding duplicate cells in `\axi_lite_interconnect'.
Finding identical cells in module `$paramod$5f39f8b646aa95582e6f088ce64c0e154e784a4a\picorv32'.
Computing hashes of 615 cells of `$paramod$5f39f8b646aa95582e6f088ce64c0e154e784a4a\picorv32'.
Finding duplicate cells in `$paramod$5f39f8b646aa95582e6f088ce64c0e154e784a4a\picorv32'.
Computing hashes of 613 cells of `$paramod$5f39f8b646aa95582e6f088ce64c0e154e784a4a\picorv32'.
Finding duplicate cells in `$paramod$5f39f8b646aa95582e6f088ce64c0e154e784a4a\picorv32'.
<suppressed ~6 debug messages>
Finding identical cells in module `$paramod$edcaa0cfb453980d1e33a3c938c1a32918b9f1d7\rom'.
Computing hashes of 29 cells of `$paramod$edcaa0cfb453980d1e33a3c938c1a32918b9f1d7\rom'.
Finding duplicate cells in `$paramod$edcaa0cfb453980d1e33a3c938c1a32918b9f1d7\rom'.
Finding identical cells in module `$paramod\sram\MEM_DEPTH=s32'00000000000000000000000001000000'.
Computing hashes of 1056 cells of `$paramod\sram\MEM_DEPTH=s32'00000000000000000000000001000000'.
Finding duplicate cells in `$paramod\sram\MEM_DEPTH=s32'00000000000000000000000001000000'.
Finding identical cells in module `\top'.
Computing hashes of 82 cells of `\top'.
Finding duplicate cells in `\top'.
Removed a total of 2 cells.

10.6.13. Executing OPT_DFF pass (perform DFF optimizations).

10.6.14. Executing OPT_CLEAN pass (remove unused cells and wires).
Finding unused cells or wires in module $paramod$d40569e2e5029e2dde4c9be19ab6c750b8104d07\uart_axi..
Finding unused cells or wires in module $paramod$d40569e2e5029e2dde4c9be19ab6c750b8104d07\uart_tx..
Finding unused cells or wires in module $paramod$d40569e2e5029e2dde4c9be19ab6c750b8104d07\uart_rx..
Finding unused cells or wires in module \axi_decoder..
Finding unused cells or wires in module \axi_lite_interconnect..
Finding unused cells or wires in module $paramod$5f39f8b646aa95582e6f088ce64c0e154e784a4a\picorv32..
Finding unused cells or wires in module $paramod$edcaa0cfb453980d1e33a3c938c1a32918b9f1d7\rom..
Finding unused cells or wires in module $paramod\sram\MEM_DEPTH=s32'00000000000000000000000001000000..
Finding unused cells or wires in module \top..
Removed 0 unused cells and 4 unused wires.
<suppressed ~1 debug messages>

10.6.15. Executing OPT_EXPR pass (perform const folding).
Optimizing module $paramod$d40569e2e5029e2dde4c9be19ab6c750b8104d07\uart_axi.
Optimizing module $paramod$d40569e2e5029e2dde4c9be19ab6c750b8104d07\uart_tx.
Optimizing module $paramod$d40569e2e5029e2dde4c9be19ab6c750b8104d07\uart_rx.
Optimizing module axi_decoder.
Optimizing module axi_lite_interconnect.
Optimizing module $paramod$5f39f8b646aa95582e6f088ce64c0e154e784a4a\picorv32.
Optimizing module $paramod$edcaa0cfb453980d1e33a3c938c1a32918b9f1d7\rom.
Optimizing module $paramod\sram\MEM_DEPTH=s32'00000000000000000000000001000000.
Optimizing module top.

10.6.16. Rerunning OPT passes. (Maybe there is more to do..)

10.6.17. Executing OPT_MUXTREE pass (detect dead branches in mux trees).
Running muxtree optimizer on module $paramod$d40569e2e5029e2dde4c9be19ab6c750b8104d07\uart_axi..
  Creating internal representation of mux trees.
  Evaluating internal representation of mux trees.
  Analyzing evaluation results.
Running muxtree optimizer on module $paramod$d40569e2e5029e2dde4c9be19ab6c750b8104d07\uart_tx..
  Creating internal representation of mux trees.
  Evaluating internal representation of mux trees.
  Analyzing evaluation results.
Running muxtree optimizer on module $paramod$d40569e2e5029e2dde4c9be19ab6c750b8104d07\uart_rx..
  Creating internal representation of mux trees.
  Evaluating internal representation of mux trees.
  Analyzing evaluation results.
Running muxtree optimizer on module \axi_decoder..
  Creating internal representation of mux trees.
  Evaluating internal representation of mux trees.
  Analyzing evaluation results.
Running muxtree optimizer on module \axi_lite_interconnect..
  Creating internal representation of mux trees.
  Evaluating internal representation of mux trees.
  Analyzing evaluation results.
Running muxtree optimizer on module $paramod$5f39f8b646aa95582e6f088ce64c0e154e784a4a\picorv32..
  Creating internal representation of mux trees.
  Evaluating internal representation of mux trees.
  Analyzing evaluation results.
Running muxtree optimizer on module $paramod$edcaa0cfb453980d1e33a3c938c1a32918b9f1d7\rom..
  Creating internal representation of mux trees.
  Evaluating internal representation of mux trees.
  Analyzing evaluation results.
Running muxtree optimizer on module $paramod\sram\MEM_DEPTH=s32'00000000000000000000000001000000..
  Creating internal representation of mux trees.
  Evaluating internal representation of mux trees.
  Analyzing evaluation results.
Running muxtree optimizer on module \top..
  Creating internal representation of mux trees.
  Evaluating internal representation of mux trees.
  Analyzing evaluation results.
Removed 0 multiplexer ports.
<suppressed ~1593 debug messages>

10.6.18. Executing OPT_REDUCE pass (consolidate $*mux and $reduce_* inputs).
  Optimizing cells in module $paramod$d40569e2e5029e2dde4c9be19ab6c750b8104d07\uart_axi.
  Optimizing cells in module $paramod$d40569e2e5029e2dde4c9be19ab6c750b8104d07\uart_tx.
  Optimizing cells in module $paramod$d40569e2e5029e2dde4c9be19ab6c750b8104d07\uart_rx.
  Optimizing cells in module \axi_decoder.
  Optimizing cells in module \axi_lite_interconnect.
  Optimizing cells in module $paramod$5f39f8b646aa95582e6f088ce64c0e154e784a4a\picorv32.
  Optimizing cells in module $paramod$edcaa0cfb453980d1e33a3c938c1a32918b9f1d7\rom.
  Optimizing cells in module $paramod\sram\MEM_DEPTH=s32'00000000000000000000000001000000.
  Optimizing cells in module \top.
Performed a total of 0 changes.

10.6.19. Executing OPT_MERGE pass (detect identical cells).
Finding identical cells in module `$paramod$d40569e2e5029e2dde4c9be19ab6c750b8104d07\uart_axi'.
Computing hashes of 59 cells of `$paramod$d40569e2e5029e2dde4c9be19ab6c750b8104d07\uart_axi'.
Finding duplicate cells in `$paramod$d40569e2e5029e2dde4c9be19ab6c750b8104d07\uart_axi'.
Finding identical cells in module `$paramod$d40569e2e5029e2dde4c9be19ab6c750b8104d07\uart_tx'.
Computing hashes of 32 cells of `$paramod$d40569e2e5029e2dde4c9be19ab6c750b8104d07\uart_tx'.
Finding duplicate cells in `$paramod$d40569e2e5029e2dde4c9be19ab6c750b8104d07\uart_tx'.
Finding identical cells in module `$paramod$d40569e2e5029e2dde4c9be19ab6c750b8104d07\uart_rx'.
Computing hashes of 42 cells of `$paramod$d40569e2e5029e2dde4c9be19ab6c750b8104d07\uart_rx'.
Finding duplicate cells in `$paramod$d40569e2e5029e2dde4c9be19ab6c750b8104d07\uart_rx'.
Finding identical cells in module `\axi_decoder'.
Computing hashes of 3 cells of `\axi_decoder'.
Finding duplicate cells in `\axi_decoder'.
Finding identical cells in module `\axi_lite_interconnect'.
Computing hashes of 71 cells of `\axi_lite_interconnect'.
Finding duplicate cells in `\axi_lite_interconnect'.
Finding identical cells in module `$paramod$5f39f8b646aa95582e6f088ce64c0e154e784a4a\picorv32'.
Computing hashes of 613 cells of `$paramod$5f39f8b646aa95582e6f088ce64c0e154e784a4a\picorv32'.
Finding duplicate cells in `$paramod$5f39f8b646aa95582e6f088ce64c0e154e784a4a\picorv32'.
Finding identical cells in module `$paramod$edcaa0cfb453980d1e33a3c938c1a32918b9f1d7\rom'.
Computing hashes of 29 cells of `$paramod$edcaa0cfb453980d1e33a3c938c1a32918b9f1d7\rom'.
Finding duplicate cells in `$paramod$edcaa0cfb453980d1e33a3c938c1a32918b9f1d7\rom'.
Finding identical cells in module `$paramod\sram\MEM_DEPTH=s32'00000000000000000000000001000000'.
Computing hashes of 1056 cells of `$paramod\sram\MEM_DEPTH=s32'00000000000000000000000001000000'.
Finding duplicate cells in `$paramod\sram\MEM_DEPTH=s32'00000000000000000000000001000000'.
Finding identical cells in module `\top'.
Computing hashes of 82 cells of `\top'.
Finding duplicate cells in `\top'.
Removed a total of 0 cells.

10.6.20. Executing OPT_DFF pass (perform DFF optimizations).

10.6.21. Executing OPT_CLEAN pass (remove unused cells and wires).
Finding unused cells or wires in module $paramod$d40569e2e5029e2dde4c9be19ab6c750b8104d07\uart_axi..
Finding unused cells or wires in module $paramod$d40569e2e5029e2dde4c9be19ab6c750b8104d07\uart_tx..
Finding unused cells or wires in module $paramod$d40569e2e5029e2dde4c9be19ab6c750b8104d07\uart_rx..
Finding unused cells or wires in module \axi_decoder..
Finding unused cells or wires in module \axi_lite_interconnect..
Finding unused cells or wires in module $paramod$5f39f8b646aa95582e6f088ce64c0e154e784a4a\picorv32..
Finding unused cells or wires in module $paramod$edcaa0cfb453980d1e33a3c938c1a32918b9f1d7\rom..
Finding unused cells or wires in module $paramod\sram\MEM_DEPTH=s32'00000000000000000000000001000000..
Finding unused cells or wires in module \top..

10.6.22. Executing OPT_EXPR pass (perform const folding).
Optimizing module $paramod$d40569e2e5029e2dde4c9be19ab6c750b8104d07\uart_axi.
Optimizing module $paramod$d40569e2e5029e2dde4c9be19ab6c750b8104d07\uart_tx.
Optimizing module $paramod$d40569e2e5029e2dde4c9be19ab6c750b8104d07\uart_rx.
Optimizing module axi_decoder.
Optimizing module axi_lite_interconnect.
Optimizing module $paramod$5f39f8b646aa95582e6f088ce64c0e154e784a4a\picorv32.
Optimizing module $paramod$edcaa0cfb453980d1e33a3c938c1a32918b9f1d7\rom.
Optimizing module $paramod\sram\MEM_DEPTH=s32'00000000000000000000000001000000.
Optimizing module top.

10.6.23. Finished fast OPT passes. (There is nothing left to do.)

10.7. Executing FSM pass (extract and optimize FSM).

10.7.1. Executing FSM_DETECT pass (finding FSMs in design).
Found FSM state register $paramod$d40569e2e5029e2dde4c9be19ab6c750b8104d07\uart_tx.state.
Found FSM state register $paramod$d40569e2e5029e2dde4c9be19ab6c750b8104d07\uart_rx.state.
Found FSM state register $paramod$5f39f8b646aa95582e6f088ce64c0e154e784a4a\picorv32.cpu_state.
Found FSM state register $paramod$5f39f8b646aa95582e6f088ce64c0e154e784a4a\picorv32.mem_wordsize.
Not marking $paramod$5f39f8b646aa95582e6f088ce64c0e154e784a4a\picorv32.mem_state as FSM state register:
    Users of register don't seem to benefit from recoding.
Not marking $paramod$5f39f8b646aa95582e6f088ce64c0e154e784a4a\picorv32.eoi as FSM state register:
    Register is connected to module port.
    Users of register don't seem to benefit from recoding.
Not marking $paramod$5f39f8b646aa95582e6f088ce64c0e154e784a4a\picorv32.pcpi_insn as FSM state register:
    Register is connected to module port.
    Users of register don't seem to benefit from recoding.
Found FSM state register top.b_state.

10.7.2. Executing FSM_EXTRACT pass (extracting FSM from design).
Extracting FSM `\state' from module `$paramod$d40569e2e5029e2dde4c9be19ab6c750b8104d07\uart_tx'.
  found $adff cell for state register: $procdff$15347
  root of input selection tree: $0\state[1:0]
  found reset state: 2'00 (from async reset)
  found ctrl input: $procmux$1951_CMP
  found ctrl input: $procmux$1952_CMP
  found ctrl input: $procmux$1953_CMP
  found ctrl input: \ready
  found ctrl input: $eq$uart_tx.v:110$1894_Y
  found ctrl input: $eq$uart_tx.v:98$1891_Y
  found state code: 2'11
  found state code: 2'10
  found ctrl input: \valid
  found state code: 2'01
  found ctrl output: $procmux$1951_CMP
  found ctrl output: $procmux$1952_CMP
  found ctrl output: $procmux$1953_CMP
  found ctrl output: \ready
  ctrl inputs: { $eq$uart_tx.v:110$1894_Y $eq$uart_tx.v:98$1891_Y \valid }
  ctrl outputs: { $procmux$1953_CMP $procmux$1952_CMP $procmux$1951_CMP \ready $0\state[1:0] }
  transition:       2'00 3'--0 ->       2'00 6'000100
  transition:       2'00 3'--1 ->       2'01 6'000101
  transition:       2'10 3'0-- ->       2'10 6'010010
  transition:       2'10 3'10- ->       2'10 6'010010
  transition:       2'10 3'11- ->       2'11 6'010011
  transition:       2'01 3'0-- ->       2'01 6'100001
  transition:       2'01 3'1-- ->       2'10 6'100010
  transition:       2'11 3'0-- ->       2'11 6'001011
  transition:       2'11 3'1-- ->       2'00 6'001000
Extracting FSM `\state' from module `$paramod$d40569e2e5029e2dde4c9be19ab6c750b8104d07\uart_rx'.
  found $adff cell for state register: $procdff$15362
  root of input selection tree: $0\state[1:0]
  found reset state: 2'00 (from async reset)
  found ctrl input: $procmux$2018_CMP
  found ctrl input: $procmux$2024_CMP
  found ctrl input: $procmux$2040_CMP
  found ctrl input: $procmux$2059_CMP
  found ctrl input: $eq$uart_rx.v:111$1880_Y
  found ctrl input: $eq$uart_rx.v:114$1881_Y
  found state code: 2'11
  found ctrl input: $eq$uart_rx.v:97$1877_Y
  found ctrl input: \rx_sync1
  found state code: 2'10
  found state code: 2'01
  found ctrl output: $procmux$2018_CMP
  found ctrl output: $procmux$2024_CMP
  found ctrl output: $procmux$2040_CMP
  found ctrl output: $procmux$2059_CMP
  ctrl inputs: { $eq$uart_rx.v:114$1881_Y $eq$uart_rx.v:111$1880_Y $eq$uart_rx.v:97$1877_Y \rx_sync1 }
  ctrl outputs: { $procmux$2059_CMP $procmux$2040_CMP $procmux$2024_CMP $procmux$2018_CMP $0\state[1:0] }
  transition:       2'00 4'---0 ->       2'01 6'100001
  transition:       2'00 4'---1 ->       2'00 6'100000
  transition:       2'10 4'-0-- ->       2'10 6'001010
  transition:       2'10 4'01-- ->       2'10 6'001010
  transition:       2'10 4'11-- ->       2'11 6'001011
  transition:       2'01 4'--0- ->       2'01 6'010001
  transition:       2'01 4'--10 ->       2'10 6'010010
  transition:       2'01 4'--11 ->       2'00 6'010000
  transition:       2'11 4'-0-- ->       2'11 6'000111
  transition:       2'11 4'-1-- ->       2'00 6'000100
Extracting FSM `\cpu_state' from module `$paramod$5f39f8b646aa95582e6f088ce64c0e154e784a4a\picorv32'.
  found $dff cell for state register: $procdff$15427
  root of input selection tree: $0\cpu_state[7:0]
  found reset state: 8'10000000 (guessed from mux tree)
  found ctrl input: $logic_and$picorv32.v:1938$1850_Y
  found ctrl input: $logic_and$picorv32.v:1922$1832_Y
  found ctrl input: \resetn
  found state code: 8'01000000
  found ctrl input: $auto$opt_reduce.cc:137:opt_pmux$15981
  found ctrl input: $procmux$2497_CMP
  found ctrl input: $procmux$2213_CMP
  found ctrl input: $procmux$2174_CMP
  found ctrl input: $procmux$2175_CMP
  found ctrl input: $eq$picorv32.v:1313$1658_Y
  found ctrl input: $logic_or$picorv32.v:1857$1817_Y
  found ctrl input: $logic_and$picorv32.v:1872$1821_Y
  found ctrl input: $eq$picorv32.v:1831$1799_Y
  found ctrl input: \is_beq_bne_blt_bge_bltu_bgeu
  found ctrl input: \mem_done
  found ctrl input: \is_sll_srl_sra
  found ctrl input: \is_sb_sh_sw
  found state code: 8'00001000
  found state code: 8'00000100
  found state code: 8'00000010
  found ctrl input: $auto$opt_reduce.cc:137:opt_pmux$15954
  found ctrl input: \is_slli_srli_srai
  found ctrl input: $logic_and$picorv32.v:1696$1771_Y
  found ctrl input: \is_rdcycle_rdcycleh_rdinstr_rdinstrh
  found ctrl input: \instr_trap
  found state code: 8'00000001
  found state code: 8'10000000
  found ctrl input: \decoder_trigger
  found ctrl input: \instr_jal
  found state code: 8'00100000
  found ctrl input: $logic_and$picorv32.v:1930$1842_Y
  found ctrl input: $logic_and$picorv32.v:1923$1835_Y
  found ctrl output: $procmux$2164_CMP
  found ctrl output: $procmux$2186_CMP
  found ctrl output: $procmux$2213_CMP
  found ctrl output: $procmux$2175_CMP
  found ctrl output: $procmux$2497_CMP
  found ctrl output: $procmux$2174_CMP
  found ctrl output: $procmux$2502_CMP
  found ctrl output: $eq$picorv32.v:1313$1658_Y
  ctrl inputs: { $logic_and$picorv32.v:1938$1850_Y $logic_and$picorv32.v:1930$1842_Y $logic_and$picorv32.v:1923$1835_Y $logic_and$picorv32.v:1922$1832_Y $logic_and$picorv32.v:1872$1821_Y $logic_or$picorv32.v:1857$1817_Y $eq$picorv32.v:1831$1799_Y $logic_and$picorv32.v:1696$1771_Y \is_rdcycle_rdcycleh_rdinstr_rdinstrh \is_beq_bne_blt_bge_bltu_bgeu \is_sll_srl_sra \is_sb_sh_sw \is_slli_srli_srai \decoder_trigger \instr_trap \instr_jal \mem_done \resetn $auto$opt_reduce.cc:137:opt_pmux$15954 $auto$opt_reduce.cc:137:opt_pmux$15981 }
  ctrl outputs: { $procmux$2502_CMP $procmux$2497_CMP $procmux$2213_CMP $procmux$2186_CMP $procmux$2175_CMP $procmux$2174_CMP $procmux$2164_CMP $eq$picorv32.v:1313$1658_Y $0\cpu_state[7:0] }
  transition: 8'10000000 20'0--0-------------0-- -> 8'01000000 16'1000000001000000
  transition: 8'10000000 20'0--0-------------1-- -> 8'10000000 16'1000000010000000
  transition: 8'10000000 20'0001-------------0-- -> 8'01000000 16'1000000001000000
  transition: 8'10000000 20'0001-------------1-- -> 8'10000000 16'1000000010000000
  transition: 8'10000000 20'0011---------------- -> 8'10000000 16'1000000010000000
  transition: 8'10000000 20'01-1---------------- -> 8'10000000 16'1000000010000000
  transition: 8'10000000 20'1------------------- -> 8'10000000 16'1000000010000000
  transition: 8'01000000 20'0--0-------------0-- -> 8'01000000 16'0000000101000000
  transition: 8'01000000 20'0--0---------0---1-- -> 8'01000000 16'0000000101000000
  transition: 8'01000000 20'0--0---------1-0-1-- -> 8'00100000 16'0000000100100000
  transition: 8'01000000 20'0--0---------1-1-1-- -> 8'01000000 16'0000000101000000
  transition: 8'01000000 20'0001-------------0-- -> 8'01000000 16'0000000101000000
  transition: 8'01000000 20'0001---------0---1-- -> 8'01000000 16'0000000101000000
  transition: 8'01000000 20'0001---------1-0-1-- -> 8'00100000 16'0000000100100000
  transition: 8'01000000 20'0001---------1-1-1-- -> 8'01000000 16'0000000101000000
  transition: 8'01000000 20'0011---------------- -> 8'10000000 16'0000000110000000
  transition: 8'01000000 20'01-1---------------- -> 8'10000000 16'0000000110000000
  transition: 8'01000000 20'1------------------- -> 8'10000000 16'0000000110000000
  transition: 8'00100000 20'0--0-------------0-- -> 8'01000000 16'0000100001000000
  transition: 8'00100000 20'0--0---00-000-0--10- -> 8'00001000 16'0000100000001000
  transition: 8'00100000 20'0--0---00--10-0--10- -> 8'00000010 16'0000100000000010
  transition: 8'00100000 20'0--0---00-1-0-0--10- -> 8'00000100 16'0000100000000100
  transition: 8'00100000 20'0--0----------1--1-- -> 8'10000000 16'0000100010000000
  transition: 8'00100000 20'0--0----1--------1-- -> 8'01000000 16'0000100001000000
  transition: 8'00100000 20'0--0---1---------1-- -> 8'00000001 16'0000100000000001
  transition: 8'00100000 20'0--0--------1----1-- -> 8'00000100 16'0000100000000100
  transition: 8'00100000 20'0--0-------------11- -> 8'00001000 16'0000100000001000
  transition: 8'00100000 20'0001-------------0-- -> 8'01000000 16'0000100001000000
  transition: 8'00100000 20'0001---00-000-0--10- -> 8'00001000 16'0000100000001000
  transition: 8'00100000 20'0001---00--10-0--10- -> 8'00000010 16'0000100000000010
  transition: 8'00100000 20'0001---00-1-0-0--10- -> 8'00000100 16'0000100000000100
  transition: 8'00100000 20'0001----------1--1-- -> 8'10000000 16'0000100010000000
  transition: 8'00100000 20'0001----1--------1-- -> 8'01000000 16'0000100001000000
  transition: 8'00100000 20'0001---1---------1-- -> 8'00000001 16'0000100000000001
  transition: 8'00100000 20'0001--------1----1-- -> 8'00000100 16'0000100000000100
  transition: 8'00100000 20'0001-------------11- -> 8'00001000 16'0000100000001000
  transition: 8'00100000 20'0011---------------- -> 8'10000000 16'0000100010000000
  transition: 8'00100000 20'01-1---------------- -> 8'10000000 16'0000100010000000
  transition: 8'00100000 20'1------------------- -> 8'10000000 16'0000100010000000
  transition: 8'00001000 20'0--0-------------0-- -> 8'01000000 16'0010000001000000
  transition: 8'00001000 20'0--0-----0-------1-- -> 8'01000000 16'0010000001000000
  transition: 8'00001000 20'0--0-----1------01-- -> 8'00001000 16'0010000000001000
  transition: 8'00001000 20'0--0-----1------11-- -> 8'01000000 16'0010000001000000
  transition: 8'00001000 20'0001-------------0-- -> 8'01000000 16'0010000001000000
  transition: 8'00001000 20'0001-----0-------1-- -> 8'01000000 16'0010000001000000
  transition: 8'00001000 20'0001-----1------01-- -> 8'00001000 16'0010000000001000
  transition: 8'00001000 20'0001-----1------11-- -> 8'01000000 16'0010000001000000
  transition: 8'00001000 20'0011---------------- -> 8'10000000 16'0010000010000000
  transition: 8'00001000 20'01-1---------------- -> 8'10000000 16'0010000010000000
  transition: 8'00001000 20'1------------------- -> 8'10000000 16'0010000010000000
  transition: 8'00000100 20'0--0-------------0-- -> 8'01000000 16'0100000001000000
  transition: 8'00000100 20'0--0--0----------1-- -> 8'00000100 16'0100000000000100
  transition: 8'00000100 20'0--0--1----------1-- -> 8'01000000 16'0100000001000000
  transition: 8'00000100 20'0001-------------0-- -> 8'01000000 16'0100000001000000
  transition: 8'00000100 20'0001--0----------1-- -> 8'00000100 16'0100000000000100
  transition: 8'00000100 20'0001--1----------1-- -> 8'01000000 16'0100000001000000
  transition: 8'00000100 20'0011---------------- -> 8'10000000 16'0100000010000000
  transition: 8'00000100 20'01-1---------------- -> 8'10000000 16'0100000010000000
  transition: 8'00000100 20'1------------------- -> 8'10000000 16'0100000010000000
  transition: 8'00000010 20'0--0-------------0-- -> 8'01000000 16'0001000001000000
  transition: 8'00000010 20'0--0-0-----------1-- -> 8'00000010 16'0001000000000010
  transition: 8'00000010 20'0--001-----------1-- -> 8'00000010 16'0001000000000010
  transition: 8'00000010 20'0--011-----------1-- -> 8'01000000 16'0001000001000000
  transition: 8'00000010 20'0001-------------0-- -> 8'01000000 16'0001000001000000
  transition: 8'00000010 20'0001-0-----------1-- -> 8'00000010 16'0001000000000010
  transition: 8'00000010 20'000101-----------1-- -> 8'00000010 16'0001000000000010
  transition: 8'00000010 20'000111-----------1-- -> 8'01000000 16'0001000001000000
  transition: 8'00000010 20'0011---------------- -> 8'10000000 16'0001000010000000
  transition: 8'00000010 20'01-1---------------- -> 8'10000000 16'0001000010000000
  transition: 8'00000010 20'1------------------- -> 8'10000000 16'0001000010000000
  transition: 8'00000001 20'0--0-------------0-- -> 8'01000000 16'0000001001000000
  transition: 8'00000001 20'0--0-0-----------1-- -> 8'00000001 16'0000001000000001
  transition: 8'00000001 20'0--001-----------1-- -> 8'00000001 16'0000001000000001
  transition: 8'00000001 20'0--011-----------1-- -> 8'01000000 16'0000001001000000
  transition: 8'00000001 20'0001-------------0-- -> 8'01000000 16'0000001001000000
  transition: 8'00000001 20'0001-0-----------1-- -> 8'00000001 16'0000001000000001
  transition: 8'00000001 20'000101-----------1-- -> 8'00000001 16'0000001000000001
  transition: 8'00000001 20'000111-----------1-- -> 8'01000000 16'0000001001000000
  transition: 8'00000001 20'0011---------------- -> 8'10000000 16'0000001010000000
  transition: 8'00000001 20'01-1---------------- -> 8'10000000 16'0000001010000000
  transition: 8'00000001 20'1------------------- -> 8'10000000 16'0000001010000000
Extracting FSM `\mem_wordsize' from module `$paramod$5f39f8b646aa95582e6f088ce64c0e154e784a4a\picorv32'.
  found $dff cell for state register: $procdff$15414
  root of input selection tree: $0\mem_wordsize[1:0]
  found ctrl input: \resetn
  found ctrl input: $procmux$2164_CMP
  found ctrl input: $procmux$2186_CMP
  found ctrl input: $eq$picorv32.v:1313$1658_Y
  found ctrl input: $logic_or$picorv32.v:1857$1817_Y
  found ctrl input: \mem_do_rdata
  found ctrl input: \instr_lw
  found ctrl input: $logic_or$picorv32.v:1887$1826_Y
  found ctrl input: $logic_or$picorv32.v:1886$1825_Y
  found state code: 2'00
  found state code: 2'01
  found state code: 2'10
  found ctrl input: \mem_do_wdata
  found ctrl input: \instr_sw
  found ctrl input: \instr_sh
  found ctrl input: \instr_sb
  found ctrl output: $procmux$4811_CMP
  found ctrl output: $eq$picorv32.v:1930$1840_Y
  found ctrl output: $eq$picorv32.v:1923$1833_Y
  ctrl inputs: { $procmux$2186_CMP $procmux$2164_CMP $logic_or$picorv32.v:1887$1826_Y $logic_or$picorv32.v:1886$1825_Y $logic_or$picorv32.v:1857$1817_Y $eq$picorv32.v:1313$1658_Y \instr_sw \instr_sh \instr_sb \instr_lw \mem_do_wdata \mem_do_rdata \resetn }
  ctrl outputs: { $procmux$4811_CMP $eq$picorv32.v:1930$1840_Y $eq$picorv32.v:1923$1833_Y $0\mem_wordsize[1:0] }
  transition:       2'00 13'------------0 ->       2'00 5'00100
  transition:       2'00 13'00---0------1 ->       2'00 5'00100
  transition:       2'00 13'-----1------1 ->       2'00 5'00100
  transition:       2'00 13'1---0-------1 ->       2'00 5'00100
  transition:       2'00 13'1---1-000-0-1 ->       2'00 5'00100
  transition:       2'00 13'1---1---1-0-1 ->       2'10 5'00110
  transition:       2'00 13'1---1--1--0-1 ->       2'01 5'00101
  transition:       2'00 13'1---1-1---0-1 ->       2'00 5'00100
  transition:       2'00 13'1---1-----1-1 ->       2'00 5'00100
  transition:       2'00 13'-1--0-------1 ->       2'00 5'00100
  transition:       2'00 13'-1001----0-01 ->       2'00 5'00100
  transition:       2'00 13'-1-11------01 ->       2'10 5'00110
  transition:       2'00 13'-11-1------01 ->       2'01 5'00101
  transition:       2'00 13'-1--1----1-01 ->       2'00 5'00100
  transition:       2'00 13'-1--1------11 ->       2'00 5'00100
  transition:       2'10 13'------------0 ->       2'10 5'10010
  transition:       2'10 13'00---0------1 ->       2'10 5'10010
  transition:       2'10 13'-----1------1 ->       2'00 5'10000
  transition:       2'10 13'1---0-------1 ->       2'10 5'10010
  transition:       2'10 13'1---1-000-0-1 ->       2'10 5'10010
  transition:       2'10 13'1---1---1-0-1 ->       2'10 5'10010
  transition:       2'10 13'1---1--1--0-1 ->       2'01 5'10001
  transition:       2'10 13'1---1-1---0-1 ->       2'00 5'10000
  transition:       2'10 13'1---1-----1-1 ->       2'10 5'10010
  transition:       2'10 13'-1--0-------1 ->       2'10 5'10010
  transition:       2'10 13'-1001----0-01 ->       2'10 5'10010
  transition:       2'10 13'-1-11------01 ->       2'10 5'10010
  transition:       2'10 13'-11-1------01 ->       2'01 5'10001
  transition:       2'10 13'-1--1----1-01 ->       2'00 5'10000
  transition:       2'10 13'-1--1------11 ->       2'10 5'10010
  transition:       2'01 13'------------0 ->       2'01 5'01001
  transition:       2'01 13'00---0------1 ->       2'01 5'01001
  transition:       2'01 13'-----1------1 ->       2'00 5'01000
  transition:       2'01 13'1---0-------1 ->       2'01 5'01001
  transition:       2'01 13'1---1-000-0-1 ->       2'01 5'01001
  transition:       2'01 13'1---1---1-0-1 ->       2'10 5'01010
  transition:       2'01 13'1---1--1--0-1 ->       2'01 5'01001
  transition:       2'01 13'1---1-1---0-1 ->       2'00 5'01000
  transition:       2'01 13'1---1-----1-1 ->       2'01 5'01001
  transition:       2'01 13'-1--0-------1 ->       2'01 5'01001
  transition:       2'01 13'-1001----0-01 ->       2'01 5'01001
  transition:       2'01 13'-1-11------01 ->       2'10 5'01010
  transition:       2'01 13'-11-1------01 ->       2'01 5'01001
  transition:       2'01 13'-1--1----1-01 ->       2'00 5'01000
  transition:       2'01 13'-1--1------11 ->       2'01 5'01001
Extracting FSM `\b_state' from module `\top'.
  found $adff cell for state register: $procdff$15939
  root of input selection tree: $0\b_state[2:0]
  found reset state: 3'000 (from async reset)
  found ctrl input: $procmux$15163_CMP
  found ctrl input: $procmux$15183_CMP
  found ctrl input: $procmux$15166_CMP
  found ctrl input: $procmux$15170_CMP
  found ctrl input: $procmux$15198_CMP
  found ctrl input: $logic_and$top.v:213$19_Y
  found ctrl input: $logic_and$top.v:204$18_Y
  found state code: 3'100
  found ctrl input: \m_axi_bvalid
  found ctrl input: $logic_and$top.v:181$8_Y
  found ctrl input: $logic_and$top.v:185$17_Y
  found state code: 3'010
  found ctrl input: $logic_and$top.v:158$4_Y
  found ctrl input: $procmux$15195_CMP
  found state code: 3'011
  found state code: 3'001
  found ctrl output: $procmux$15163_CMP
  found ctrl output: $procmux$15183_CMP
  found ctrl output: $procmux$15166_CMP
  found ctrl output: $procmux$15170_CMP
  found ctrl output: $procmux$15198_CMP
  ctrl inputs: { $procmux$15195_CMP $logic_and$top.v:213$19_Y $logic_and$top.v:204$18_Y $logic_and$top.v:185$17_Y $logic_and$top.v:181$8_Y $logic_and$top.v:158$4_Y \m_axi_bvalid }
  ctrl outputs: { $procmux$15198_CMP $procmux$15183_CMP $procmux$15170_CMP $procmux$15166_CMP $procmux$15163_CMP $0\b_state[2:0] }
  transition:      3'000 7'-----0- ->      3'000 8'10000000
  transition:      3'000 7'0----1- ->      3'011 8'10000011
  transition:      3'000 7'1----1- ->      3'001 8'10000001
  transition:      3'100 7'-0----- ->      3'100 8'00001100
  transition:      3'100 7'-1----- ->      3'000 8'00001000
  transition:      3'010 7'------0 ->      3'010 8'00010010
  transition:      3'010 7'------1 ->      3'000 8'00010000
  transition:      3'001 7'---00-- ->      3'001 8'00100001
  transition:      3'001 7'---10-- ->      3'010 8'00100010
  transition:      3'001 7'----1-- ->      3'000 8'00100000
  transition:      3'011 7'--0---- ->      3'011 8'01000011
  transition:      3'011 7'--1---- ->      3'100 8'01000100

10.7.3. Executing FSM_OPT pass (simple optimizations of FSMs).
Optimizing FSM `$fsm$\state$15986' from module `$paramod$d40569e2e5029e2dde4c9be19ab6c750b8104d07\uart_tx'.
Optimizing FSM `$fsm$\state$15992' from module `$paramod$d40569e2e5029e2dde4c9be19ab6c750b8104d07\uart_rx'.
Optimizing FSM `$fsm$\mem_wordsize$16008' from module `$paramod$5f39f8b646aa95582e6f088ce64c0e154e784a4a\picorv32'.
Optimizing FSM `$fsm$\cpu_state$15998' from module `$paramod$5f39f8b646aa95582e6f088ce64c0e154e784a4a\picorv32'.
  Removing unused input signal $auto$opt_reduce.cc:137:opt_pmux$15981.
Optimizing FSM `$fsm$\b_state$16013' from module `\top'.

10.7.4. Executing OPT_CLEAN pass (remove unused cells and wires).
Finding unused cells or wires in module $paramod$d40569e2e5029e2dde4c9be19ab6c750b8104d07\uart_axi..
Finding unused cells or wires in module $paramod$d40569e2e5029e2dde4c9be19ab6c750b8104d07\uart_tx..
Finding unused cells or wires in module $paramod$d40569e2e5029e2dde4c9be19ab6c750b8104d07\uart_rx..
Finding unused cells or wires in module \axi_decoder..
Finding unused cells or wires in module \axi_lite_interconnect..
Finding unused cells or wires in module $paramod$5f39f8b646aa95582e6f088ce64c0e154e784a4a\picorv32..
Finding unused cells or wires in module $paramod$edcaa0cfb453980d1e33a3c938c1a32918b9f1d7\rom..
Finding unused cells or wires in module $paramod\sram\MEM_DEPTH=s32'00000000000000000000000001000000..
Finding unused cells or wires in module \top..
Removed 73 unused cells and 73 unused wires.
<suppressed ~77 debug messages>

10.7.5. Executing FSM_OPT pass (simple optimizations of FSMs).
Optimizing FSM `$fsm$\state$15986' from module `$paramod$d40569e2e5029e2dde4c9be19ab6c750b8104d07\uart_tx'.
  Removing unused output signal $0\state[1:0] [0].
  Removing unused output signal $0\state[1:0] [1].
Optimizing FSM `$fsm$\state$15992' from module `$paramod$d40569e2e5029e2dde4c9be19ab6c750b8104d07\uart_rx'.
  Removing unused output signal $0\state[1:0] [0].
  Removing unused output signal $0\state[1:0] [1].
Optimizing FSM `$fsm$\cpu_state$15998' from module `$paramod$5f39f8b646aa95582e6f088ce64c0e154e784a4a\picorv32'.
  Removing unused output signal $0\cpu_state[7:0] [0].
  Removing unused output signal $0\cpu_state[7:0] [1].
  Removing unused output signal $0\cpu_state[7:0] [2].
  Removing unused output signal $0\cpu_state[7:0] [3].
  Removing unused output signal $0\cpu_state[7:0] [4].
  Removing unused output signal $0\cpu_state[7:0] [5].
  Removing unused output signal $0\cpu_state[7:0] [6].
  Removing unused output signal $0\cpu_state[7:0] [7].
Optimizing FSM `$fsm$\mem_wordsize$16008' from module `$paramod$5f39f8b646aa95582e6f088ce64c0e154e784a4a\picorv32'.
  Removing unused output signal $0\mem_wordsize[1:0] [0].
  Removing unused output signal $0\mem_wordsize[1:0] [1].
Optimizing FSM `$fsm$\b_state$16013' from module `\top'.
  Removing unused output signal $0\b_state[2:0] [0].
  Removing unused output signal $0\b_state[2:0] [1].
  Removing unused output signal $0\b_state[2:0] [2].

10.7.6. Executing FSM_RECODE pass (re-assigning FSM state encoding).
Recoding FSM `$fsm$\state$15986' from module `$paramod$d40569e2e5029e2dde4c9be19ab6c750b8104d07\uart_tx' using `auto' encoding:
  mapping auto encoding to `one-hot` for this FSM.
  00 -> ---1
  10 -> --1-
  01 -> -1--
  11 -> 1---
Recoding FSM `$fsm$\state$15992' from module `$paramod$d40569e2e5029e2dde4c9be19ab6c750b8104d07\uart_rx' using `auto' encoding:
  mapping auto encoding to `one-hot` for this FSM.
  00 -> ---1
  10 -> --1-
  01 -> -1--
  11 -> 1---
Recoding FSM `$fsm$\cpu_state$15998' from module `$paramod$5f39f8b646aa95582e6f088ce64c0e154e784a4a\picorv32' using `auto' encoding:
  mapping auto encoding to `one-hot` for this FSM.
  10000000 -> ------1
  01000000 -> -----1-
  00100000 -> ----1--
  00001000 -> ---1---
  00000100 -> --1----
  00000010 -> -1-----
  00000001 -> 1------
Recoding FSM `$fsm$\mem_wordsize$16008' from module `$paramod$5f39f8b646aa95582e6f088ce64c0e154e784a4a\picorv32' using `auto' encoding:
  mapping auto encoding to `one-hot` for this FSM.
  00 -> --1
  10 -> -1-
  01 -> 1--
Recoding FSM `$fsm$\b_state$16013' from module `\top' using `auto' encoding:
  mapping auto encoding to `one-hot` for this FSM.
  000 -> ----1
  100 -> ---1-
  010 -> --1--
  001 -> -1---
  011 -> 1----

10.7.7. Executing FSM_INFO pass (dumping all available information on FSM cells).

FSM `$fsm$\state$15986' from module `$paramod$d40569e2e5029e2dde4c9be19ab6c750b8104d07\uart_tx':
-------------------------------------

  Information on FSM $fsm$\state$15986 (\state):

  Number of input signals:    3
  Number of output signals:   4
  Number of state bits:       4

  Input signals:
    0: \valid
    1: $eq$uart_tx.v:98$1891_Y
    2: $eq$uart_tx.v:110$1894_Y

  Output signals:
    0: \ready
    1: $procmux$1951_CMP
    2: $procmux$1952_CMP
    3: $procmux$1953_CMP

  State encoding:
    0:     4'---1  <RESET STATE>
    1:     4'--1-
    2:     4'-1--
    3:     4'1---

  Transition Table (state_in, ctrl_in, state_out, ctrl_out):
      0:     0 3'--0   ->     0 4'0001
      1:     0 3'--1   ->     2 4'0001
      2:     1 3'10-   ->     1 4'0100
      3:     1 3'0--   ->     1 4'0100
      4:     1 3'11-   ->     3 4'0100
      5:     2 3'1--   ->     1 4'1000
      6:     2 3'0--   ->     2 4'1000
      7:     3 3'1--   ->     0 4'0010
      8:     3 3'0--   ->     3 4'0010

-------------------------------------

FSM `$fsm$\state$15992' from module `$paramod$d40569e2e5029e2dde4c9be19ab6c750b8104d07\uart_rx':
-------------------------------------

  Information on FSM $fsm$\state$15992 (\state):

  Number of input signals:    4
  Number of output signals:   4
  Number of state bits:       4

  Input signals:
    0: \rx_sync1
    1: $eq$uart_rx.v:97$1877_Y
    2: $eq$uart_rx.v:111$1880_Y
    3: $eq$uart_rx.v:114$1881_Y

  Output signals:
    0: $procmux$2018_CMP
    1: $procmux$2024_CMP
    2: $procmux$2040_CMP
    3: $procmux$2059_CMP

  State encoding:
    0:     4'---1  <RESET STATE>
    1:     4'--1-
    2:     4'-1--
    3:     4'1---

  Transition Table (state_in, ctrl_in, state_out, ctrl_out):
      0:     0 4'---1   ->     0 4'1000
      1:     0 4'---0   ->     2 4'1000
      2:     1 4'-0--   ->     1 4'0010
      3:     1 4'01--   ->     1 4'0010
      4:     1 4'11--   ->     3 4'0010
      5:     2 4'--11   ->     0 4'0100
      6:     2 4'--10   ->     1 4'0100
      7:     2 4'--0-   ->     2 4'0100
      8:     3 4'-1--   ->     0 4'0001
      9:     3 4'-0--   ->     3 4'0001

-------------------------------------

FSM `$fsm$\cpu_state$15998' from module `$paramod$5f39f8b646aa95582e6f088ce64c0e154e784a4a\picorv32':
-------------------------------------

  Information on FSM $fsm$\cpu_state$15998 (\cpu_state):

  Number of input signals:   19
  Number of output signals:   8
  Number of state bits:       7

  Input signals:
    0: $auto$opt_reduce.cc:137:opt_pmux$15954
    1: \resetn
    2: \mem_done
    3: \instr_jal
    4: \instr_trap
    5: \decoder_trigger
    6: \is_slli_srli_srai
    7: \is_sb_sh_sw
    8: \is_sll_srl_sra
    9: \is_beq_bne_blt_bge_bltu_bgeu
   10: \is_rdcycle_rdcycleh_rdinstr_rdinstrh
   11: $logic_and$picorv32.v:1696$1771_Y
   12: $eq$picorv32.v:1831$1799_Y
   13: $logic_or$picorv32.v:1857$1817_Y
   14: $logic_and$picorv32.v:1872$1821_Y
   15: $logic_and$picorv32.v:1922$1832_Y
   16: $logic_and$picorv32.v:1923$1835_Y
   17: $logic_and$picorv32.v:1930$1842_Y
   18: $logic_and$picorv32.v:1938$1850_Y

  Output signals:
    0: $eq$picorv32.v:1313$1658_Y
    1: $procmux$2164_CMP
    2: $procmux$2174_CMP
    3: $procmux$2175_CMP
    4: $procmux$2186_CMP
    5: $procmux$2213_CMP
    6: $procmux$2497_CMP
    7: $procmux$2502_CMP

  State encoding:
    0:  7'------1  <RESET STATE>
    1:  7'-----1-
    2:  7'----1--
    3:  7'---1---
    4:  7'--1----
    5:  7'-1-----
    6:  7'1------

  Transition Table (state_in, ctrl_in, state_out, ctrl_out):
      0:     0 19'0--0-------------1-   ->     0 8'10000000
      1:     0 19'0001-------------1-   ->     0 8'10000000
      2:     0 19'0011---------------   ->     0 8'10000000
      3:     0 19'01-1---------------   ->     0 8'10000000
      4:     0 19'1------------------   ->     0 8'10000000
      5:     0 19'0--0-------------0-   ->     1 8'10000000
      6:     0 19'0001-------------0-   ->     1 8'10000000
      7:     1 19'0011---------------   ->     0 8'00000001
      8:     1 19'01-1---------------   ->     0 8'00000001
      9:     1 19'1------------------   ->     0 8'00000001
     10:     1 19'0--0-------------0-   ->     1 8'00000001
     11:     1 19'0001-------------0-   ->     1 8'00000001
     12:     1 19'0--0---------1-1-1-   ->     1 8'00000001
     13:     1 19'0001---------1-1-1-   ->     1 8'00000001
     14:     1 19'0--0---------0---1-   ->     1 8'00000001
     15:     1 19'0001---------0---1-   ->     1 8'00000001
     16:     1 19'0--0---------1-0-1-   ->     2 8'00000001
     17:     1 19'0001---------1-0-1-   ->     2 8'00000001
     18:     2 19'0--0----------1--1-   ->     0 8'00001000
     19:     2 19'0001----------1--1-   ->     0 8'00001000
     20:     2 19'0011---------------   ->     0 8'00001000
     21:     2 19'01-1---------------   ->     0 8'00001000
     22:     2 19'1------------------   ->     0 8'00001000
     23:     2 19'0--0-------------0-   ->     1 8'00001000
     24:     2 19'0001-------------0-   ->     1 8'00001000
     25:     2 19'0--0----1--------1-   ->     1 8'00001000
     26:     2 19'0001----1--------1-   ->     1 8'00001000
     27:     2 19'0--0---00-000-0--10   ->     3 8'00001000
     28:     2 19'0001---00-000-0--10   ->     3 8'00001000
     29:     2 19'0--0-------------11   ->     3 8'00001000
     30:     2 19'0001-------------11   ->     3 8'00001000
     31:     2 19'0--0---00-1-0-0--10   ->     4 8'00001000
     32:     2 19'0001---00-1-0-0--10   ->     4 8'00001000
     33:     2 19'0--0--------1----1-   ->     4 8'00001000
     34:     2 19'0001--------1----1-   ->     4 8'00001000
     35:     2 19'0--0---00--10-0--10   ->     5 8'00001000
     36:     2 19'0001---00--10-0--10   ->     5 8'00001000
     37:     2 19'0--0---1---------1-   ->     6 8'00001000
     38:     2 19'0001---1---------1-   ->     6 8'00001000
     39:     3 19'0011---------------   ->     0 8'00100000
     40:     3 19'01-1---------------   ->     0 8'00100000
     41:     3 19'1------------------   ->     0 8'00100000
     42:     3 19'0--0-------------0-   ->     1 8'00100000
     43:     3 19'0001-------------0-   ->     1 8'00100000
     44:     3 19'0--0-----1------11-   ->     1 8'00100000
     45:     3 19'0001-----1------11-   ->     1 8'00100000
     46:     3 19'0--0-----0-------1-   ->     1 8'00100000
     47:     3 19'0001-----0-------1-   ->     1 8'00100000
     48:     3 19'0--0-----1------01-   ->     3 8'00100000
     49:     3 19'0001-----1------01-   ->     3 8'00100000
     50:     4 19'0011---------------   ->     0 8'01000000
     51:     4 19'01-1---------------   ->     0 8'01000000
     52:     4 19'1------------------   ->     0 8'01000000
     53:     4 19'0--0-------------0-   ->     1 8'01000000
     54:     4 19'0001-------------0-   ->     1 8'01000000
     55:     4 19'0--0--1----------1-   ->     1 8'01000000
     56:     4 19'0001--1----------1-   ->     1 8'01000000
     57:     4 19'0--0--0----------1-   ->     4 8'01000000
     58:     4 19'0001--0----------1-   ->     4 8'01000000
     59:     5 19'0011---------------   ->     0 8'00010000
     60:     5 19'01-1---------------   ->     0 8'00010000
     61:     5 19'1------------------   ->     0 8'00010000
     62:     5 19'0--0-------------0-   ->     1 8'00010000
     63:     5 19'0001-------------0-   ->     1 8'00010000
     64:     5 19'0--011-----------1-   ->     1 8'00010000
     65:     5 19'000111-----------1-   ->     1 8'00010000
     66:     5 19'0--0-0-----------1-   ->     5 8'00010000
     67:     5 19'0001-0-----------1-   ->     5 8'00010000
     68:     5 19'0--001-----------1-   ->     5 8'00010000
     69:     5 19'000101-----------1-   ->     5 8'00010000
     70:     6 19'0011---------------   ->     0 8'00000010
     71:     6 19'01-1---------------   ->     0 8'00000010
     72:     6 19'1------------------   ->     0 8'00000010
     73:     6 19'0--0-------------0-   ->     1 8'00000010
     74:     6 19'0001-------------0-   ->     1 8'00000010
     75:     6 19'0--011-----------1-   ->     1 8'00000010
     76:     6 19'000111-----------1-   ->     1 8'00000010
     77:     6 19'0--0-0-----------1-   ->     6 8'00000010
     78:     6 19'0001-0-----------1-   ->     6 8'00000010
     79:     6 19'0--001-----------1-   ->     6 8'00000010
     80:     6 19'000101-----------1-   ->     6 8'00000010

-------------------------------------

FSM `$fsm$\mem_wordsize$16008' from module `$paramod$5f39f8b646aa95582e6f088ce64c0e154e784a4a\picorv32':
-------------------------------------

  Information on FSM $fsm$\mem_wordsize$16008 (\mem_wordsize):

  Number of input signals:   13
  Number of output signals:   3
  Number of state bits:       3

  Input signals:
    0: \resetn
    1: \mem_do_rdata
    2: \mem_do_wdata
    3: \instr_lw
    4: \instr_sb
    5: \instr_sh
    6: \instr_sw
    7: $eq$picorv32.v:1313$1658_Y
    8: $logic_or$picorv32.v:1857$1817_Y
    9: $logic_or$picorv32.v:1886$1825_Y
   10: $logic_or$picorv32.v:1887$1826_Y
   11: $procmux$2164_CMP
   12: $procmux$2186_CMP

  Output signals:
    0: $eq$picorv32.v:1923$1833_Y
    1: $eq$picorv32.v:1930$1840_Y
    2: $procmux$4811_CMP

  State encoding:
    0:      3'--1
    1:      3'-1-
    2:      3'1--

  Transition Table (state_in, ctrl_in, state_out, ctrl_out):
      0:     0 13'------------0   ->     0 3'001
      1:     0 13'-1001----0-01   ->     0 3'001
      2:     0 13'-1--1----1-01   ->     0 3'001
      3:     0 13'-1--1------11   ->     0 3'001
      4:     0 13'1---1-000-0-1   ->     0 3'001
      5:     0 13'1---1-1---0-1   ->     0 3'001
      6:     0 13'1---1-----1-1   ->     0 3'001
      7:     0 13'00---0------1   ->     0 3'001
      8:     0 13'-----1------1   ->     0 3'001
      9:     0 13'-1--0-------1   ->     0 3'001
     10:     0 13'1---0-------1   ->     0 3'001
     11:     0 13'-1-11------01   ->     1 3'001
     12:     0 13'1---1---1-0-1   ->     1 3'001
     13:     0 13'-11-1------01   ->     2 3'001
     14:     0 13'1---1--1--0-1   ->     2 3'001
     15:     1 13'-1--1----1-01   ->     0 3'100
     16:     1 13'1---1-1---0-1   ->     0 3'100
     17:     1 13'-----1------1   ->     0 3'100
     18:     1 13'------------0   ->     1 3'100
     19:     1 13'-1001----0-01   ->     1 3'100
     20:     1 13'-1-11------01   ->     1 3'100
     21:     1 13'-1--1------11   ->     1 3'100
     22:     1 13'1---1-000-0-1   ->     1 3'100
     23:     1 13'1---1---1-0-1   ->     1 3'100
     24:     1 13'1---1-----1-1   ->     1 3'100
     25:     1 13'00---0------1   ->     1 3'100
     26:     1 13'-1--0-------1   ->     1 3'100
     27:     1 13'1---0-------1   ->     1 3'100
     28:     1 13'-11-1------01   ->     2 3'100
     29:     1 13'1---1--1--0-1   ->     2 3'100
     30:     2 13'-1--1----1-01   ->     0 3'010
     31:     2 13'1---1-1---0-1   ->     0 3'010
     32:     2 13'-----1------1   ->     0 3'010
     33:     2 13'-1-11------01   ->     1 3'010
     34:     2 13'1---1---1-0-1   ->     1 3'010
     35:     2 13'------------0   ->     2 3'010
     36:     2 13'-1001----0-01   ->     2 3'010
     37:     2 13'-11-1------01   ->     2 3'010
     38:     2 13'-1--1------11   ->     2 3'010
     39:     2 13'1---1-000-0-1   ->     2 3'010
     40:     2 13'1---1--1--0-1   ->     2 3'010
     41:     2 13'1---1-----1-1   ->     2 3'010
     42:     2 13'00---0------1   ->     2 3'010
     43:     2 13'-1--0-------1   ->     2 3'010
     44:     2 13'1---0-------1   ->     2 3'010

-------------------------------------

FSM `$fsm$\b_state$16013' from module `top':
-------------------------------------

  Information on FSM $fsm$\b_state$16013 (\b_state):

  Number of input signals:    7
  Number of output signals:   5
  Number of state bits:       5

  Input signals:
    0: \m_axi_bvalid
    1: $logic_and$top.v:158$4_Y
    2: $logic_and$top.v:181$8_Y
    3: $logic_and$top.v:185$17_Y
    4: $logic_and$top.v:204$18_Y
    5: $logic_and$top.v:213$19_Y
    6: $procmux$15195_CMP

  Output signals:
    0: $procmux$15163_CMP
    1: $procmux$15166_CMP
    2: $procmux$15170_CMP
    3: $procmux$15183_CMP
    4: $procmux$15198_CMP

  State encoding:
    0:    5'----1  <RESET STATE>
    1:    5'---1-
    2:    5'--1--
    3:    5'-1---
    4:    5'1----

  Transition Table (state_in, ctrl_in, state_out, ctrl_out):
      0:     0 7'-----0-   ->     0 5'10000
      1:     0 7'1----1-   ->     3 5'10000
      2:     0 7'0----1-   ->     4 5'10000
      3:     1 7'-1-----   ->     0 5'00001
      4:     1 7'-0-----   ->     1 5'00001
      5:     2 7'------1   ->     0 5'00010
      6:     2 7'------0   ->     2 5'00010
      7:     3 7'----1--   ->     0 5'00100
      8:     3 7'---10--   ->     2 5'00100
      9:     3 7'---00--   ->     3 5'00100
     10:     4 7'--1----   ->     1 5'01000
     11:     4 7'--0----   ->     4 5'01000

-------------------------------------

10.7.8. Executing FSM_MAP pass (mapping FSMs to basic logic).
Mapping FSM `$fsm$\state$15986' from module `$paramod$d40569e2e5029e2dde4c9be19ab6c750b8104d07\uart_tx'.
Mapping FSM `$fsm$\state$15992' from module `$paramod$d40569e2e5029e2dde4c9be19ab6c750b8104d07\uart_rx'.
Mapping FSM `$fsm$\cpu_state$15998' from module `$paramod$5f39f8b646aa95582e6f088ce64c0e154e784a4a\picorv32'.
Mapping FSM `$fsm$\mem_wordsize$16008' from module `$paramod$5f39f8b646aa95582e6f088ce64c0e154e784a4a\picorv32'.
Mapping FSM `$fsm$\b_state$16013' from module `\top'.

10.8. Executing OPT pass (performing simple optimizations).

10.8.1. Executing OPT_EXPR pass (perform const folding).
Optimizing module $paramod$d40569e2e5029e2dde4c9be19ab6c750b8104d07\uart_axi.
Optimizing module $paramod$d40569e2e5029e2dde4c9be19ab6c750b8104d07\uart_tx.
<suppressed ~7 debug messages>
Optimizing module $paramod$d40569e2e5029e2dde4c9be19ab6c750b8104d07\uart_rx.
<suppressed ~6 debug messages>
Optimizing module axi_decoder.
Optimizing module axi_lite_interconnect.
Optimizing module $paramod$5f39f8b646aa95582e6f088ce64c0e154e784a4a\picorv32.
<suppressed ~5 debug messages>
Optimizing module $paramod$edcaa0cfb453980d1e33a3c938c1a32918b9f1d7\rom.
Optimizing module $paramod\sram\MEM_DEPTH=s32'00000000000000000000000001000000.
Optimizing module top.
<suppressed ~9 debug messages>

10.8.2. Executing OPT_MERGE pass (detect identical cells).
Finding identical cells in module `$paramod$d40569e2e5029e2dde4c9be19ab6c750b8104d07\uart_axi'.
Computing hashes of 59 cells of `$paramod$d40569e2e5029e2dde4c9be19ab6c750b8104d07\uart_axi'.
Finding duplicate cells in `$paramod$d40569e2e5029e2dde4c9be19ab6c750b8104d07\uart_axi'.
Finding identical cells in module `$paramod$d40569e2e5029e2dde4c9be19ab6c750b8104d07\uart_tx'.
Computing hashes of 41 cells of `$paramod$d40569e2e5029e2dde4c9be19ab6c750b8104d07\uart_tx'.
Finding duplicate cells in `$paramod$d40569e2e5029e2dde4c9be19ab6c750b8104d07\uart_tx'.
Computing hashes of 39 cells of `$paramod$d40569e2e5029e2dde4c9be19ab6c750b8104d07\uart_tx'.
Finding duplicate cells in `$paramod$d40569e2e5029e2dde4c9be19ab6c750b8104d07\uart_tx'.
<suppressed ~6 debug messages>
Finding identical cells in module `$paramod$d40569e2e5029e2dde4c9be19ab6c750b8104d07\uart_rx'.
Computing hashes of 53 cells of `$paramod$d40569e2e5029e2dde4c9be19ab6c750b8104d07\uart_rx'.
Finding duplicate cells in `$paramod$d40569e2e5029e2dde4c9be19ab6c750b8104d07\uart_rx'.
Computing hashes of 52 cells of `$paramod$d40569e2e5029e2dde4c9be19ab6c750b8104d07\uart_rx'.
Finding duplicate cells in `$paramod$d40569e2e5029e2dde4c9be19ab6c750b8104d07\uart_rx'.
<suppressed ~3 debug messages>
Finding identical cells in module `\axi_decoder'.
Computing hashes of 3 cells of `\axi_decoder'.
Finding duplicate cells in `\axi_decoder'.
Finding identical cells in module `\axi_lite_interconnect'.
Computing hashes of 71 cells of `\axi_lite_interconnect'.
Finding duplicate cells in `\axi_lite_interconnect'.
Finding identical cells in module `$paramod$5f39f8b646aa95582e6f088ce64c0e154e784a4a\picorv32'.
Computing hashes of 738 cells of `$paramod$5f39f8b646aa95582e6f088ce64c0e154e784a4a\picorv32'.
Finding duplicate cells in `$paramod$5f39f8b646aa95582e6f088ce64c0e154e784a4a\picorv32'.
Computing hashes of 716 cells of `$paramod$5f39f8b646aa95582e6f088ce64c0e154e784a4a\picorv32'.
Finding duplicate cells in `$paramod$5f39f8b646aa95582e6f088ce64c0e154e784a4a\picorv32'.
<suppressed ~66 debug messages>
Finding identical cells in module `$paramod$edcaa0cfb453980d1e33a3c938c1a32918b9f1d7\rom'.
Computing hashes of 29 cells of `$paramod$edcaa0cfb453980d1e33a3c938c1a32918b9f1d7\rom'.
Finding duplicate cells in `$paramod$edcaa0cfb453980d1e33a3c938c1a32918b9f1d7\rom'.
Finding identical cells in module `$paramod\sram\MEM_DEPTH=s32'00000000000000000000000001000000'.
Computing hashes of 1056 cells of `$paramod\sram\MEM_DEPTH=s32'00000000000000000000000001000000'.
Finding duplicate cells in `$paramod\sram\MEM_DEPTH=s32'00000000000000000000000001000000'.
Finding identical cells in module `\top'.
Computing hashes of 94 cells of `\top'.
Finding duplicate cells in `\top'.
Removed a total of 25 cells.

10.8.3. Executing OPT_MUXTREE pass (detect dead branches in mux trees).
Running muxtree optimizer on module $paramod$d40569e2e5029e2dde4c9be19ab6c750b8104d07\uart_axi..
  Creating internal representation of mux trees.
  Evaluating internal representation of mux trees.
  Analyzing evaluation results.
Running muxtree optimizer on module $paramod$d40569e2e5029e2dde4c9be19ab6c750b8104d07\uart_tx..
  Creating internal representation of mux trees.
  Evaluating internal representation of mux trees.
  Analyzing evaluation results.
Running muxtree optimizer on module $paramod$d40569e2e5029e2dde4c9be19ab6c750b8104d07\uart_rx..
  Creating internal representation of mux trees.
  Evaluating internal representation of mux trees.
  Analyzing evaluation results.
Running muxtree optimizer on module \axi_decoder..
  Creating internal representation of mux trees.
  Evaluating internal representation of mux trees.
  Analyzing evaluation results.
Running muxtree optimizer on module \axi_lite_interconnect..
  Creating internal representation of mux trees.
  Evaluating internal representation of mux trees.
  Analyzing evaluation results.
Running muxtree optimizer on module $paramod$5f39f8b646aa95582e6f088ce64c0e154e784a4a\picorv32..
  Creating internal representation of mux trees.
  Evaluating internal representation of mux trees.
  Analyzing evaluation results.
    dead port 2/4 on $pmux $procmux$2794.
    dead port 1/3 on $pmux $procmux$3464.
    dead port 2/5 on $pmux $procmux$3258.
Running muxtree optimizer on module $paramod$edcaa0cfb453980d1e33a3c938c1a32918b9f1d7\rom..
  Creating internal representation of mux trees.
  Evaluating internal representation of mux trees.
  Analyzing evaluation results.
Running muxtree optimizer on module $paramod\sram\MEM_DEPTH=s32'00000000000000000000000001000000..
  Creating internal representation of mux trees.
  Evaluating internal representation of mux trees.
  Analyzing evaluation results.
Running muxtree optimizer on module \top..
  Creating internal representation of mux trees.
  Evaluating internal representation of mux trees.
  Analyzing evaluation results.
Removed 3 multiplexer ports.
<suppressed ~1513 debug messages>

10.8.4. Executing OPT_REDUCE pass (consolidate $*mux and $reduce_* inputs).
  Optimizing cells in module $paramod$d40569e2e5029e2dde4c9be19ab6c750b8104d07\uart_axi.
  Optimizing cells in module $paramod$d40569e2e5029e2dde4c9be19ab6c750b8104d07\uart_tx.
  Optimizing cells in module $paramod$d40569e2e5029e2dde4c9be19ab6c750b8104d07\uart_rx.
  Optimizing cells in module \axi_decoder.
  Optimizing cells in module \axi_lite_interconnect.
  Optimizing cells in module $paramod$5f39f8b646aa95582e6f088ce64c0e154e784a4a\picorv32.
    New input vector for $reduce_or cell $auto$opt_reduce.cc:131:opt_pmux$15951: { \cpu_state [6:4] \cpu_state [2:0] }
    New input vector for $reduce_or cell $auto$opt_reduce.cc:131:opt_pmux$15961: { \cpu_state [6] \cpu_state [4:0] }
    New input vector for $reduce_or cell $auto$opt_reduce.cc:131:opt_pmux$15959: \cpu_state [5:0]
  Optimizing cells in module $paramod$5f39f8b646aa95582e6f088ce64c0e154e784a4a\picorv32.
  Optimizing cells in module $paramod$edcaa0cfb453980d1e33a3c938c1a32918b9f1d7\rom.
  Optimizing cells in module $paramod\sram\MEM_DEPTH=s32'00000000000000000000000001000000.
  Optimizing cells in module \top.
Performed a total of 3 changes.

10.8.5. Executing OPT_MERGE pass (detect identical cells).
Finding identical cells in module `$paramod$d40569e2e5029e2dde4c9be19ab6c750b8104d07\uart_axi'.
Computing hashes of 59 cells of `$paramod$d40569e2e5029e2dde4c9be19ab6c750b8104d07\uart_axi'.
Finding duplicate cells in `$paramod$d40569e2e5029e2dde4c9be19ab6c750b8104d07\uart_axi'.
Finding identical cells in module `$paramod$d40569e2e5029e2dde4c9be19ab6c750b8104d07\uart_tx'.
Computing hashes of 39 cells of `$paramod$d40569e2e5029e2dde4c9be19ab6c750b8104d07\uart_tx'.
Finding duplicate cells in `$paramod$d40569e2e5029e2dde4c9be19ab6c750b8104d07\uart_tx'.
Finding identical cells in module `$paramod$d40569e2e5029e2dde4c9be19ab6c750b8104d07\uart_rx'.
Computing hashes of 52 cells of `$paramod$d40569e2e5029e2dde4c9be19ab6c750b8104d07\uart_rx'.
Finding duplicate cells in `$paramod$d40569e2e5029e2dde4c9be19ab6c750b8104d07\uart_rx'.
Finding identical cells in module `\axi_decoder'.
Computing hashes of 3 cells of `\axi_decoder'.
Finding duplicate cells in `\axi_decoder'.
Finding identical cells in module `\axi_lite_interconnect'.
Computing hashes of 71 cells of `\axi_lite_interconnect'.
Finding duplicate cells in `\axi_lite_interconnect'.
Finding identical cells in module `$paramod$5f39f8b646aa95582e6f088ce64c0e154e784a4a\picorv32'.
Computing hashes of 716 cells of `$paramod$5f39f8b646aa95582e6f088ce64c0e154e784a4a\picorv32'.
Finding duplicate cells in `$paramod$5f39f8b646aa95582e6f088ce64c0e154e784a4a\picorv32'.
Finding identical cells in module `$paramod$edcaa0cfb453980d1e33a3c938c1a32918b9f1d7\rom'.
Computing hashes of 29 cells of `$paramod$edcaa0cfb453980d1e33a3c938c1a32918b9f1d7\rom'.
Finding duplicate cells in `$paramod$edcaa0cfb453980d1e33a3c938c1a32918b9f1d7\rom'.
Finding identical cells in module `$paramod\sram\MEM_DEPTH=s32'00000000000000000000000001000000'.
Computing hashes of 1056 cells of `$paramod\sram\MEM_DEPTH=s32'00000000000000000000000001000000'.
Finding duplicate cells in `$paramod\sram\MEM_DEPTH=s32'00000000000000000000000001000000'.
Finding identical cells in module `\top'.
Computing hashes of 94 cells of `\top'.
Finding duplicate cells in `\top'.
Removed a total of 0 cells.

10.8.6. Executing OPT_DFF pass (perform DFF optimizations).
Adding EN signal on $procdff$15308 ($adff) from module $paramod$d40569e2e5029e2dde4c9be19ab6c750b8104d07\uart_axi (D = $0\r_vld[0:0], Q = \r_vld).
Adding EN signal on $procdff$15341 ($adff) from module $paramod$d40569e2e5029e2dde4c9be19ab6c750b8104d07\uart_axi (D = \w_byte, Q = \buf_data).
Adding EN signal on $procdff$15326 ($adff) from module $paramod$d40569e2e5029e2dde4c9be19ab6c750b8104d07\uart_axi (D = $0\b_vld[0:0], Q = \b_vld).
Adding EN signal on $procdff$15311 ($adff) from module $paramod$d40569e2e5029e2dde4c9be19ab6c750b8104d07\uart_axi (D = $procmux$1903_Y, Q = \r_data).
Adding EN signal on $procdff$15329 ($adff) from module $paramod$d40569e2e5029e2dde4c9be19ab6c750b8104d07\uart_axi (D = \rx_data_raw, Q = \rx_buf_data).
Adding EN signal on $procdff$15314 ($adff) from module $paramod$d40569e2e5029e2dde4c9be19ab6c750b8104d07\uart_axi (D = $eq$uart_axi.v:234$1110_Y, Q = \r_is_stat).
Adding EN signal on $procdff$15317 ($adff) from module $paramod$d40569e2e5029e2dde4c9be19ab6c750b8104d07\uart_axi (D = $0\aw_got[0:0], Q = \aw_got).
Adding EN signal on $procdff$15332 ($adff) from module $paramod$d40569e2e5029e2dde4c9be19ab6c750b8104d07\uart_axi (D = $0\rx_buf_valid[0:0], Q = \rx_buf_valid).
Adding EN signal on $procdff$15320 ($adff) from module $paramod$d40569e2e5029e2dde4c9be19ab6c750b8104d07\uart_axi (D = $0\w_got[0:0], Q = \w_got).
Adding EN signal on $procdff$15344 ($adff) from module $paramod$d40569e2e5029e2dde4c9be19ab6c750b8104d07\uart_axi (D = $0\buf_valid[0:0], Q = \buf_valid).
Adding EN signal on $procdff$15323 ($adff) from module $paramod$d40569e2e5029e2dde4c9be19ab6c750b8104d07\uart_axi (D = $procmux$1922_Y, Q = \w_byte).
Adding EN signal on $procdff$15335 ($adff) from module $paramod$d40569e2e5029e2dde4c9be19ab6c750b8104d07\uart_axi (D = \buf_data, Q = \tx_data).
Adding EN signal on $procdff$15356 ($adff) from module $paramod$d40569e2e5029e2dde4c9be19ab6c750b8104d07\uart_tx (D = $0\bit_cnt[2:0], Q = \bit_cnt).
Adding EN signal on $procdff$15359 ($adff) from module $paramod$d40569e2e5029e2dde4c9be19ab6c750b8104d07\uart_tx (D = $0\shift_reg[7:0], Q = \shift_reg).
Adding EN signal on $procdff$15353 ($adff) from module $paramod$d40569e2e5029e2dde4c9be19ab6c750b8104d07\uart_tx (D = $0\clk_cnt[9:0], Q = \clk_cnt).
Adding EN signal on $procdff$15371 ($adff) from module $paramod$d40569e2e5029e2dde4c9be19ab6c750b8104d07\uart_rx (D = $0\clk_cnt[9:0], Q = \clk_cnt).
Adding EN signal on $procdff$15377 ($adff) from module $paramod$d40569e2e5029e2dde4c9be19ab6c750b8104d07\uart_rx (D = { \rx_sync1 \shift_reg [7:1] }, Q = \shift_reg).
Adding EN signal on $procdff$15365 ($adff) from module $paramod$d40569e2e5029e2dde4c9be19ab6c750b8104d07\uart_rx (D = \shift_reg, Q = \data_out).
Adding EN signal on $procdff$15374 ($adff) from module $paramod$d40569e2e5029e2dde4c9be19ab6c750b8104d07\uart_rx (D = $0\bit_cnt[2:0], Q = \bit_cnt).
Adding EN signal on $procdff$15395 ($adff) from module axi_lite_interconnect (D = $0\rd_active[0:0], Q = \rd_active).
Adding EN signal on $procdff$15386 ($adff) from module axi_lite_interconnect (D = \wr_sel_comb, Q = \wr_sel_r).
Adding EN signal on $procdff$15392 ($adff) from module axi_lite_interconnect (D = $0\wr_active[0:0], Q = \wr_active).
Adding EN signal on $procdff$15389 ($adff) from module axi_lite_interconnect (D = \rd_sel_comb, Q = \rd_sel_r).
Adding EN signal on $procdff$15548 ($dff) from module $paramod$5f39f8b646aa95582e6f088ce64c0e154e784a4a\picorv32 (D = \mem_rdata, Q = \mem_rdata_q).
Adding EN signal on $procdff$15543 ($dff) from module $paramod$5f39f8b646aa95582e6f088ce64c0e154e784a4a\picorv32 (D = $0\mem_state[1:0], Q = \mem_state).
Adding EN signal on $procdff$15542 ($dff) from module $paramod$5f39f8b646aa95582e6f088ce64c0e154e784a4a\picorv32 (D = $procmux$4539_Y, Q = \mem_wstrb).
Adding EN signal on $procdff$15541 ($dff) from module $paramod$5f39f8b646aa95582e6f088ce64c0e154e784a4a\picorv32 (D = \mem_la_wdata, Q = \mem_wdata).
Adding EN signal on $procdff$15540 ($dff) from module $paramod$5f39f8b646aa95582e6f088ce64c0e154e784a4a\picorv32 (D = \mem_la_addr, Q = \mem_addr).
Adding EN signal on $procdff$15538 ($dff) from module $paramod$5f39f8b646aa95582e6f088ce64c0e154e784a4a\picorv32 (D = $0\mem_valid[0:0], Q = \mem_valid).
Adding EN signal on $procdff$15521 ($dff) from module $paramod$5f39f8b646aa95582e6f088ce64c0e154e784a4a\picorv32 (D = $eq$picorv32.v:878$1380_Y, Q = \is_alu_reg_reg).
Adding EN signal on $procdff$15520 ($dff) from module $paramod$5f39f8b646aa95582e6f088ce64c0e154e784a4a\picorv32 (D = $eq$picorv32.v:877$1379_Y, Q = \is_alu_reg_imm).
Adding SRST signal on $procdff$15518 ($dff) from module $paramod$5f39f8b646aa95582e6f088ce64c0e154e784a4a\picorv32 (D = $procmux$3913_Y, Q = \is_beq_bne_blt_bge_bltu_bgeu, rval = 1'0).
Adding EN signal on $auto$ff.cc:337:slice$16608 ($sdff) from module $paramod$5f39f8b646aa95582e6f088ce64c0e154e784a4a\picorv32 (D = $eq$picorv32.v:874$1376_Y, Q = \is_beq_bne_blt_bge_bltu_bgeu).
Adding SRST signal on $procdff$15515 ($dff) from module $paramod$5f39f8b646aa95582e6f088ce64c0e154e784a4a\picorv32 (D = $reduce_or$picorv32.v:860$1356_Y, Q = \is_lui_auipc_jal_jalr_addi_add_sub, rval = 1'0).
Adding EN signal on $procdff$15514 ($dff) from module $paramod$5f39f8b646aa95582e6f088ce64c0e154e784a4a\picorv32 (D = $logic_and$picorv32.v:1110$1612_Y, Q = \is_sll_srl_sra).
Adding EN signal on $procdff$15513 ($dff) from module $paramod$5f39f8b646aa95582e6f088ce64c0e154e784a4a\picorv32 (D = $eq$picorv32.v:876$1378_Y, Q = \is_sb_sh_sw).
Adding SRST signal on $procdff$15404 ($dff) from module $paramod$5f39f8b646aa95582e6f088ce64c0e154e784a4a\picorv32 (D = $procmux$3554_Y, Q = \reg_next_pc, rval = 0).
Adding EN signal on $auto$ff.cc:337:slice$16613 ($sdff) from module $paramod$5f39f8b646aa95582e6f088ce64c0e154e784a4a\picorv32 (D = $procmux$3543_Y, Q = \reg_next_pc).
Adding SRST signal on $procdff$15522 ($dff) from module $paramod$5f39f8b646aa95582e6f088ce64c0e154e784a4a\picorv32 (D = $reduce_or$picorv32.v:864$1360_Y, Q = \is_compare, rval = 1'0).
Adding EN signal on $procdff$15512 ($dff) from module $paramod$5f39f8b646aa95582e6f088ce64c0e154e784a4a\picorv32 (D = $logic_or$picorv32.v:1101$1601_Y, Q = \is_jalr_addi_slti_sltiu_xori_ori_andi).
Adding EN signal on $procdff$15511 ($dff) from module $paramod$5f39f8b646aa95582e6f088ce64c0e154e784a4a\picorv32 (D = $logic_and$picorv32.v:1095$1592_Y, Q = \is_slli_srli_srai).
Adding EN signal on $procdff$15510 ($dff) from module $paramod$5f39f8b646aa95582e6f088ce64c0e154e784a4a\picorv32 (D = $eq$picorv32.v:875$1377_Y, Q = \is_lb_lh_lw_lbu_lhu).
Adding EN signal on $procdff$15508 ($dff) from module $paramod$5f39f8b646aa95582e6f088ce64c0e154e784a4a\picorv32 (D = 1'0, Q = \compressed_instr).
Adding EN signal on $procdff$15507 ($dff) from module $paramod$5f39f8b646aa95582e6f088ce64c0e154e784a4a\picorv32 (D = { \mem_rdata_latched [31] \mem_rdata_latched [31] \mem_rdata_latched [31] \mem_rdata_latched [31] \mem_rdata_latched [31] \mem_rdata_latched [31] \mem_rdata_latched [31] \mem_rdata_latched [31] \mem_rdata_latched [31] \mem_rdata_latched [31] \mem_rdata_latched [31] \mem_rdata_latched [31] \mem_rdata_latched [19:12] \mem_rdata_latched [20] \mem_rdata_latched [30:21] 1'0 }, Q = \decoded_imm_j).
Adding EN signal on $procdff$15506 ($dff) from module $paramod$5f39f8b646aa95582e6f088ce64c0e154e784a4a\picorv32 (D = $procmux$3959_Y, Q = \decoded_imm).
Adding EN signal on $procdff$15505 ($dff) from module $paramod$5f39f8b646aa95582e6f088ce64c0e154e784a4a\picorv32 (D = \mem_rdata_latched [24:20], Q = \decoded_rs2).
Adding EN signal on $procdff$15504 ($dff) from module $paramod$5f39f8b646aa95582e6f088ce64c0e154e784a4a\picorv32 (D = \mem_rdata_latched [19:15], Q = \decoded_rs1).
Adding EN signal on $procdff$15503 ($dff) from module $paramod$5f39f8b646aa95582e6f088ce64c0e154e784a4a\picorv32 (D = \mem_rdata_latched [11:7], Q = \decoded_rd).
Adding EN signal on $procdff$15502 ($dff) from module $paramod$5f39f8b646aa95582e6f088ce64c0e154e784a4a\picorv32 (D = 1'0, Q = \instr_timer).
Adding EN signal on $procdff$15501 ($dff) from module $paramod$5f39f8b646aa95582e6f088ce64c0e154e784a4a\picorv32 (D = 1'0, Q = \instr_waitirq).
Adding EN signal on $procdff$15500 ($dff) from module $paramod$5f39f8b646aa95582e6f088ce64c0e154e784a4a\picorv32 (D = 1'0, Q = \instr_maskirq).
Adding EN signal on $procdff$15499 ($dff) from module $paramod$5f39f8b646aa95582e6f088ce64c0e154e784a4a\picorv32 (D = 1'0, Q = \instr_retirq).
Adding EN signal on $procdff$15498 ($dff) from module $paramod$5f39f8b646aa95582e6f088ce64c0e154e784a4a\picorv32 (D = 1'0, Q = \instr_setq).
Adding EN signal on $procdff$15497 ($dff) from module $paramod$5f39f8b646aa95582e6f088ce64c0e154e784a4a\picorv32 (D = 1'0, Q = \instr_getq).
Adding SRST signal on $procdff$15496 ($dff) from module $paramod$5f39f8b646aa95582e6f088ce64c0e154e784a4a\picorv32 (D = $procmux$4059_Y, Q = \instr_fence, rval = 1'0).
Adding EN signal on $auto$ff.cc:337:slice$16635 ($sdff) from module $paramod$5f39f8b646aa95582e6f088ce64c0e154e784a4a\picorv32 (D = $logic_and$picorv32.v:1088$1562_Y, Q = \instr_fence).
Adding SRST signal on $procdff$15398 ($dff) from module $paramod$5f39f8b646aa95582e6f088ce64c0e154e784a4a\picorv32 (D = $procmux$2822_Y, Q = \trap, rval = 1'0).
Adding EN signal on $procdff$15397 ($dff) from module $paramod$5f39f8b646aa95582e6f088ce64c0e154e784a4a\picorv32 (D = 0, Q = \eoi).
Adding EN signal on $procdff$15396 ($dff) from module $paramod$5f39f8b646aa95582e6f088ce64c0e154e784a4a\picorv32 (D = 1'0, Q = \pcpi_valid).
Adding SRST signal on $procdff$15407 ($dff) from module $paramod$5f39f8b646aa95582e6f088ce64c0e154e784a4a\picorv32 (D = $procmux$2738_Y, Q = \reg_out, rval = 65788).
Adding EN signal on $procdff$15494 ($dff) from module $paramod$5f39f8b646aa95582e6f088ce64c0e154e784a4a\picorv32 (D = 1'0, Q = \instr_rdinstrh).
Adding EN signal on $procdff$15493 ($dff) from module $paramod$5f39f8b646aa95582e6f088ce64c0e154e784a4a\picorv32 (D = $logic_and$picorv32.v:1083$1545_Y, Q = \instr_rdinstr).
Adding EN signal on $procdff$15492 ($dff) from module $paramod$5f39f8b646aa95582e6f088ce64c0e154e784a4a\picorv32 (D = 1'0, Q = \instr_rdcycleh).
Adding EN signal on $procdff$15491 ($dff) from module $paramod$5f39f8b646aa95582e6f088ce64c0e154e784a4a\picorv32 (D = $logic_and$picorv32.v:1079$1533_Y, Q = \instr_rdcycle).
Adding SRST signal on $procdff$15490 ($dff) from module $paramod$5f39f8b646aa95582e6f088ce64c0e154e784a4a\picorv32 (D = $procmux$4073_Y, Q = \instr_and, rval = 1'0).
Adding EN signal on $auto$ff.cc:337:slice$16645 ($sdff) from module $paramod$5f39f8b646aa95582e6f088ce64c0e154e784a4a\picorv32 (D = $logic_and$picorv32.v:1077$1525_Y, Q = \instr_and).
Adding SRST signal on $auto$ff.cc:337:slice$15973 ($dff) from module $paramod$5f39f8b646aa95582e6f088ce64c0e154e784a4a\picorv32 (D = $add$picorv32.v:1433$1695_Y [31:0], Q = \count_cycle [31:0], rval = 0).
Adding SRST signal on $procdff$15489 ($dff) from module $paramod$5f39f8b646aa95582e6f088ce64c0e154e784a4a\picorv32 (D = $procmux$4077_Y, Q = \instr_or, rval = 1'0).
Adding EN signal on $auto$ff.cc:337:slice$16648 ($sdff) from module $paramod$5f39f8b646aa95582e6f088ce64c0e154e784a4a\picorv32 (D = $logic_and$picorv32.v:1076$1521_Y, Q = \instr_or).
Adding SRST signal on $procdff$15488 ($dff) from module $paramod$5f39f8b646aa95582e6f088ce64c0e154e784a4a\picorv32 (D = $procmux$4081_Y, Q = \instr_sra, rval = 1'0).
Adding EN signal on $auto$ff.cc:337:slice$16650 ($sdff) from module $paramod$5f39f8b646aa95582e6f088ce64c0e154e784a4a\picorv32 (D = $logic_and$picorv32.v:1075$1517_Y, Q = \instr_sra).
Adding EN signal on $procdff$15405 ($dff) from module $paramod$5f39f8b646aa95582e6f088ce64c0e154e784a4a\picorv32 (D = $procmux$3490_Y [31], Q = \reg_op1 [31]).
Adding EN signal on $procdff$15405 ($dff) from module $paramod$5f39f8b646aa95582e6f088ce64c0e154e784a4a\picorv32 (D = $procmux$3490_Y [30:0], Q = \reg_op1 [30:0]).
Adding SRST signal on $procdff$15487 ($dff) from module $paramod$5f39f8b646aa95582e6f088ce64c0e154e784a4a\picorv32 (D = $procmux$4085_Y, Q = \instr_srl, rval = 1'0).
Adding EN signal on $auto$ff.cc:337:slice$16688 ($sdff) from module $paramod$5f39f8b646aa95582e6f088ce64c0e154e784a4a\picorv32 (D = $logic_and$picorv32.v:1074$1513_Y, Q = \instr_srl).
Adding SRST signal on $procdff$15486 ($dff) from module $paramod$5f39f8b646aa95582e6f088ce64c0e154e784a4a\picorv32 (D = $procmux$4089_Y, Q = \instr_xor, rval = 1'0).
Adding EN signal on $auto$ff.cc:337:slice$16690 ($sdff) from module $paramod$5f39f8b646aa95582e6f088ce64c0e154e784a4a\picorv32 (D = $logic_and$picorv32.v:1073$1509_Y, Q = \instr_xor).
Adding SRST signal on $procdff$15485 ($dff) from module $paramod$5f39f8b646aa95582e6f088ce64c0e154e784a4a\picorv32 (D = $procmux$4093_Y, Q = \instr_sltu, rval = 1'0).
Adding EN signal on $auto$ff.cc:337:slice$16692 ($sdff) from module $paramod$5f39f8b646aa95582e6f088ce64c0e154e784a4a\picorv32 (D = $logic_and$picorv32.v:1072$1505_Y, Q = \instr_sltu).
Adding SRST signal on $procdff$15484 ($dff) from module $paramod$5f39f8b646aa95582e6f088ce64c0e154e784a4a\picorv32 (D = $procmux$4097_Y, Q = \instr_slt, rval = 1'0).
Adding EN signal on $auto$ff.cc:337:slice$16694 ($sdff) from module $paramod$5f39f8b646aa95582e6f088ce64c0e154e784a4a\picorv32 (D = $logic_and$picorv32.v:1071$1501_Y, Q = \instr_slt).
Adding EN signal on $procdff$15406 ($dff) from module $paramod$5f39f8b646aa95582e6f088ce64c0e154e784a4a\picorv32 (D = $procmux$3467_Y, Q = \reg_op2).
Adding SRST signal on $procdff$15483 ($dff) from module $paramod$5f39f8b646aa95582e6f088ce64c0e154e784a4a\picorv32 (D = $procmux$4101_Y, Q = \instr_sll, rval = 1'0).
Adding EN signal on $auto$ff.cc:337:slice$16699 ($sdff) from module $paramod$5f39f8b646aa95582e6f088ce64c0e154e784a4a\picorv32 (D = $logic_and$picorv32.v:1070$1497_Y, Q = \instr_sll).
Adding EN signal on $procdff$15470 ($dff) from module $paramod$5f39f8b646aa95582e6f088ce64c0e154e784a4a\picorv32 (D = $logic_and$picorv32.v:1054$1459_Y, Q = \instr_sh).
Adding EN signal on $procdff$15471 ($dff) from module $paramod$5f39f8b646aa95582e6f088ce64c0e154e784a4a\picorv32 (D = $logic_and$picorv32.v:1055$1461_Y, Q = \instr_sw).
Adding SRST signal on $procdff$15482 ($dff) from module $paramod$5f39f8b646aa95582e6f088ce64c0e154e784a4a\picorv32 (D = $procmux$4105_Y, Q = \instr_sub, rval = 1'0).
Adding EN signal on $auto$ff.cc:337:slice$16703 ($sdff) from module $paramod$5f39f8b646aa95582e6f088ce64c0e154e784a4a\picorv32 (D = $logic_and$picorv32.v:1069$1493_Y, Q = \instr_sub).
Adding SRST signal on $procdff$15481 ($dff) from module $paramod$5f39f8b646aa95582e6f088ce64c0e154e784a4a\picorv32 (D = $procmux$4109_Y, Q = \instr_add, rval = 1'0).
Adding EN signal on $auto$ff.cc:337:slice$16705 ($sdff) from module $paramod$5f39f8b646aa95582e6f088ce64c0e154e784a4a\picorv32 (D = $logic_and$picorv32.v:1068$1489_Y, Q = \instr_add).
Adding EN signal on $procdff$15480 ($dff) from module $paramod$5f39f8b646aa95582e6f088ce64c0e154e784a4a\picorv32 (D = $logic_and$picorv32.v:1066$1485_Y, Q = \instr_srai).
Adding EN signal on $procdff$15539 ($dff) from module $paramod$5f39f8b646aa95582e6f088ce64c0e154e784a4a\picorv32 (D = $procmux$4559_Y, Q = \mem_instr).
Adding SRST signal on $auto$ff.cc:337:slice$16708 ($dffe) from module $paramod$5f39f8b646aa95582e6f088ce64c0e154e784a4a\picorv32 (D = $procmux$4557_Y, Q = \mem_instr, rval = 1'0).
Adding EN signal on $procdff$15479 ($dff) from module $paramod$5f39f8b646aa95582e6f088ce64c0e154e784a4a\picorv32 (D = $logic_and$picorv32.v:1065$1481_Y, Q = \instr_srli).
Adding EN signal on $procdff$15478 ($dff) from module $paramod$5f39f8b646aa95582e6f088ce64c0e154e784a4a\picorv32 (D = $logic_and$picorv32.v:1064$1477_Y, Q = \instr_slli).
Adding SRST signal on $procdff$15477 ($dff) from module $paramod$5f39f8b646aa95582e6f088ce64c0e154e784a4a\picorv32 (D = $procmux$4119_Y, Q = \instr_andi, rval = 1'0).
Adding EN signal on $auto$ff.cc:337:slice$16718 ($sdff) from module $paramod$5f39f8b646aa95582e6f088ce64c0e154e784a4a\picorv32 (D = $logic_and$picorv32.v:1062$1473_Y, Q = \instr_andi).
Adding SRST signal on $procdff$15476 ($dff) from module $paramod$5f39f8b646aa95582e6f088ce64c0e154e784a4a\picorv32 (D = $procmux$4123_Y, Q = \instr_ori, rval = 1'0).
Adding EN signal on $auto$ff.cc:337:slice$16720 ($sdff) from module $paramod$5f39f8b646aa95582e6f088ce64c0e154e784a4a\picorv32 (D = $logic_and$picorv32.v:1061$1471_Y, Q = \instr_ori).
Adding SRST signal on $procdff$15475 ($dff) from module $paramod$5f39f8b646aa95582e6f088ce64c0e154e784a4a\picorv32 (D = $procmux$4127_Y, Q = \instr_xori, rval = 1'0).
Adding EN signal on $auto$ff.cc:337:slice$16722 ($sdff) from module $paramod$5f39f8b646aa95582e6f088ce64c0e154e784a4a\picorv32 (D = $logic_and$picorv32.v:1060$1469_Y, Q = \instr_xori).
Adding SRST signal on $procdff$15474 ($dff) from module $paramod$5f39f8b646aa95582e6f088ce64c0e154e784a4a\picorv32 (D = $procmux$4131_Y, Q = \instr_sltiu, rval = 1'0).
Adding EN signal on $auto$ff.cc:337:slice$16724 ($sdff) from module $paramod$5f39f8b646aa95582e6f088ce64c0e154e784a4a\picorv32 (D = $logic_and$picorv32.v:1059$1467_Y, Q = \instr_sltiu).
Adding SRST signal on $procdff$15458 ($dff) from module $paramod$5f39f8b646aa95582e6f088ce64c0e154e784a4a\picorv32 (D = $procmux$4179_Y, Q = \instr_beq, rval = 1'0).
Adding EN signal on $auto$ff.cc:337:slice$16726 ($sdff) from module $paramod$5f39f8b646aa95582e6f088ce64c0e154e784a4a\picorv32 (D = $logic_and$picorv32.v:1040$1435_Y, Q = \instr_beq).
Adding SRST signal on $procdff$15473 ($dff) from module $paramod$5f39f8b646aa95582e6f088ce64c0e154e784a4a\picorv32 (D = $procmux$4135_Y, Q = \instr_slti, rval = 1'0).
Adding EN signal on $auto$ff.cc:337:slice$16728 ($sdff) from module $paramod$5f39f8b646aa95582e6f088ce64c0e154e784a4a\picorv32 (D = $logic_and$picorv32.v:1058$1465_Y, Q = \instr_slti).
Adding SRST signal on $procdff$15472 ($dff) from module $paramod$5f39f8b646aa95582e6f088ce64c0e154e784a4a\picorv32 (D = $procmux$4139_Y, Q = \instr_addi, rval = 1'0).
Adding EN signal on $auto$ff.cc:337:slice$16730 ($sdff) from module $paramod$5f39f8b646aa95582e6f088ce64c0e154e784a4a\picorv32 (D = $logic_and$picorv32.v:1057$1463_Y, Q = \instr_addi).
Adding EN signal on $procdff$15469 ($dff) from module $paramod$5f39f8b646aa95582e6f088ce64c0e154e784a4a\picorv32 (D = $logic_and$picorv32.v:1053$1457_Y, Q = \instr_sb).
Adding EN signal on $procdff$15468 ($dff) from module $paramod$5f39f8b646aa95582e6f088ce64c0e154e784a4a\picorv32 (D = $logic_and$picorv32.v:1051$1455_Y, Q = \instr_lhu).
Adding EN signal on $procdff$15467 ($dff) from module $paramod$5f39f8b646aa95582e6f088ce64c0e154e784a4a\picorv32 (D = $logic_and$picorv32.v:1050$1453_Y, Q = \instr_lbu).
Adding EN signal on $procdff$15466 ($dff) from module $paramod$5f39f8b646aa95582e6f088ce64c0e154e784a4a\picorv32 (D = $logic_and$picorv32.v:1049$1451_Y, Q = \instr_lw).
Adding EN signal on $procdff$15465 ($dff) from module $paramod$5f39f8b646aa95582e6f088ce64c0e154e784a4a\picorv32 (D = $logic_and$picorv32.v:1048$1449_Y, Q = \instr_lh).
Adding SRST signal on $procdff$15415 ($dff) from module $paramod$5f39f8b646aa95582e6f088ce64c0e154e784a4a\picorv32 (D = $procmux$3344_Y, Q = \mem_do_prefetch, rval = 1'0).
Adding EN signal on $auto$ff.cc:337:slice$16737 ($sdff) from module $paramod$5f39f8b646aa95582e6f088ce64c0e154e784a4a\picorv32 (D = $logic_and$picorv32.v:1573$1752_Y, Q = \mem_do_prefetch).
Adding SRST signal on $procdff$15402 ($dff) from module $paramod$5f39f8b646aa95582e6f088ce64c0e154e784a4a\picorv32 (D = { $procmux$2475_Y $procmux$2440_Y }, Q = \count_instr, rval = 64'0000000000000000000000000000000000000000000000000000000000000000).
Adding EN signal on $auto$ff.cc:337:slice$16743 ($sdff) from module $paramod$5f39f8b646aa95582e6f088ce64c0e154e784a4a\picorv32 (D = { 32'00000000000000000000000000000000 $add$picorv32.v:1564$1748_Y [31:0] }, Q = \count_instr).
Adding EN signal on $procdff$15464 ($dff) from module $paramod$5f39f8b646aa95582e6f088ce64c0e154e784a4a\picorv32 (D = $logic_and$picorv32.v:1047$1447_Y, Q = \instr_lb).
Adding SRST signal on $procdff$15463 ($dff) from module $paramod$5f39f8b646aa95582e6f088ce64c0e154e784a4a\picorv32 (D = $procmux$4159_Y, Q = \instr_bgeu, rval = 1'0).
Adding EN signal on $auto$ff.cc:337:slice$16748 ($sdff) from module $paramod$5f39f8b646aa95582e6f088ce64c0e154e784a4a\picorv32 (D = $logic_and$picorv32.v:1045$1445_Y, Q = \instr_bgeu).
Adding SRST signal on $procdff$15462 ($dff) from module $paramod$5f39f8b646aa95582e6f088ce64c0e154e784a4a\picorv32 (D = $procmux$4163_Y, Q = \instr_bltu, rval = 1'0).
Adding EN signal on $auto$ff.cc:337:slice$16750 ($sdff) from module $paramod$5f39f8b646aa95582e6f088ce64c0e154e784a4a\picorv32 (D = $logic_and$picorv32.v:1044$1443_Y, Q = \instr_bltu).
Adding SRST signal on $procdff$15461 ($dff) from module $paramod$5f39f8b646aa95582e6f088ce64c0e154e784a4a\picorv32 (D = $procmux$4167_Y, Q = \instr_bge, rval = 1'0).
Adding EN signal on $auto$ff.cc:337:slice$16752 ($sdff) from module $paramod$5f39f8b646aa95582e6f088ce64c0e154e784a4a\picorv32 (D = $logic_and$picorv32.v:1043$1441_Y, Q = \instr_bge).
Adding SRST signal on $procdff$15460 ($dff) from module $paramod$5f39f8b646aa95582e6f088ce64c0e154e784a4a\picorv32 (D = $procmux$4171_Y, Q = \instr_blt, rval = 1'0).
Adding EN signal on $auto$ff.cc:337:slice$16754 ($sdff) from module $paramod$5f39f8b646aa95582e6f088ce64c0e154e784a4a\picorv32 (D = $logic_and$picorv32.v:1042$1439_Y, Q = \instr_blt).
Adding SRST signal on $procdff$15459 ($dff) from module $paramod$5f39f8b646aa95582e6f088ce64c0e154e784a4a\picorv32 (D = $procmux$4175_Y, Q = \instr_bne, rval = 1'0).
Adding EN signal on $auto$ff.cc:337:slice$16756 ($sdff) from module $paramod$5f39f8b646aa95582e6f088ce64c0e154e784a4a\picorv32 (D = $logic_and$picorv32.v:1041$1437_Y, Q = \instr_bne).
Adding EN signal on $procdff$15457 ($dff) from module $paramod$5f39f8b646aa95582e6f088ce64c0e154e784a4a\picorv32 (D = $logic_and$picorv32.v:870$1367_Y, Q = \instr_jalr).
Adding EN signal on $procdff$15456 ($dff) from module $paramod$5f39f8b646aa95582e6f088ce64c0e154e784a4a\picorv32 (D = $eq$picorv32.v:869$1364_Y, Q = \instr_jal).
Adding EN signal on $procdff$15455 ($dff) from module $paramod$5f39f8b646aa95582e6f088ce64c0e154e784a4a\picorv32 (D = $eq$picorv32.v:868$1363_Y, Q = \instr_auipc).
Adding EN signal on $procdff$15454 ($dff) from module $paramod$5f39f8b646aa95582e6f088ce64c0e154e784a4a\picorv32 (D = $eq$picorv32.v:867$1362_Y, Q = \instr_lui).
Adding EN signal on $procdff$15453 ($dff) from module $paramod$5f39f8b646aa95582e6f088ce64c0e154e784a4a\picorv32 (D = 32'x, Q = \pcpi_insn).
Adding SRST signal on $procdff$15440 ($dff) from module $paramod$5f39f8b646aa95582e6f088ce64c0e154e784a4a\picorv32 (D = $procmux$2840_Y, Q = \latched_rd, rval = 5'00010).
Adding EN signal on $auto$ff.cc:337:slice$16763 ($sdff) from module $paramod$5f39f8b646aa95582e6f088ce64c0e154e784a4a\picorv32 (D = $procmux$2840_Y, Q = \latched_rd).
Adding SRST signal on $procdff$15439 ($dff) from module $paramod$5f39f8b646aa95582e6f088ce64c0e154e784a4a\picorv32 (D = $procmux$2866_Y, Q = \latched_is_lb, rval = 1'0).
Adding EN signal on $auto$ff.cc:337:slice$16771 ($sdff) from module $paramod$5f39f8b646aa95582e6f088ce64c0e154e784a4a\picorv32 (D = $procmux$2866_Y, Q = \latched_is_lb).
Adding SRST signal on $procdff$15438 ($dff) from module $paramod$5f39f8b646aa95582e6f088ce64c0e154e784a4a\picorv32 (D = $procmux$2879_Y, Q = \latched_is_lh, rval = 1'0).
Adding EN signal on $auto$ff.cc:337:slice$16781 ($sdff) from module $paramod$5f39f8b646aa95582e6f088ce64c0e154e784a4a\picorv32 (D = $procmux$2879_Y, Q = \latched_is_lh).
Adding SRST signal on $procdff$15437 ($dff) from module $paramod$5f39f8b646aa95582e6f088ce64c0e154e784a4a\picorv32 (D = $procmux$2892_Y, Q = \latched_is_lu, rval = 1'0).
Adding EN signal on $auto$ff.cc:337:slice$16791 ($sdff) from module $paramod$5f39f8b646aa95582e6f088ce64c0e154e784a4a\picorv32 (D = $procmux$2892_Y, Q = \latched_is_lu).
Adding EN signal on $procdff$15435 ($dff) from module $paramod$5f39f8b646aa95582e6f088ce64c0e154e784a4a\picorv32 (D = \compressed_instr, Q = \latched_compr).
Adding SRST signal on $procdff$15434 ($dff) from module $paramod$5f39f8b646aa95582e6f088ce64c0e154e784a4a\picorv32 (D = $procmux$2937_Y, Q = \latched_branch, rval = 1'0).
Adding EN signal on $auto$ff.cc:337:slice$16804 ($sdff) from module $paramod$5f39f8b646aa95582e6f088ce64c0e154e784a4a\picorv32 (D = $procmux$2937_Y, Q = \latched_branch).
Adding SRST signal on $procdff$15433 ($dff) from module $paramod$5f39f8b646aa95582e6f088ce64c0e154e784a4a\picorv32 (D = $procmux$2973_Y, Q = \latched_stalu, rval = 1'0).
Adding EN signal on $auto$ff.cc:337:slice$16808 ($sdff) from module $paramod$5f39f8b646aa95582e6f088ce64c0e154e784a4a\picorv32 (D = $procmux$2973_Y, Q = \latched_stalu).
Adding SRST signal on $procdff$15432 ($dff) from module $paramod$5f39f8b646aa95582e6f088ce64c0e154e784a4a\picorv32 (D = $procmux$2980_Y, Q = \latched_store, rval = 1'1).
Adding EN signal on $auto$ff.cc:337:slice$16816 ($sdff) from module $paramod$5f39f8b646aa95582e6f088ce64c0e154e784a4a\picorv32 (D = $procmux$2980_Y, Q = \latched_store).
Adding SRST signal on $procdff$15403 ($dff) from module $paramod$5f39f8b646aa95582e6f088ce64c0e154e784a4a\picorv32 (D = $procmux$3566_Y, Q = \reg_pc, rval = 0).
Adding EN signal on $auto$ff.cc:337:slice$16824 ($sdff) from module $paramod$5f39f8b646aa95582e6f088ce64c0e154e784a4a\picorv32 (D = $3\current_pc[31:0], Q = \reg_pc).
Adding SRST signal on $procdff$15421 ($dff) from module $paramod$5f39f8b646aa95582e6f088ce64c0e154e784a4a\picorv32 (D = $procmux$2604_Y, Q = \decoder_pseudo_trigger, rval = 1'0).
Adding SRST signal on $procdff$15418 ($dff) from module $paramod$5f39f8b646aa95582e6f088ce64c0e154e784a4a\picorv32 (D = $procmux$3244_Y, Q = \mem_do_wdata, rval = 1'1).
Adding EN signal on $auto$ff.cc:337:slice$16829 ($sdff) from module $paramod$5f39f8b646aa95582e6f088ce64c0e154e784a4a\picorv32 (D = 1'0, Q = \mem_do_wdata).
Adding SRST signal on $procdff$15417 ($dff) from module $paramod$5f39f8b646aa95582e6f088ce64c0e154e784a4a\picorv32 (D = $procmux$3248_Y, Q = \mem_do_rdata, rval = 1'1).
Adding EN signal on $auto$ff.cc:337:slice$16831 ($sdff) from module $paramod$5f39f8b646aa95582e6f088ce64c0e154e784a4a\picorv32 (D = 1'0, Q = \mem_do_rdata).
Adding SRST signal on $procdff$15416 ($dff) from module $paramod$5f39f8b646aa95582e6f088ce64c0e154e784a4a\picorv32 (D = $procmux$3319_Y, Q = \mem_do_rinst, rval = 1'1).
Adding EN signal on $auto$ff.cc:337:slice$16833 ($sdff) from module $paramod$5f39f8b646aa95582e6f088ce64c0e154e784a4a\picorv32 (D = $procmux$3319_Y, Q = \mem_do_rinst).
Setting constant 1-bit at position 0 on $auto$ff.cc:337:slice$16762 ($dffe) from module $paramod$5f39f8b646aa95582e6f088ce64c0e154e784a4a\picorv32.
Setting constant 1-bit at position 1 on $auto$ff.cc:337:slice$16762 ($dffe) from module $paramod$5f39f8b646aa95582e6f088ce64c0e154e784a4a\picorv32.
Setting constant 1-bit at position 2 on $auto$ff.cc:337:slice$16762 ($dffe) from module $paramod$5f39f8b646aa95582e6f088ce64c0e154e784a4a\picorv32.
Setting constant 1-bit at position 3 on $auto$ff.cc:337:slice$16762 ($dffe) from module $paramod$5f39f8b646aa95582e6f088ce64c0e154e784a4a\picorv32.
Setting constant 1-bit at position 4 on $auto$ff.cc:337:slice$16762 ($dffe) from module $paramod$5f39f8b646aa95582e6f088ce64c0e154e784a4a\picorv32.
Setting constant 1-bit at position 5 on $auto$ff.cc:337:slice$16762 ($dffe) from module $paramod$5f39f8b646aa95582e6f088ce64c0e154e784a4a\picorv32.
Setting constant 1-bit at position 6 on $auto$ff.cc:337:slice$16762 ($dffe) from module $paramod$5f39f8b646aa95582e6f088ce64c0e154e784a4a\picorv32.
Setting constant 1-bit at position 7 on $auto$ff.cc:337:slice$16762 ($dffe) from module $paramod$5f39f8b646aa95582e6f088ce64c0e154e784a4a\picorv32.
Setting constant 1-bit at position 8 on $auto$ff.cc:337:slice$16762 ($dffe) from module $paramod$5f39f8b646aa95582e6f088ce64c0e154e784a4a\picorv32.
Setting constant 1-bit at position 9 on $auto$ff.cc:337:slice$16762 ($dffe) from module $paramod$5f39f8b646aa95582e6f088ce64c0e154e784a4a\picorv32.
Setting constant 1-bit at position 10 on $auto$ff.cc:337:slice$16762 ($dffe) from module $paramod$5f39f8b646aa95582e6f088ce64c0e154e784a4a\picorv32.
Setting constant 1-bit at position 11 on $auto$ff.cc:337:slice$16762 ($dffe) from module $paramod$5f39f8b646aa95582e6f088ce64c0e154e784a4a\picorv32.
Setting constant 1-bit at position 12 on $auto$ff.cc:337:slice$16762 ($dffe) from module $paramod$5f39f8b646aa95582e6f088ce64c0e154e784a4a\picorv32.
Setting constant 1-bit at position 13 on $auto$ff.cc:337:slice$16762 ($dffe) from module $paramod$5f39f8b646aa95582e6f088ce64c0e154e784a4a\picorv32.
Setting constant 1-bit at position 14 on $auto$ff.cc:337:slice$16762 ($dffe) from module $paramod$5f39f8b646aa95582e6f088ce64c0e154e784a4a\picorv32.
Setting constant 1-bit at position 15 on $auto$ff.cc:337:slice$16762 ($dffe) from module $paramod$5f39f8b646aa95582e6f088ce64c0e154e784a4a\picorv32.
Setting constant 1-bit at position 16 on $auto$ff.cc:337:slice$16762 ($dffe) from module $paramod$5f39f8b646aa95582e6f088ce64c0e154e784a4a\picorv32.
Setting constant 1-bit at position 17 on $auto$ff.cc:337:slice$16762 ($dffe) from module $paramod$5f39f8b646aa95582e6f088ce64c0e154e784a4a\picorv32.
Setting constant 1-bit at position 18 on $auto$ff.cc:337:slice$16762 ($dffe) from module $paramod$5f39f8b646aa95582e6f088ce64c0e154e784a4a\picorv32.
Setting constant 1-bit at position 19 on $auto$ff.cc:337:slice$16762 ($dffe) from module $paramod$5f39f8b646aa95582e6f088ce64c0e154e784a4a\picorv32.
Setting constant 1-bit at position 20 on $auto$ff.cc:337:slice$16762 ($dffe) from module $paramod$5f39f8b646aa95582e6f088ce64c0e154e784a4a\picorv32.
Setting constant 1-bit at position 21 on $auto$ff.cc:337:slice$16762 ($dffe) from module $paramod$5f39f8b646aa95582e6f088ce64c0e154e784a4a\picorv32.
Setting constant 1-bit at position 22 on $auto$ff.cc:337:slice$16762 ($dffe) from module $paramod$5f39f8b646aa95582e6f088ce64c0e154e784a4a\picorv32.
Setting constant 1-bit at position 23 on $auto$ff.cc:337:slice$16762 ($dffe) from module $paramod$5f39f8b646aa95582e6f088ce64c0e154e784a4a\picorv32.
Setting constant 1-bit at position 24 on $auto$ff.cc:337:slice$16762 ($dffe) from module $paramod$5f39f8b646aa95582e6f088ce64c0e154e784a4a\picorv32.
Setting constant 1-bit at position 25 on $auto$ff.cc:337:slice$16762 ($dffe) from module $paramod$5f39f8b646aa95582e6f088ce64c0e154e784a4a\picorv32.
Setting constant 1-bit at position 26 on $auto$ff.cc:337:slice$16762 ($dffe) from module $paramod$5f39f8b646aa95582e6f088ce64c0e154e784a4a\picorv32.
Setting constant 1-bit at position 27 on $auto$ff.cc:337:slice$16762 ($dffe) from module $paramod$5f39f8b646aa95582e6f088ce64c0e154e784a4a\picorv32.
Setting constant 1-bit at position 28 on $auto$ff.cc:337:slice$16762 ($dffe) from module $paramod$5f39f8b646aa95582e6f088ce64c0e154e784a4a\picorv32.
Setting constant 1-bit at position 29 on $auto$ff.cc:337:slice$16762 ($dffe) from module $paramod$5f39f8b646aa95582e6f088ce64c0e154e784a4a\picorv32.
Setting constant 1-bit at position 30 on $auto$ff.cc:337:slice$16762 ($dffe) from module $paramod$5f39f8b646aa95582e6f088ce64c0e154e784a4a\picorv32.
Setting constant 1-bit at position 31 on $auto$ff.cc:337:slice$16762 ($dffe) from module $paramod$5f39f8b646aa95582e6f088ce64c0e154e784a4a\picorv32.
Setting constant 0-bit at position 32 on $auto$ff.cc:337:slice$16744 ($sdffe) from module $paramod$5f39f8b646aa95582e6f088ce64c0e154e784a4a\picorv32.
Setting constant 0-bit at position 33 on $auto$ff.cc:337:slice$16744 ($sdffe) from module $paramod$5f39f8b646aa95582e6f088ce64c0e154e784a4a\picorv32.
Setting constant 0-bit at position 34 on $auto$ff.cc:337:slice$16744 ($sdffe) from module $paramod$5f39f8b646aa95582e6f088ce64c0e154e784a4a\picorv32.
Setting constant 0-bit at position 35 on $auto$ff.cc:337:slice$16744 ($sdffe) from module $paramod$5f39f8b646aa95582e6f088ce64c0e154e784a4a\picorv32.
Setting constant 0-bit at position 36 on $auto$ff.cc:337:slice$16744 ($sdffe) from module $paramod$5f39f8b646aa95582e6f088ce64c0e154e784a4a\picorv32.
Setting constant 0-bit at position 37 on $auto$ff.cc:337:slice$16744 ($sdffe) from module $paramod$5f39f8b646aa95582e6f088ce64c0e154e784a4a\picorv32.
Setting constant 0-bit at position 38 on $auto$ff.cc:337:slice$16744 ($sdffe) from module $paramod$5f39f8b646aa95582e6f088ce64c0e154e784a4a\picorv32.
Setting constant 0-bit at position 39 on $auto$ff.cc:337:slice$16744 ($sdffe) from module $paramod$5f39f8b646aa95582e6f088ce64c0e154e784a4a\picorv32.
Setting constant 0-bit at position 40 on $auto$ff.cc:337:slice$16744 ($sdffe) from module $paramod$5f39f8b646aa95582e6f088ce64c0e154e784a4a\picorv32.
Setting constant 0-bit at position 41 on $auto$ff.cc:337:slice$16744 ($sdffe) from module $paramod$5f39f8b646aa95582e6f088ce64c0e154e784a4a\picorv32.
Setting constant 0-bit at position 42 on $auto$ff.cc:337:slice$16744 ($sdffe) from module $paramod$5f39f8b646aa95582e6f088ce64c0e154e784a4a\picorv32.
Setting constant 0-bit at position 43 on $auto$ff.cc:337:slice$16744 ($sdffe) from module $paramod$5f39f8b646aa95582e6f088ce64c0e154e784a4a\picorv32.
Setting constant 0-bit at position 44 on $auto$ff.cc:337:slice$16744 ($sdffe) from module $paramod$5f39f8b646aa95582e6f088ce64c0e154e784a4a\picorv32.
Setting constant 0-bit at position 45 on $auto$ff.cc:337:slice$16744 ($sdffe) from module $paramod$5f39f8b646aa95582e6f088ce64c0e154e784a4a\picorv32.
Setting constant 0-bit at position 46 on $auto$ff.cc:337:slice$16744 ($sdffe) from module $paramod$5f39f8b646aa95582e6f088ce64c0e154e784a4a\picorv32.
Setting constant 0-bit at position 47 on $auto$ff.cc:337:slice$16744 ($sdffe) from module $paramod$5f39f8b646aa95582e6f088ce64c0e154e784a4a\picorv32.
Setting constant 0-bit at position 48 on $auto$ff.cc:337:slice$16744 ($sdffe) from module $paramod$5f39f8b646aa95582e6f088ce64c0e154e784a4a\picorv32.
Setting constant 0-bit at position 49 on $auto$ff.cc:337:slice$16744 ($sdffe) from module $paramod$5f39f8b646aa95582e6f088ce64c0e154e784a4a\picorv32.
Setting constant 0-bit at position 50 on $auto$ff.cc:337:slice$16744 ($sdffe) from module $paramod$5f39f8b646aa95582e6f088ce64c0e154e784a4a\picorv32.
Setting constant 0-bit at position 51 on $auto$ff.cc:337:slice$16744 ($sdffe) from module $paramod$5f39f8b646aa95582e6f088ce64c0e154e784a4a\picorv32.
Setting constant 0-bit at position 52 on $auto$ff.cc:337:slice$16744 ($sdffe) from module $paramod$5f39f8b646aa95582e6f088ce64c0e154e784a4a\picorv32.
Setting constant 0-bit at position 53 on $auto$ff.cc:337:slice$16744 ($sdffe) from module $paramod$5f39f8b646aa95582e6f088ce64c0e154e784a4a\picorv32.
Setting constant 0-bit at position 54 on $auto$ff.cc:337:slice$16744 ($sdffe) from module $paramod$5f39f8b646aa95582e6f088ce64c0e154e784a4a\picorv32.
Setting constant 0-bit at position 55 on $auto$ff.cc:337:slice$16744 ($sdffe) from module $paramod$5f39f8b646aa95582e6f088ce64c0e154e784a4a\picorv32.
Setting constant 0-bit at position 56 on $auto$ff.cc:337:slice$16744 ($sdffe) from module $paramod$5f39f8b646aa95582e6f088ce64c0e154e784a4a\picorv32.
Setting constant 0-bit at position 57 on $auto$ff.cc:337:slice$16744 ($sdffe) from module $paramod$5f39f8b646aa95582e6f088ce64c0e154e784a4a\picorv32.
Setting constant 0-bit at position 58 on $auto$ff.cc:337:slice$16744 ($sdffe) from module $paramod$5f39f8b646aa95582e6f088ce64c0e154e784a4a\picorv32.
Setting constant 0-bit at position 59 on $auto$ff.cc:337:slice$16744 ($sdffe) from module $paramod$5f39f8b646aa95582e6f088ce64c0e154e784a4a\picorv32.
Setting constant 0-bit at position 60 on $auto$ff.cc:337:slice$16744 ($sdffe) from module $paramod$5f39f8b646aa95582e6f088ce64c0e154e784a4a\picorv32.
Setting constant 0-bit at position 61 on $auto$ff.cc:337:slice$16744 ($sdffe) from module $paramod$5f39f8b646aa95582e6f088ce64c0e154e784a4a\picorv32.
Setting constant 0-bit at position 62 on $auto$ff.cc:337:slice$16744 ($sdffe) from module $paramod$5f39f8b646aa95582e6f088ce64c0e154e784a4a\picorv32.
Setting constant 0-bit at position 63 on $auto$ff.cc:337:slice$16744 ($sdffe) from module $paramod$5f39f8b646aa95582e6f088ce64c0e154e784a4a\picorv32.
Setting constant 0-bit at position 0 on $auto$ff.cc:337:slice$16643 ($dffe) from module $paramod$5f39f8b646aa95582e6f088ce64c0e154e784a4a\picorv32.
Setting constant 0-bit at position 0 on $auto$ff.cc:337:slice$16641 ($dffe) from module $paramod$5f39f8b646aa95582e6f088ce64c0e154e784a4a\picorv32.
Setting constant 0-bit at position 0 on $auto$ff.cc:337:slice$16639 ($dffe) from module $paramod$5f39f8b646aa95582e6f088ce64c0e154e784a4a\picorv32.
Setting constant 0-bit at position 0 on $auto$ff.cc:337:slice$16638 ($dffe) from module $paramod$5f39f8b646aa95582e6f088ce64c0e154e784a4a\picorv32.
Setting constant 0-bit at position 1 on $auto$ff.cc:337:slice$16638 ($dffe) from module $paramod$5f39f8b646aa95582e6f088ce64c0e154e784a4a\picorv32.
Setting constant 0-bit at position 2 on $auto$ff.cc:337:slice$16638 ($dffe) from module $paramod$5f39f8b646aa95582e6f088ce64c0e154e784a4a\picorv32.
Setting constant 0-bit at position 3 on $auto$ff.cc:337:slice$16638 ($dffe) from module $paramod$5f39f8b646aa95582e6f088ce64c0e154e784a4a\picorv32.
Setting constant 0-bit at position 4 on $auto$ff.cc:337:slice$16638 ($dffe) from module $paramod$5f39f8b646aa95582e6f088ce64c0e154e784a4a\picorv32.
Setting constant 0-bit at position 5 on $auto$ff.cc:337:slice$16638 ($dffe) from module $paramod$5f39f8b646aa95582e6f088ce64c0e154e784a4a\picorv32.
Setting constant 0-bit at position 6 on $auto$ff.cc:337:slice$16638 ($dffe) from module $paramod$5f39f8b646aa95582e6f088ce64c0e154e784a4a\picorv32.
Setting constant 0-bit at position 7 on $auto$ff.cc:337:slice$16638 ($dffe) from module $paramod$5f39f8b646aa95582e6f088ce64c0e154e784a4a\picorv32.
Setting constant 0-bit at position 8 on $auto$ff.cc:337:slice$16638 ($dffe) from module $paramod$5f39f8b646aa95582e6f088ce64c0e154e784a4a\picorv32.
Setting constant 0-bit at position 9 on $auto$ff.cc:337:slice$16638 ($dffe) from module $paramod$5f39f8b646aa95582e6f088ce64c0e154e784a4a\picorv32.
Setting constant 0-bit at position 10 on $auto$ff.cc:337:slice$16638 ($dffe) from module $paramod$5f39f8b646aa95582e6f088ce64c0e154e784a4a\picorv32.
Setting constant 0-bit at position 11 on $auto$ff.cc:337:slice$16638 ($dffe) from module $paramod$5f39f8b646aa95582e6f088ce64c0e154e784a4a\picorv32.
Setting constant 0-bit at position 12 on $auto$ff.cc:337:slice$16638 ($dffe) from module $paramod$5f39f8b646aa95582e6f088ce64c0e154e784a4a\picorv32.
Setting constant 0-bit at position 13 on $auto$ff.cc:337:slice$16638 ($dffe) from module $paramod$5f39f8b646aa95582e6f088ce64c0e154e784a4a\picorv32.
Setting constant 0-bit at position 14 on $auto$ff.cc:337:slice$16638 ($dffe) from module $paramod$5f39f8b646aa95582e6f088ce64c0e154e784a4a\picorv32.
Setting constant 0-bit at position 15 on $auto$ff.cc:337:slice$16638 ($dffe) from module $paramod$5f39f8b646aa95582e6f088ce64c0e154e784a4a\picorv32.
Setting constant 0-bit at position 16 on $auto$ff.cc:337:slice$16638 ($dffe) from module $paramod$5f39f8b646aa95582e6f088ce64c0e154e784a4a\picorv32.
Setting constant 0-bit at position 17 on $auto$ff.cc:337:slice$16638 ($dffe) from module $paramod$5f39f8b646aa95582e6f088ce64c0e154e784a4a\picorv32.
Setting constant 0-bit at position 18 on $auto$ff.cc:337:slice$16638 ($dffe) from module $paramod$5f39f8b646aa95582e6f088ce64c0e154e784a4a\picorv32.
Setting constant 0-bit at position 19 on $auto$ff.cc:337:slice$16638 ($dffe) from module $paramod$5f39f8b646aa95582e6f088ce64c0e154e784a4a\picorv32.
Setting constant 0-bit at position 20 on $auto$ff.cc:337:slice$16638 ($dffe) from module $paramod$5f39f8b646aa95582e6f088ce64c0e154e784a4a\picorv32.
Setting constant 0-bit at position 21 on $auto$ff.cc:337:slice$16638 ($dffe) from module $paramod$5f39f8b646aa95582e6f088ce64c0e154e784a4a\picorv32.
Setting constant 0-bit at position 22 on $auto$ff.cc:337:slice$16638 ($dffe) from module $paramod$5f39f8b646aa95582e6f088ce64c0e154e784a4a\picorv32.
Setting constant 0-bit at position 23 on $auto$ff.cc:337:slice$16638 ($dffe) from module $paramod$5f39f8b646aa95582e6f088ce64c0e154e784a4a\picorv32.
Setting constant 0-bit at position 24 on $auto$ff.cc:337:slice$16638 ($dffe) from module $paramod$5f39f8b646aa95582e6f088ce64c0e154e784a4a\picorv32.
Setting constant 0-bit at position 25 on $auto$ff.cc:337:slice$16638 ($dffe) from module $paramod$5f39f8b646aa95582e6f088ce64c0e154e784a4a\picorv32.
Setting constant 0-bit at position 26 on $auto$ff.cc:337:slice$16638 ($dffe) from module $paramod$5f39f8b646aa95582e6f088ce64c0e154e784a4a\picorv32.
Setting constant 0-bit at position 27 on $auto$ff.cc:337:slice$16638 ($dffe) from module $paramod$5f39f8b646aa95582e6f088ce64c0e154e784a4a\picorv32.
Setting constant 0-bit at position 28 on $auto$ff.cc:337:slice$16638 ($dffe) from module $paramod$5f39f8b646aa95582e6f088ce64c0e154e784a4a\picorv32.
Setting constant 0-bit at position 29 on $auto$ff.cc:337:slice$16638 ($dffe) from module $paramod$5f39f8b646aa95582e6f088ce64c0e154e784a4a\picorv32.
Setting constant 0-bit at position 30 on $auto$ff.cc:337:slice$16638 ($dffe) from module $paramod$5f39f8b646aa95582e6f088ce64c0e154e784a4a\picorv32.
Setting constant 0-bit at position 31 on $auto$ff.cc:337:slice$16638 ($dffe) from module $paramod$5f39f8b646aa95582e6f088ce64c0e154e784a4a\picorv32.
Setting constant 0-bit at position 0 on $auto$ff.cc:337:slice$16634 ($dffe) from module $paramod$5f39f8b646aa95582e6f088ce64c0e154e784a4a\picorv32.
Setting constant 0-bit at position 0 on $auto$ff.cc:337:slice$16633 ($dffe) from module $paramod$5f39f8b646aa95582e6f088ce64c0e154e784a4a\picorv32.
Setting constant 0-bit at position 0 on $auto$ff.cc:337:slice$16632 ($dffe) from module $paramod$5f39f8b646aa95582e6f088ce64c0e154e784a4a\picorv32.
Setting constant 0-bit at position 0 on $auto$ff.cc:337:slice$16631 ($dffe) from module $paramod$5f39f8b646aa95582e6f088ce64c0e154e784a4a\picorv32.
Setting constant 0-bit at position 0 on $auto$ff.cc:337:slice$16630 ($dffe) from module $paramod$5f39f8b646aa95582e6f088ce64c0e154e784a4a\picorv32.
Setting constant 0-bit at position 0 on $auto$ff.cc:337:slice$16629 ($dffe) from module $paramod$5f39f8b646aa95582e6f088ce64c0e154e784a4a\picorv32.
Setting constant 0-bit at position 0 on $auto$ff.cc:337:slice$16624 ($dffe) from module $paramod$5f39f8b646aa95582e6f088ce64c0e154e784a4a\picorv32.
Setting constant 0-bit at position 0 on $auto$ff.cc:337:slice$16623 ($dffe) from module $paramod$5f39f8b646aa95582e6f088ce64c0e154e784a4a\picorv32.
Adding EN signal on $procdff$15565 ($adff) from module $paramod$edcaa0cfb453980d1e33a3c938c1a32918b9f1d7\rom (D = $0\w_pend[0:0], Q = \w_pend).
Adding EN signal on $procdff$15556 ($adff) from module $paramod$edcaa0cfb453980d1e33a3c938c1a32918b9f1d7\rom (D = $procmux$4852_Y, Q = \r_data_r).
Adding EN signal on $procdff$15562 ($adff) from module $paramod$edcaa0cfb453980d1e33a3c938c1a32918b9f1d7\rom (D = $0\aw_pend[0:0], Q = \aw_pend).
Adding EN signal on $procdff$15559 ($adff) from module $paramod$edcaa0cfb453980d1e33a3c938c1a32918b9f1d7\rom (D = $0\b_vld[0:0], Q = \b_vld).
Adding EN signal on $procdff$15553 ($adff) from module $paramod$edcaa0cfb453980d1e33a3c938c1a32918b9f1d7\rom (D = $0\r_valid_r[0:0], Q = \r_valid_r).
Adding EN signal on $procdff$15789 ($dff) from module $paramod\sram\MEM_DEPTH=s32'00000000000000000000000001000000 (D = \w_data_r [7:0], Q = \mem[39] [7:0]).
Adding EN signal on $procdff$15789 ($dff) from module $paramod\sram\MEM_DEPTH=s32'00000000000000000000000001000000 (D = \w_data_r [15:8], Q = \mem[39] [15:8]).
Adding EN signal on $procdff$15789 ($dff) from module $paramod\sram\MEM_DEPTH=s32'00000000000000000000000001000000 (D = \w_data_r [23:16], Q = \mem[39] [23:16]).
Adding EN signal on $procdff$15789 ($dff) from module $paramod\sram\MEM_DEPTH=s32'00000000000000000000000001000000 (D = \w_data_r [31:24], Q = \mem[39] [31:24]).
Adding EN signal on $procdff$15869 ($dff) from module $paramod\sram\MEM_DEPTH=s32'00000000000000000000000001000000 (D = \w_data_r [7:0], Q = \mem[55] [7:0]).
Adding EN signal on $procdff$15869 ($dff) from module $paramod\sram\MEM_DEPTH=s32'00000000000000000000000001000000 (D = \w_data_r [15:8], Q = \mem[55] [15:8]).
Adding EN signal on $procdff$15869 ($dff) from module $paramod\sram\MEM_DEPTH=s32'00000000000000000000000001000000 (D = \w_data_r [23:16], Q = \mem[55] [23:16]).
Adding EN signal on $procdff$15869 ($dff) from module $paramod\sram\MEM_DEPTH=s32'00000000000000000000000001000000 (D = \w_data_r [31:24], Q = \mem[55] [31:24]).
Adding EN signal on $procdff$15784 ($dff) from module $paramod\sram\MEM_DEPTH=s32'00000000000000000000000001000000 (D = \w_data_r [7:0], Q = \mem[38] [7:0]).
Adding EN signal on $procdff$15784 ($dff) from module $paramod\sram\MEM_DEPTH=s32'00000000000000000000000001000000 (D = \w_data_r [15:8], Q = \mem[38] [15:8]).
Adding EN signal on $procdff$15784 ($dff) from module $paramod\sram\MEM_DEPTH=s32'00000000000000000000000001000000 (D = \w_data_r [23:16], Q = \mem[38] [23:16]).
Adding EN signal on $procdff$15784 ($dff) from module $paramod\sram\MEM_DEPTH=s32'00000000000000000000000001000000 (D = \w_data_r [31:24], Q = \mem[38] [31:24]).
Adding EN signal on $procdff$15779 ($dff) from module $paramod\sram\MEM_DEPTH=s32'00000000000000000000000001000000 (D = \w_data_r [7:0], Q = \mem[37] [7:0]).
Adding EN signal on $procdff$15779 ($dff) from module $paramod\sram\MEM_DEPTH=s32'00000000000000000000000001000000 (D = \w_data_r [15:8], Q = \mem[37] [15:8]).
Adding EN signal on $procdff$15779 ($dff) from module $paramod\sram\MEM_DEPTH=s32'00000000000000000000000001000000 (D = \w_data_r [23:16], Q = \mem[37] [23:16]).
Adding EN signal on $procdff$15779 ($dff) from module $paramod\sram\MEM_DEPTH=s32'00000000000000000000000001000000 (D = \w_data_r [31:24], Q = \mem[37] [31:24]).
Adding EN signal on $procdff$15859 ($dff) from module $paramod\sram\MEM_DEPTH=s32'00000000000000000000000001000000 (D = \w_data_r [7:0], Q = \mem[53] [7:0]).
Adding EN signal on $procdff$15859 ($dff) from module $paramod\sram\MEM_DEPTH=s32'00000000000000000000000001000000 (D = \w_data_r [15:8], Q = \mem[53] [15:8]).
Adding EN signal on $procdff$15859 ($dff) from module $paramod\sram\MEM_DEPTH=s32'00000000000000000000000001000000 (D = \w_data_r [23:16], Q = \mem[53] [23:16]).
Adding EN signal on $procdff$15859 ($dff) from module $paramod\sram\MEM_DEPTH=s32'00000000000000000000000001000000 (D = \w_data_r [31:24], Q = \mem[53] [31:24]).
Adding EN signal on $procdff$15754 ($dff) from module $paramod\sram\MEM_DEPTH=s32'00000000000000000000000001000000 (D = \w_data_r [7:0], Q = \mem[32] [7:0]).
Adding EN signal on $procdff$15754 ($dff) from module $paramod\sram\MEM_DEPTH=s32'00000000000000000000000001000000 (D = \w_data_r [15:8], Q = \mem[32] [15:8]).
Adding EN signal on $procdff$15754 ($dff) from module $paramod\sram\MEM_DEPTH=s32'00000000000000000000000001000000 (D = \w_data_r [23:16], Q = \mem[32] [23:16]).
Adding EN signal on $procdff$15754 ($dff) from module $paramod\sram\MEM_DEPTH=s32'00000000000000000000000001000000 (D = \w_data_r [31:24], Q = \mem[32] [31:24]).
Adding EN signal on $procdff$15749 ($dff) from module $paramod\sram\MEM_DEPTH=s32'00000000000000000000000001000000 (D = \w_data_r [7:0], Q = \mem[31] [7:0]).
Adding EN signal on $procdff$15749 ($dff) from module $paramod\sram\MEM_DEPTH=s32'00000000000000000000000001000000 (D = \w_data_r [15:8], Q = \mem[31] [15:8]).
Adding EN signal on $procdff$15749 ($dff) from module $paramod\sram\MEM_DEPTH=s32'00000000000000000000000001000000 (D = \w_data_r [23:16], Q = \mem[31] [23:16]).
Adding EN signal on $procdff$15749 ($dff) from module $paramod\sram\MEM_DEPTH=s32'00000000000000000000000001000000 (D = \w_data_r [31:24], Q = \mem[31] [31:24]).
Adding EN signal on $procdff$15568 ($adff) from module $paramod\sram\MEM_DEPTH=s32'00000000000000000000000001000000 (D = $0\r_valid_r[0:0], Q = \r_valid_r).
Adding EN signal on $procdff$15571 ($adff) from module $paramod\sram\MEM_DEPTH=s32'00000000000000000000000001000000 (D = $3$mem2reg_rd$\mem$sram.v:136$1117_DATA[31:0]$1171, Q = \r_data_r).
Adding EN signal on $procdff$15794 ($dff) from module $paramod\sram\MEM_DEPTH=s32'00000000000000000000000001000000 (D = \w_data_r [7:0], Q = \mem[40] [7:0]).
Adding EN signal on $procdff$15794 ($dff) from module $paramod\sram\MEM_DEPTH=s32'00000000000000000000000001000000 (D = \w_data_r [15:8], Q = \mem[40] [15:8]).
Adding EN signal on $procdff$15794 ($dff) from module $paramod\sram\MEM_DEPTH=s32'00000000000000000000000001000000 (D = \w_data_r [23:16], Q = \mem[40] [23:16]).
Adding EN signal on $procdff$15794 ($dff) from module $paramod\sram\MEM_DEPTH=s32'00000000000000000000000001000000 (D = \w_data_r [31:24], Q = \mem[40] [31:24]).
Adding EN signal on $procdff$15574 ($adff) from module $paramod\sram\MEM_DEPTH=s32'00000000000000000000000001000000 (D = $0\b_vld[0:0], Q = \b_vld).
Adding EN signal on $procdff$15577 ($adff) from module $paramod\sram\MEM_DEPTH=s32'00000000000000000000000001000000 (D = $0\aw_pend[0:0], Q = \aw_pend).
Adding EN signal on $procdff$15580 ($adff) from module $paramod\sram\MEM_DEPTH=s32'00000000000000000000000001000000 (D = $0\w_pend[0:0], Q = \w_pend).
Adding EN signal on $procdff$15799 ($dff) from module $paramod\sram\MEM_DEPTH=s32'00000000000000000000000001000000 (D = \w_data_r [7:0], Q = \mem[41] [7:0]).
Adding EN signal on $procdff$15799 ($dff) from module $paramod\sram\MEM_DEPTH=s32'00000000000000000000000001000000 (D = \w_data_r [15:8], Q = \mem[41] [15:8]).
Adding EN signal on $procdff$15799 ($dff) from module $paramod\sram\MEM_DEPTH=s32'00000000000000000000000001000000 (D = \w_data_r [23:16], Q = \mem[41] [23:16]).
Adding EN signal on $procdff$15799 ($dff) from module $paramod\sram\MEM_DEPTH=s32'00000000000000000000000001000000 (D = \w_data_r [31:24], Q = \mem[41] [31:24]).
Adding EN signal on $procdff$15583 ($adff) from module $paramod\sram\MEM_DEPTH=s32'00000000000000000000000001000000 (D = \s_axi_awaddr, Q = \aw_addr_r).
Adding EN signal on $procdff$15874 ($dff) from module $paramod\sram\MEM_DEPTH=s32'00000000000000000000000001000000 (D = \w_data_r [7:0], Q = \mem[56] [7:0]).
Adding EN signal on $procdff$15874 ($dff) from module $paramod\sram\MEM_DEPTH=s32'00000000000000000000000001000000 (D = \w_data_r [15:8], Q = \mem[56] [15:8]).
Adding EN signal on $procdff$15874 ($dff) from module $paramod\sram\MEM_DEPTH=s32'00000000000000000000000001000000 (D = \w_data_r [23:16], Q = \mem[56] [23:16]).
Adding EN signal on $procdff$15874 ($dff) from module $paramod\sram\MEM_DEPTH=s32'00000000000000000000000001000000 (D = \w_data_r [31:24], Q = \mem[56] [31:24]).
Adding EN signal on $procdff$15586 ($adff) from module $paramod\sram\MEM_DEPTH=s32'00000000000000000000000001000000 (D = \s_axi_wdata, Q = \w_data_r).
Adding EN signal on $procdff$15589 ($adff) from module $paramod\sram\MEM_DEPTH=s32'00000000000000000000000001000000 (D = \s_axi_wstrb, Q = \w_strb_r).
Adding EN signal on $procdff$15804 ($dff) from module $paramod\sram\MEM_DEPTH=s32'00000000000000000000000001000000 (D = \w_data_r [7:0], Q = \mem[42] [7:0]).
Adding EN signal on $procdff$15804 ($dff) from module $paramod\sram\MEM_DEPTH=s32'00000000000000000000000001000000 (D = \w_data_r [15:8], Q = \mem[42] [15:8]).
Adding EN signal on $procdff$15804 ($dff) from module $paramod\sram\MEM_DEPTH=s32'00000000000000000000000001000000 (D = \w_data_r [23:16], Q = \mem[42] [23:16]).
Adding EN signal on $procdff$15804 ($dff) from module $paramod\sram\MEM_DEPTH=s32'00000000000000000000000001000000 (D = \w_data_r [31:24], Q = \mem[42] [31:24]).
Adding EN signal on $procdff$15594 ($dff) from module $paramod\sram\MEM_DEPTH=s32'00000000000000000000000001000000 (D = \w_data_r [7:0], Q = \mem[0] [7:0]).
Adding EN signal on $procdff$15594 ($dff) from module $paramod\sram\MEM_DEPTH=s32'00000000000000000000000001000000 (D = \w_data_r [15:8], Q = \mem[0] [15:8]).
Adding EN signal on $procdff$15594 ($dff) from module $paramod\sram\MEM_DEPTH=s32'00000000000000000000000001000000 (D = \w_data_r [23:16], Q = \mem[0] [23:16]).
Adding EN signal on $procdff$15594 ($dff) from module $paramod\sram\MEM_DEPTH=s32'00000000000000000000000001000000 (D = \w_data_r [31:24], Q = \mem[0] [31:24]).
Adding EN signal on $procdff$15899 ($dff) from module $paramod\sram\MEM_DEPTH=s32'00000000000000000000000001000000 (D = \w_data_r [7:0], Q = \mem[61] [7:0]).
Adding EN signal on $procdff$15899 ($dff) from module $paramod\sram\MEM_DEPTH=s32'00000000000000000000000001000000 (D = \w_data_r [15:8], Q = \mem[61] [15:8]).
Adding EN signal on $procdff$15899 ($dff) from module $paramod\sram\MEM_DEPTH=s32'00000000000000000000000001000000 (D = \w_data_r [23:16], Q = \mem[61] [23:16]).
Adding EN signal on $procdff$15899 ($dff) from module $paramod\sram\MEM_DEPTH=s32'00000000000000000000000001000000 (D = \w_data_r [31:24], Q = \mem[61] [31:24]).
Adding EN signal on $procdff$15599 ($dff) from module $paramod\sram\MEM_DEPTH=s32'00000000000000000000000001000000 (D = \w_data_r [7:0], Q = \mem[1] [7:0]).
Adding EN signal on $procdff$15599 ($dff) from module $paramod\sram\MEM_DEPTH=s32'00000000000000000000000001000000 (D = \w_data_r [15:8], Q = \mem[1] [15:8]).
Adding EN signal on $procdff$15599 ($dff) from module $paramod\sram\MEM_DEPTH=s32'00000000000000000000000001000000 (D = \w_data_r [23:16], Q = \mem[1] [23:16]).
Adding EN signal on $procdff$15599 ($dff) from module $paramod\sram\MEM_DEPTH=s32'00000000000000000000000001000000 (D = \w_data_r [31:24], Q = \mem[1] [31:24]).
Adding EN signal on $procdff$15604 ($dff) from module $paramod\sram\MEM_DEPTH=s32'00000000000000000000000001000000 (D = \w_data_r [7:0], Q = \mem[2] [7:0]).
Adding EN signal on $procdff$15604 ($dff) from module $paramod\sram\MEM_DEPTH=s32'00000000000000000000000001000000 (D = \w_data_r [15:8], Q = \mem[2] [15:8]).
Adding EN signal on $procdff$15604 ($dff) from module $paramod\sram\MEM_DEPTH=s32'00000000000000000000000001000000 (D = \w_data_r [23:16], Q = \mem[2] [23:16]).
Adding EN signal on $procdff$15604 ($dff) from module $paramod\sram\MEM_DEPTH=s32'00000000000000000000000001000000 (D = \w_data_r [31:24], Q = \mem[2] [31:24]).
Adding EN signal on $procdff$15809 ($dff) from module $paramod\sram\MEM_DEPTH=s32'00000000000000000000000001000000 (D = \w_data_r [7:0], Q = \mem[43] [7:0]).
Adding EN signal on $procdff$15809 ($dff) from module $paramod\sram\MEM_DEPTH=s32'00000000000000000000000001000000 (D = \w_data_r [15:8], Q = \mem[43] [15:8]).
Adding EN signal on $procdff$15809 ($dff) from module $paramod\sram\MEM_DEPTH=s32'00000000000000000000000001000000 (D = \w_data_r [23:16], Q = \mem[43] [23:16]).
Adding EN signal on $procdff$15809 ($dff) from module $paramod\sram\MEM_DEPTH=s32'00000000000000000000000001000000 (D = \w_data_r [31:24], Q = \mem[43] [31:24]).
Adding EN signal on $procdff$15609 ($dff) from module $paramod\sram\MEM_DEPTH=s32'00000000000000000000000001000000 (D = \w_data_r [7:0], Q = \mem[3] [7:0]).
Adding EN signal on $procdff$15609 ($dff) from module $paramod\sram\MEM_DEPTH=s32'00000000000000000000000001000000 (D = \w_data_r [15:8], Q = \mem[3] [15:8]).
Adding EN signal on $procdff$15609 ($dff) from module $paramod\sram\MEM_DEPTH=s32'00000000000000000000000001000000 (D = \w_data_r [23:16], Q = \mem[3] [23:16]).
Adding EN signal on $procdff$15609 ($dff) from module $paramod\sram\MEM_DEPTH=s32'00000000000000000000000001000000 (D = \w_data_r [31:24], Q = \mem[3] [31:24]).
Adding EN signal on $procdff$15614 ($dff) from module $paramod\sram\MEM_DEPTH=s32'00000000000000000000000001000000 (D = \w_data_r [7:0], Q = \mem[4] [7:0]).
Adding EN signal on $procdff$15614 ($dff) from module $paramod\sram\MEM_DEPTH=s32'00000000000000000000000001000000 (D = \w_data_r [15:8], Q = \mem[4] [15:8]).
Adding EN signal on $procdff$15614 ($dff) from module $paramod\sram\MEM_DEPTH=s32'00000000000000000000000001000000 (D = \w_data_r [23:16], Q = \mem[4] [23:16]).
Adding EN signal on $procdff$15614 ($dff) from module $paramod\sram\MEM_DEPTH=s32'00000000000000000000000001000000 (D = \w_data_r [31:24], Q = \mem[4] [31:24]).
Adding EN signal on $procdff$15619 ($dff) from module $paramod\sram\MEM_DEPTH=s32'00000000000000000000000001000000 (D = \w_data_r [7:0], Q = \mem[5] [7:0]).
Adding EN signal on $procdff$15619 ($dff) from module $paramod\sram\MEM_DEPTH=s32'00000000000000000000000001000000 (D = \w_data_r [15:8], Q = \mem[5] [15:8]).
Adding EN signal on $procdff$15619 ($dff) from module $paramod\sram\MEM_DEPTH=s32'00000000000000000000000001000000 (D = \w_data_r [23:16], Q = \mem[5] [23:16]).
Adding EN signal on $procdff$15619 ($dff) from module $paramod\sram\MEM_DEPTH=s32'00000000000000000000000001000000 (D = \w_data_r [31:24], Q = \mem[5] [31:24]).
Adding EN signal on $procdff$15814 ($dff) from module $paramod\sram\MEM_DEPTH=s32'00000000000000000000000001000000 (D = \w_data_r [7:0], Q = \mem[44] [7:0]).
Adding EN signal on $procdff$15814 ($dff) from module $paramod\sram\MEM_DEPTH=s32'00000000000000000000000001000000 (D = \w_data_r [15:8], Q = \mem[44] [15:8]).
Adding EN signal on $procdff$15814 ($dff) from module $paramod\sram\MEM_DEPTH=s32'00000000000000000000000001000000 (D = \w_data_r [23:16], Q = \mem[44] [23:16]).
Adding EN signal on $procdff$15814 ($dff) from module $paramod\sram\MEM_DEPTH=s32'00000000000000000000000001000000 (D = \w_data_r [31:24], Q = \mem[44] [31:24]).
Adding EN signal on $procdff$15624 ($dff) from module $paramod\sram\MEM_DEPTH=s32'00000000000000000000000001000000 (D = \w_data_r [7:0], Q = \mem[6] [7:0]).
Adding EN signal on $procdff$15624 ($dff) from module $paramod\sram\MEM_DEPTH=s32'00000000000000000000000001000000 (D = \w_data_r [15:8], Q = \mem[6] [15:8]).
Adding EN signal on $procdff$15624 ($dff) from module $paramod\sram\MEM_DEPTH=s32'00000000000000000000000001000000 (D = \w_data_r [23:16], Q = \mem[6] [23:16]).
Adding EN signal on $procdff$15624 ($dff) from module $paramod\sram\MEM_DEPTH=s32'00000000000000000000000001000000 (D = \w_data_r [31:24], Q = \mem[6] [31:24]).
Adding EN signal on $procdff$15879 ($dff) from module $paramod\sram\MEM_DEPTH=s32'00000000000000000000000001000000 (D = \w_data_r [7:0], Q = \mem[57] [7:0]).
Adding EN signal on $procdff$15879 ($dff) from module $paramod\sram\MEM_DEPTH=s32'00000000000000000000000001000000 (D = \w_data_r [15:8], Q = \mem[57] [15:8]).
Adding EN signal on $procdff$15879 ($dff) from module $paramod\sram\MEM_DEPTH=s32'00000000000000000000000001000000 (D = \w_data_r [23:16], Q = \mem[57] [23:16]).
Adding EN signal on $procdff$15879 ($dff) from module $paramod\sram\MEM_DEPTH=s32'00000000000000000000000001000000 (D = \w_data_r [31:24], Q = \mem[57] [31:24]).
Adding EN signal on $procdff$15629 ($dff) from module $paramod\sram\MEM_DEPTH=s32'00000000000000000000000001000000 (D = \w_data_r [7:0], Q = \mem[7] [7:0]).
Adding EN signal on $procdff$15629 ($dff) from module $paramod\sram\MEM_DEPTH=s32'00000000000000000000000001000000 (D = \w_data_r [15:8], Q = \mem[7] [15:8]).
Adding EN signal on $procdff$15629 ($dff) from module $paramod\sram\MEM_DEPTH=s32'00000000000000000000000001000000 (D = \w_data_r [23:16], Q = \mem[7] [23:16]).
Adding EN signal on $procdff$15629 ($dff) from module $paramod\sram\MEM_DEPTH=s32'00000000000000000000000001000000 (D = \w_data_r [31:24], Q = \mem[7] [31:24]).
Adding EN signal on $procdff$15634 ($dff) from module $paramod\sram\MEM_DEPTH=s32'00000000000000000000000001000000 (D = \w_data_r [7:0], Q = \mem[8] [7:0]).
Adding EN signal on $procdff$15634 ($dff) from module $paramod\sram\MEM_DEPTH=s32'00000000000000000000000001000000 (D = \w_data_r [15:8], Q = \mem[8] [15:8]).
Adding EN signal on $procdff$15634 ($dff) from module $paramod\sram\MEM_DEPTH=s32'00000000000000000000000001000000 (D = \w_data_r [23:16], Q = \mem[8] [23:16]).
Adding EN signal on $procdff$15634 ($dff) from module $paramod\sram\MEM_DEPTH=s32'00000000000000000000000001000000 (D = \w_data_r [31:24], Q = \mem[8] [31:24]).
Adding EN signal on $procdff$15819 ($dff) from module $paramod\sram\MEM_DEPTH=s32'00000000000000000000000001000000 (D = \w_data_r [7:0], Q = \mem[45] [7:0]).
Adding EN signal on $procdff$15819 ($dff) from module $paramod\sram\MEM_DEPTH=s32'00000000000000000000000001000000 (D = \w_data_r [15:8], Q = \mem[45] [15:8]).
Adding EN signal on $procdff$15819 ($dff) from module $paramod\sram\MEM_DEPTH=s32'00000000000000000000000001000000 (D = \w_data_r [23:16], Q = \mem[45] [23:16]).
Adding EN signal on $procdff$15819 ($dff) from module $paramod\sram\MEM_DEPTH=s32'00000000000000000000000001000000 (D = \w_data_r [31:24], Q = \mem[45] [31:24]).
Adding EN signal on $procdff$15639 ($dff) from module $paramod\sram\MEM_DEPTH=s32'00000000000000000000000001000000 (D = \w_data_r [7:0], Q = \mem[9] [7:0]).
Adding EN signal on $procdff$15639 ($dff) from module $paramod\sram\MEM_DEPTH=s32'00000000000000000000000001000000 (D = \w_data_r [15:8], Q = \mem[9] [15:8]).
Adding EN signal on $procdff$15639 ($dff) from module $paramod\sram\MEM_DEPTH=s32'00000000000000000000000001000000 (D = \w_data_r [23:16], Q = \mem[9] [23:16]).
Adding EN signal on $procdff$15639 ($dff) from module $paramod\sram\MEM_DEPTH=s32'00000000000000000000000001000000 (D = \w_data_r [31:24], Q = \mem[9] [31:24]).
Adding EN signal on $procdff$15909 ($dff) from module $paramod\sram\MEM_DEPTH=s32'00000000000000000000000001000000 (D = \w_data_r [7:0], Q = \mem[63] [7:0]).
Adding EN signal on $procdff$15909 ($dff) from module $paramod\sram\MEM_DEPTH=s32'00000000000000000000000001000000 (D = \w_data_r [15:8], Q = \mem[63] [15:8]).
Adding EN signal on $procdff$15909 ($dff) from module $paramod\sram\MEM_DEPTH=s32'00000000000000000000000001000000 (D = \w_data_r [23:16], Q = \mem[63] [23:16]).
Adding EN signal on $procdff$15909 ($dff) from module $paramod\sram\MEM_DEPTH=s32'00000000000000000000000001000000 (D = \w_data_r [31:24], Q = \mem[63] [31:24]).
Adding EN signal on $procdff$15774 ($dff) from module $paramod\sram\MEM_DEPTH=s32'00000000000000000000000001000000 (D = \w_data_r [7:0], Q = \mem[36] [7:0]).
Adding EN signal on $procdff$15774 ($dff) from module $paramod\sram\MEM_DEPTH=s32'00000000000000000000000001000000 (D = \w_data_r [15:8], Q = \mem[36] [15:8]).
Adding EN signal on $procdff$15774 ($dff) from module $paramod\sram\MEM_DEPTH=s32'00000000000000000000000001000000 (D = \w_data_r [23:16], Q = \mem[36] [23:16]).
Adding EN signal on $procdff$15774 ($dff) from module $paramod\sram\MEM_DEPTH=s32'00000000000000000000000001000000 (D = \w_data_r [31:24], Q = \mem[36] [31:24]).
Adding EN signal on $procdff$15644 ($dff) from module $paramod\sram\MEM_DEPTH=s32'00000000000000000000000001000000 (D = \w_data_r [7:0], Q = \mem[10] [7:0]).
Adding EN signal on $procdff$15644 ($dff) from module $paramod\sram\MEM_DEPTH=s32'00000000000000000000000001000000 (D = \w_data_r [15:8], Q = \mem[10] [15:8]).
Adding EN signal on $procdff$15644 ($dff) from module $paramod\sram\MEM_DEPTH=s32'00000000000000000000000001000000 (D = \w_data_r [23:16], Q = \mem[10] [23:16]).
Adding EN signal on $procdff$15644 ($dff) from module $paramod\sram\MEM_DEPTH=s32'00000000000000000000000001000000 (D = \w_data_r [31:24], Q = \mem[10] [31:24]).
Adding EN signal on $procdff$15649 ($dff) from module $paramod\sram\MEM_DEPTH=s32'00000000000000000000000001000000 (D = \w_data_r [7:0], Q = \mem[11] [7:0]).
Adding EN signal on $procdff$15649 ($dff) from module $paramod\sram\MEM_DEPTH=s32'00000000000000000000000001000000 (D = \w_data_r [15:8], Q = \mem[11] [15:8]).
Adding EN signal on $procdff$15649 ($dff) from module $paramod\sram\MEM_DEPTH=s32'00000000000000000000000001000000 (D = \w_data_r [23:16], Q = \mem[11] [23:16]).
Adding EN signal on $procdff$15649 ($dff) from module $paramod\sram\MEM_DEPTH=s32'00000000000000000000000001000000 (D = \w_data_r [31:24], Q = \mem[11] [31:24]).
Adding EN signal on $procdff$15824 ($dff) from module $paramod\sram\MEM_DEPTH=s32'00000000000000000000000001000000 (D = \w_data_r [7:0], Q = \mem[46] [7:0]).
Adding EN signal on $procdff$15824 ($dff) from module $paramod\sram\MEM_DEPTH=s32'00000000000000000000000001000000 (D = \w_data_r [15:8], Q = \mem[46] [15:8]).
Adding EN signal on $procdff$15824 ($dff) from module $paramod\sram\MEM_DEPTH=s32'00000000000000000000000001000000 (D = \w_data_r [23:16], Q = \mem[46] [23:16]).
Adding EN signal on $procdff$15824 ($dff) from module $paramod\sram\MEM_DEPTH=s32'00000000000000000000000001000000 (D = \w_data_r [31:24], Q = \mem[46] [31:24]).
Adding EN signal on $procdff$15654 ($dff) from module $paramod\sram\MEM_DEPTH=s32'00000000000000000000000001000000 (D = \w_data_r [7:0], Q = \mem[12] [7:0]).
Adding EN signal on $procdff$15654 ($dff) from module $paramod\sram\MEM_DEPTH=s32'00000000000000000000000001000000 (D = \w_data_r [15:8], Q = \mem[12] [15:8]).
Adding EN signal on $procdff$15654 ($dff) from module $paramod\sram\MEM_DEPTH=s32'00000000000000000000000001000000 (D = \w_data_r [23:16], Q = \mem[12] [23:16]).
Adding EN signal on $procdff$15654 ($dff) from module $paramod\sram\MEM_DEPTH=s32'00000000000000000000000001000000 (D = \w_data_r [31:24], Q = \mem[12] [31:24]).
Adding EN signal on $procdff$15659 ($dff) from module $paramod\sram\MEM_DEPTH=s32'00000000000000000000000001000000 (D = \w_data_r [7:0], Q = \mem[13] [7:0]).
Adding EN signal on $procdff$15659 ($dff) from module $paramod\sram\MEM_DEPTH=s32'00000000000000000000000001000000 (D = \w_data_r [15:8], Q = \mem[13] [15:8]).
Adding EN signal on $procdff$15659 ($dff) from module $paramod\sram\MEM_DEPTH=s32'00000000000000000000000001000000 (D = \w_data_r [23:16], Q = \mem[13] [23:16]).
Adding EN signal on $procdff$15659 ($dff) from module $paramod\sram\MEM_DEPTH=s32'00000000000000000000000001000000 (D = \w_data_r [31:24], Q = \mem[13] [31:24]).
Adding EN signal on $procdff$15664 ($dff) from module $paramod\sram\MEM_DEPTH=s32'00000000000000000000000001000000 (D = \w_data_r [7:0], Q = \mem[14] [7:0]).
Adding EN signal on $procdff$15664 ($dff) from module $paramod\sram\MEM_DEPTH=s32'00000000000000000000000001000000 (D = \w_data_r [15:8], Q = \mem[14] [15:8]).
Adding EN signal on $procdff$15664 ($dff) from module $paramod\sram\MEM_DEPTH=s32'00000000000000000000000001000000 (D = \w_data_r [23:16], Q = \mem[14] [23:16]).
Adding EN signal on $procdff$15664 ($dff) from module $paramod\sram\MEM_DEPTH=s32'00000000000000000000000001000000 (D = \w_data_r [31:24], Q = \mem[14] [31:24]).
Adding EN signal on $procdff$15829 ($dff) from module $paramod\sram\MEM_DEPTH=s32'00000000000000000000000001000000 (D = \w_data_r [7:0], Q = \mem[47] [7:0]).
Adding EN signal on $procdff$15829 ($dff) from module $paramod\sram\MEM_DEPTH=s32'00000000000000000000000001000000 (D = \w_data_r [15:8], Q = \mem[47] [15:8]).
Adding EN signal on $procdff$15829 ($dff) from module $paramod\sram\MEM_DEPTH=s32'00000000000000000000000001000000 (D = \w_data_r [23:16], Q = \mem[47] [23:16]).
Adding EN signal on $procdff$15829 ($dff) from module $paramod\sram\MEM_DEPTH=s32'00000000000000000000000001000000 (D = \w_data_r [31:24], Q = \mem[47] [31:24]).
Adding EN signal on $procdff$15669 ($dff) from module $paramod\sram\MEM_DEPTH=s32'00000000000000000000000001000000 (D = \w_data_r [7:0], Q = \mem[15] [7:0]).
Adding EN signal on $procdff$15669 ($dff) from module $paramod\sram\MEM_DEPTH=s32'00000000000000000000000001000000 (D = \w_data_r [15:8], Q = \mem[15] [15:8]).
Adding EN signal on $procdff$15669 ($dff) from module $paramod\sram\MEM_DEPTH=s32'00000000000000000000000001000000 (D = \w_data_r [23:16], Q = \mem[15] [23:16]).
Adding EN signal on $procdff$15669 ($dff) from module $paramod\sram\MEM_DEPTH=s32'00000000000000000000000001000000 (D = \w_data_r [31:24], Q = \mem[15] [31:24]).
Adding EN signal on $procdff$15884 ($dff) from module $paramod\sram\MEM_DEPTH=s32'00000000000000000000000001000000 (D = \w_data_r [7:0], Q = \mem[58] [7:0]).
Adding EN signal on $procdff$15884 ($dff) from module $paramod\sram\MEM_DEPTH=s32'00000000000000000000000001000000 (D = \w_data_r [15:8], Q = \mem[58] [15:8]).
Adding EN signal on $procdff$15884 ($dff) from module $paramod\sram\MEM_DEPTH=s32'00000000000000000000000001000000 (D = \w_data_r [23:16], Q = \mem[58] [23:16]).
Adding EN signal on $procdff$15884 ($dff) from module $paramod\sram\MEM_DEPTH=s32'00000000000000000000000001000000 (D = \w_data_r [31:24], Q = \mem[58] [31:24]).
Adding EN signal on $procdff$15674 ($dff) from module $paramod\sram\MEM_DEPTH=s32'00000000000000000000000001000000 (D = \w_data_r [7:0], Q = \mem[16] [7:0]).
Adding EN signal on $procdff$15674 ($dff) from module $paramod\sram\MEM_DEPTH=s32'00000000000000000000000001000000 (D = \w_data_r [15:8], Q = \mem[16] [15:8]).
Adding EN signal on $procdff$15674 ($dff) from module $paramod\sram\MEM_DEPTH=s32'00000000000000000000000001000000 (D = \w_data_r [23:16], Q = \mem[16] [23:16]).
Adding EN signal on $procdff$15674 ($dff) from module $paramod\sram\MEM_DEPTH=s32'00000000000000000000000001000000 (D = \w_data_r [31:24], Q = \mem[16] [31:24]).
Adding EN signal on $procdff$15679 ($dff) from module $paramod\sram\MEM_DEPTH=s32'00000000000000000000000001000000 (D = \w_data_r [7:0], Q = \mem[17] [7:0]).
Adding EN signal on $procdff$15679 ($dff) from module $paramod\sram\MEM_DEPTH=s32'00000000000000000000000001000000 (D = \w_data_r [15:8], Q = \mem[17] [15:8]).
Adding EN signal on $procdff$15679 ($dff) from module $paramod\sram\MEM_DEPTH=s32'00000000000000000000000001000000 (D = \w_data_r [23:16], Q = \mem[17] [23:16]).
Adding EN signal on $procdff$15679 ($dff) from module $paramod\sram\MEM_DEPTH=s32'00000000000000000000000001000000 (D = \w_data_r [31:24], Q = \mem[17] [31:24]).
Adding EN signal on $procdff$15834 ($dff) from module $paramod\sram\MEM_DEPTH=s32'00000000000000000000000001000000 (D = \w_data_r [7:0], Q = \mem[48] [7:0]).
Adding EN signal on $procdff$15834 ($dff) from module $paramod\sram\MEM_DEPTH=s32'00000000000000000000000001000000 (D = \w_data_r [15:8], Q = \mem[48] [15:8]).
Adding EN signal on $procdff$15834 ($dff) from module $paramod\sram\MEM_DEPTH=s32'00000000000000000000000001000000 (D = \w_data_r [23:16], Q = \mem[48] [23:16]).
Adding EN signal on $procdff$15834 ($dff) from module $paramod\sram\MEM_DEPTH=s32'00000000000000000000000001000000 (D = \w_data_r [31:24], Q = \mem[48] [31:24]).
Adding EN signal on $procdff$15684 ($dff) from module $paramod\sram\MEM_DEPTH=s32'00000000000000000000000001000000 (D = \w_data_r [7:0], Q = \mem[18] [7:0]).
Adding EN signal on $procdff$15684 ($dff) from module $paramod\sram\MEM_DEPTH=s32'00000000000000000000000001000000 (D = \w_data_r [15:8], Q = \mem[18] [15:8]).
Adding EN signal on $procdff$15684 ($dff) from module $paramod\sram\MEM_DEPTH=s32'00000000000000000000000001000000 (D = \w_data_r [23:16], Q = \mem[18] [23:16]).
Adding EN signal on $procdff$15684 ($dff) from module $paramod\sram\MEM_DEPTH=s32'00000000000000000000000001000000 (D = \w_data_r [31:24], Q = \mem[18] [31:24]).
Adding EN signal on $procdff$15689 ($dff) from module $paramod\sram\MEM_DEPTH=s32'00000000000000000000000001000000 (D = \w_data_r [7:0], Q = \mem[19] [7:0]).
Adding EN signal on $procdff$15689 ($dff) from module $paramod\sram\MEM_DEPTH=s32'00000000000000000000000001000000 (D = \w_data_r [15:8], Q = \mem[19] [15:8]).
Adding EN signal on $procdff$15689 ($dff) from module $paramod\sram\MEM_DEPTH=s32'00000000000000000000000001000000 (D = \w_data_r [23:16], Q = \mem[19] [23:16]).
Adding EN signal on $procdff$15689 ($dff) from module $paramod\sram\MEM_DEPTH=s32'00000000000000000000000001000000 (D = \w_data_r [31:24], Q = \mem[19] [31:24]).
Adding EN signal on $procdff$15694 ($dff) from module $paramod\sram\MEM_DEPTH=s32'00000000000000000000000001000000 (D = \w_data_r [7:0], Q = \mem[20] [7:0]).
Adding EN signal on $procdff$15694 ($dff) from module $paramod\sram\MEM_DEPTH=s32'00000000000000000000000001000000 (D = \w_data_r [15:8], Q = \mem[20] [15:8]).
Adding EN signal on $procdff$15694 ($dff) from module $paramod\sram\MEM_DEPTH=s32'00000000000000000000000001000000 (D = \w_data_r [23:16], Q = \mem[20] [23:16]).
Adding EN signal on $procdff$15694 ($dff) from module $paramod\sram\MEM_DEPTH=s32'00000000000000000000000001000000 (D = \w_data_r [31:24], Q = \mem[20] [31:24]).
Adding EN signal on $procdff$15839 ($dff) from module $paramod\sram\MEM_DEPTH=s32'00000000000000000000000001000000 (D = \w_data_r [7:0], Q = \mem[49] [7:0]).
Adding EN signal on $procdff$15839 ($dff) from module $paramod\sram\MEM_DEPTH=s32'00000000000000000000000001000000 (D = \w_data_r [15:8], Q = \mem[49] [15:8]).
Adding EN signal on $procdff$15839 ($dff) from module $paramod\sram\MEM_DEPTH=s32'00000000000000000000000001000000 (D = \w_data_r [23:16], Q = \mem[49] [23:16]).
Adding EN signal on $procdff$15839 ($dff) from module $paramod\sram\MEM_DEPTH=s32'00000000000000000000000001000000 (D = \w_data_r [31:24], Q = \mem[49] [31:24]).
Adding EN signal on $procdff$15699 ($dff) from module $paramod\sram\MEM_DEPTH=s32'00000000000000000000000001000000 (D = \w_data_r [7:0], Q = \mem[21] [7:0]).
Adding EN signal on $procdff$15699 ($dff) from module $paramod\sram\MEM_DEPTH=s32'00000000000000000000000001000000 (D = \w_data_r [15:8], Q = \mem[21] [15:8]).
Adding EN signal on $procdff$15699 ($dff) from module $paramod\sram\MEM_DEPTH=s32'00000000000000000000000001000000 (D = \w_data_r [23:16], Q = \mem[21] [23:16]).
Adding EN signal on $procdff$15699 ($dff) from module $paramod\sram\MEM_DEPTH=s32'00000000000000000000000001000000 (D = \w_data_r [31:24], Q = \mem[21] [31:24]).
Adding EN signal on $procdff$15704 ($dff) from module $paramod\sram\MEM_DEPTH=s32'00000000000000000000000001000000 (D = \w_data_r [7:0], Q = \mem[22] [7:0]).
Adding EN signal on $procdff$15704 ($dff) from module $paramod\sram\MEM_DEPTH=s32'00000000000000000000000001000000 (D = \w_data_r [15:8], Q = \mem[22] [15:8]).
Adding EN signal on $procdff$15704 ($dff) from module $paramod\sram\MEM_DEPTH=s32'00000000000000000000000001000000 (D = \w_data_r [23:16], Q = \mem[22] [23:16]).
Adding EN signal on $procdff$15704 ($dff) from module $paramod\sram\MEM_DEPTH=s32'00000000000000000000000001000000 (D = \w_data_r [31:24], Q = \mem[22] [31:24]).
Adding EN signal on $procdff$15709 ($dff) from module $paramod\sram\MEM_DEPTH=s32'00000000000000000000000001000000 (D = \w_data_r [7:0], Q = \mem[23] [7:0]).
Adding EN signal on $procdff$15709 ($dff) from module $paramod\sram\MEM_DEPTH=s32'00000000000000000000000001000000 (D = \w_data_r [15:8], Q = \mem[23] [15:8]).
Adding EN signal on $procdff$15709 ($dff) from module $paramod\sram\MEM_DEPTH=s32'00000000000000000000000001000000 (D = \w_data_r [23:16], Q = \mem[23] [23:16]).
Adding EN signal on $procdff$15709 ($dff) from module $paramod\sram\MEM_DEPTH=s32'00000000000000000000000001000000 (D = \w_data_r [31:24], Q = \mem[23] [31:24]).
Adding EN signal on $procdff$15844 ($dff) from module $paramod\sram\MEM_DEPTH=s32'00000000000000000000000001000000 (D = \w_data_r [7:0], Q = \mem[50] [7:0]).
Adding EN signal on $procdff$15844 ($dff) from module $paramod\sram\MEM_DEPTH=s32'00000000000000000000000001000000 (D = \w_data_r [15:8], Q = \mem[50] [15:8]).
Adding EN signal on $procdff$15844 ($dff) from module $paramod\sram\MEM_DEPTH=s32'00000000000000000000000001000000 (D = \w_data_r [23:16], Q = \mem[50] [23:16]).
Adding EN signal on $procdff$15844 ($dff) from module $paramod\sram\MEM_DEPTH=s32'00000000000000000000000001000000 (D = \w_data_r [31:24], Q = \mem[50] [31:24]).
Adding EN signal on $procdff$15714 ($dff) from module $paramod\sram\MEM_DEPTH=s32'00000000000000000000000001000000 (D = \w_data_r [7:0], Q = \mem[24] [7:0]).
Adding EN signal on $procdff$15714 ($dff) from module $paramod\sram\MEM_DEPTH=s32'00000000000000000000000001000000 (D = \w_data_r [15:8], Q = \mem[24] [15:8]).
Adding EN signal on $procdff$15714 ($dff) from module $paramod\sram\MEM_DEPTH=s32'00000000000000000000000001000000 (D = \w_data_r [23:16], Q = \mem[24] [23:16]).
Adding EN signal on $procdff$15714 ($dff) from module $paramod\sram\MEM_DEPTH=s32'00000000000000000000000001000000 (D = \w_data_r [31:24], Q = \mem[24] [31:24]).
Adding EN signal on $procdff$15889 ($dff) from module $paramod\sram\MEM_DEPTH=s32'00000000000000000000000001000000 (D = \w_data_r [7:0], Q = \mem[59] [7:0]).
Adding EN signal on $procdff$15889 ($dff) from module $paramod\sram\MEM_DEPTH=s32'00000000000000000000000001000000 (D = \w_data_r [15:8], Q = \mem[59] [15:8]).
Adding EN signal on $procdff$15889 ($dff) from module $paramod\sram\MEM_DEPTH=s32'00000000000000000000000001000000 (D = \w_data_r [23:16], Q = \mem[59] [23:16]).
Adding EN signal on $procdff$15889 ($dff) from module $paramod\sram\MEM_DEPTH=s32'00000000000000000000000001000000 (D = \w_data_r [31:24], Q = \mem[59] [31:24]).
Adding EN signal on $procdff$15719 ($dff) from module $paramod\sram\MEM_DEPTH=s32'00000000000000000000000001000000 (D = \w_data_r [7:0], Q = \mem[25] [7:0]).
Adding EN signal on $procdff$15719 ($dff) from module $paramod\sram\MEM_DEPTH=s32'00000000000000000000000001000000 (D = \w_data_r [15:8], Q = \mem[25] [15:8]).
Adding EN signal on $procdff$15719 ($dff) from module $paramod\sram\MEM_DEPTH=s32'00000000000000000000000001000000 (D = \w_data_r [23:16], Q = \mem[25] [23:16]).
Adding EN signal on $procdff$15719 ($dff) from module $paramod\sram\MEM_DEPTH=s32'00000000000000000000000001000000 (D = \w_data_r [31:24], Q = \mem[25] [31:24]).
Adding EN signal on $procdff$15724 ($dff) from module $paramod\sram\MEM_DEPTH=s32'00000000000000000000000001000000 (D = \w_data_r [7:0], Q = \mem[26] [7:0]).
Adding EN signal on $procdff$15724 ($dff) from module $paramod\sram\MEM_DEPTH=s32'00000000000000000000000001000000 (D = \w_data_r [15:8], Q = \mem[26] [15:8]).
Adding EN signal on $procdff$15724 ($dff) from module $paramod\sram\MEM_DEPTH=s32'00000000000000000000000001000000 (D = \w_data_r [23:16], Q = \mem[26] [23:16]).
Adding EN signal on $procdff$15724 ($dff) from module $paramod\sram\MEM_DEPTH=s32'00000000000000000000000001000000 (D = \w_data_r [31:24], Q = \mem[26] [31:24]).
Adding EN signal on $procdff$15849 ($dff) from module $paramod\sram\MEM_DEPTH=s32'00000000000000000000000001000000 (D = \w_data_r [7:0], Q = \mem[51] [7:0]).
Adding EN signal on $procdff$15849 ($dff) from module $paramod\sram\MEM_DEPTH=s32'00000000000000000000000001000000 (D = \w_data_r [15:8], Q = \mem[51] [15:8]).
Adding EN signal on $procdff$15849 ($dff) from module $paramod\sram\MEM_DEPTH=s32'00000000000000000000000001000000 (D = \w_data_r [23:16], Q = \mem[51] [23:16]).
Adding EN signal on $procdff$15849 ($dff) from module $paramod\sram\MEM_DEPTH=s32'00000000000000000000000001000000 (D = \w_data_r [31:24], Q = \mem[51] [31:24]).
Adding EN signal on $procdff$15729 ($dff) from module $paramod\sram\MEM_DEPTH=s32'00000000000000000000000001000000 (D = \w_data_r [7:0], Q = \mem[27] [7:0]).
Adding EN signal on $procdff$15729 ($dff) from module $paramod\sram\MEM_DEPTH=s32'00000000000000000000000001000000 (D = \w_data_r [15:8], Q = \mem[27] [15:8]).
Adding EN signal on $procdff$15729 ($dff) from module $paramod\sram\MEM_DEPTH=s32'00000000000000000000000001000000 (D = \w_data_r [23:16], Q = \mem[27] [23:16]).
Adding EN signal on $procdff$15729 ($dff) from module $paramod\sram\MEM_DEPTH=s32'00000000000000000000000001000000 (D = \w_data_r [31:24], Q = \mem[27] [31:24]).
Adding EN signal on $procdff$15904 ($dff) from module $paramod\sram\MEM_DEPTH=s32'00000000000000000000000001000000 (D = \w_data_r [7:0], Q = \mem[62] [7:0]).
Adding EN signal on $procdff$15904 ($dff) from module $paramod\sram\MEM_DEPTH=s32'00000000000000000000000001000000 (D = \w_data_r [15:8], Q = \mem[62] [15:8]).
Adding EN signal on $procdff$15904 ($dff) from module $paramod\sram\MEM_DEPTH=s32'00000000000000000000000001000000 (D = \w_data_r [23:16], Q = \mem[62] [23:16]).
Adding EN signal on $procdff$15904 ($dff) from module $paramod\sram\MEM_DEPTH=s32'00000000000000000000000001000000 (D = \w_data_r [31:24], Q = \mem[62] [31:24]).
Adding EN signal on $procdff$15734 ($dff) from module $paramod\sram\MEM_DEPTH=s32'00000000000000000000000001000000 (D = \w_data_r [7:0], Q = \mem[28] [7:0]).
Adding EN signal on $procdff$15734 ($dff) from module $paramod\sram\MEM_DEPTH=s32'00000000000000000000000001000000 (D = \w_data_r [15:8], Q = \mem[28] [15:8]).
Adding EN signal on $procdff$15734 ($dff) from module $paramod\sram\MEM_DEPTH=s32'00000000000000000000000001000000 (D = \w_data_r [23:16], Q = \mem[28] [23:16]).
Adding EN signal on $procdff$15734 ($dff) from module $paramod\sram\MEM_DEPTH=s32'00000000000000000000000001000000 (D = \w_data_r [31:24], Q = \mem[28] [31:24]).
Adding EN signal on $procdff$15739 ($dff) from module $paramod\sram\MEM_DEPTH=s32'00000000000000000000000001000000 (D = \w_data_r [7:0], Q = \mem[29] [7:0]).
Adding EN signal on $procdff$15739 ($dff) from module $paramod\sram\MEM_DEPTH=s32'00000000000000000000000001000000 (D = \w_data_r [15:8], Q = \mem[29] [15:8]).
Adding EN signal on $procdff$15739 ($dff) from module $paramod\sram\MEM_DEPTH=s32'00000000000000000000000001000000 (D = \w_data_r [23:16], Q = \mem[29] [23:16]).
Adding EN signal on $procdff$15739 ($dff) from module $paramod\sram\MEM_DEPTH=s32'00000000000000000000000001000000 (D = \w_data_r [31:24], Q = \mem[29] [31:24]).
Adding EN signal on $procdff$15854 ($dff) from module $paramod\sram\MEM_DEPTH=s32'00000000000000000000000001000000 (D = \w_data_r [7:0], Q = \mem[52] [7:0]).
Adding EN signal on $procdff$15854 ($dff) from module $paramod\sram\MEM_DEPTH=s32'00000000000000000000000001000000 (D = \w_data_r [15:8], Q = \mem[52] [15:8]).
Adding EN signal on $procdff$15854 ($dff) from module $paramod\sram\MEM_DEPTH=s32'00000000000000000000000001000000 (D = \w_data_r [23:16], Q = \mem[52] [23:16]).
Adding EN signal on $procdff$15854 ($dff) from module $paramod\sram\MEM_DEPTH=s32'00000000000000000000000001000000 (D = \w_data_r [31:24], Q = \mem[52] [31:24]).
Adding EN signal on $procdff$15744 ($dff) from module $paramod\sram\MEM_DEPTH=s32'00000000000000000000000001000000 (D = \w_data_r [7:0], Q = \mem[30] [7:0]).
Adding EN signal on $procdff$15744 ($dff) from module $paramod\sram\MEM_DEPTH=s32'00000000000000000000000001000000 (D = \w_data_r [15:8], Q = \mem[30] [15:8]).
Adding EN signal on $procdff$15744 ($dff) from module $paramod\sram\MEM_DEPTH=s32'00000000000000000000000001000000 (D = \w_data_r [23:16], Q = \mem[30] [23:16]).
Adding EN signal on $procdff$15744 ($dff) from module $paramod\sram\MEM_DEPTH=s32'00000000000000000000000001000000 (D = \w_data_r [31:24], Q = \mem[30] [31:24]).
Adding EN signal on $procdff$15864 ($dff) from module $paramod\sram\MEM_DEPTH=s32'00000000000000000000000001000000 (D = \w_data_r [7:0], Q = \mem[54] [7:0]).
Adding EN signal on $procdff$15864 ($dff) from module $paramod\sram\MEM_DEPTH=s32'00000000000000000000000001000000 (D = \w_data_r [15:8], Q = \mem[54] [15:8]).
Adding EN signal on $procdff$15864 ($dff) from module $paramod\sram\MEM_DEPTH=s32'00000000000000000000000001000000 (D = \w_data_r [23:16], Q = \mem[54] [23:16]).
Adding EN signal on $procdff$15864 ($dff) from module $paramod\sram\MEM_DEPTH=s32'00000000000000000000000001000000 (D = \w_data_r [31:24], Q = \mem[54] [31:24]).
Adding EN signal on $procdff$15769 ($dff) from module $paramod\sram\MEM_DEPTH=s32'00000000000000000000000001000000 (D = \w_data_r [7:0], Q = \mem[35] [7:0]).
Adding EN signal on $procdff$15769 ($dff) from module $paramod\sram\MEM_DEPTH=s32'00000000000000000000000001000000 (D = \w_data_r [15:8], Q = \mem[35] [15:8]).
Adding EN signal on $procdff$15769 ($dff) from module $paramod\sram\MEM_DEPTH=s32'00000000000000000000000001000000 (D = \w_data_r [23:16], Q = \mem[35] [23:16]).
Adding EN signal on $procdff$15769 ($dff) from module $paramod\sram\MEM_DEPTH=s32'00000000000000000000000001000000 (D = \w_data_r [31:24], Q = \mem[35] [31:24]).
Adding EN signal on $procdff$15764 ($dff) from module $paramod\sram\MEM_DEPTH=s32'00000000000000000000000001000000 (D = \w_data_r [7:0], Q = \mem[34] [7:0]).
Adding EN signal on $procdff$15764 ($dff) from module $paramod\sram\MEM_DEPTH=s32'00000000000000000000000001000000 (D = \w_data_r [15:8], Q = \mem[34] [15:8]).
Adding EN signal on $procdff$15764 ($dff) from module $paramod\sram\MEM_DEPTH=s32'00000000000000000000000001000000 (D = \w_data_r [23:16], Q = \mem[34] [23:16]).
Adding EN signal on $procdff$15764 ($dff) from module $paramod\sram\MEM_DEPTH=s32'00000000000000000000000001000000 (D = \w_data_r [31:24], Q = \mem[34] [31:24]).
Adding EN signal on $procdff$15894 ($dff) from module $paramod\sram\MEM_DEPTH=s32'00000000000000000000000001000000 (D = \w_data_r [7:0], Q = \mem[60] [7:0]).
Adding EN signal on $procdff$15894 ($dff) from module $paramod\sram\MEM_DEPTH=s32'00000000000000000000000001000000 (D = \w_data_r [15:8], Q = \mem[60] [15:8]).
Adding EN signal on $procdff$15894 ($dff) from module $paramod\sram\MEM_DEPTH=s32'00000000000000000000000001000000 (D = \w_data_r [23:16], Q = \mem[60] [23:16]).
Adding EN signal on $procdff$15894 ($dff) from module $paramod\sram\MEM_DEPTH=s32'00000000000000000000000001000000 (D = \w_data_r [31:24], Q = \mem[60] [31:24]).
Adding EN signal on $procdff$15759 ($dff) from module $paramod\sram\MEM_DEPTH=s32'00000000000000000000000001000000 (D = \w_data_r [7:0], Q = \mem[33] [7:0]).
Adding EN signal on $procdff$15759 ($dff) from module $paramod\sram\MEM_DEPTH=s32'00000000000000000000000001000000 (D = \w_data_r [15:8], Q = \mem[33] [15:8]).
Adding EN signal on $procdff$15759 ($dff) from module $paramod\sram\MEM_DEPTH=s32'00000000000000000000000001000000 (D = \w_data_r [23:16], Q = \mem[33] [23:16]).
Adding EN signal on $procdff$15759 ($dff) from module $paramod\sram\MEM_DEPTH=s32'00000000000000000000000001000000 (D = \w_data_r [31:24], Q = \mem[33] [31:24]).
Adding EN signal on $procdff$15927 ($adff) from module top (D = $0\m_axi_bready[0:0], Q = \m_axi_bready).
Adding EN signal on $procdff$15942 ($adff) from module top (D = \m_axi_rdata, Q = \rdata_r).
Adding EN signal on $procdff$15936 ($adff) from module top (D = $0\m_axi_rready[0:0], Q = \m_axi_rready).
Adding EN signal on $procdff$15912 ($adff) from module top (D = \cpu_mem_addr, Q = \m_axi_awaddr).
Adding EN signal on $procdff$15930 ($adff) from module top (D = \cpu_mem_addr, Q = \m_axi_araddr).
Adding EN signal on $procdff$15924 ($adff) from module top (D = $0\m_axi_wvalid[0:0], Q = \m_axi_wvalid).
Adding EN signal on $procdff$15915 ($adff) from module top (D = $0\m_axi_awvalid[0:0], Q = \m_axi_awvalid).
Adding EN signal on $procdff$15918 ($adff) from module top (D = \cpu_mem_wdata, Q = \m_axi_wdata).
Adding EN signal on $procdff$15933 ($adff) from module top (D = $0\m_axi_arvalid[0:0], Q = \m_axi_arvalid).
Adding EN signal on $procdff$15921 ($adff) from module top (D = \cpu_mem_wstrb, Q = \m_axi_wstrb_r).

10.8.7. Executing OPT_CLEAN pass (remove unused cells and wires).
Finding unused cells or wires in module $paramod$d40569e2e5029e2dde4c9be19ab6c750b8104d07\uart_axi..
Finding unused cells or wires in module $paramod$d40569e2e5029e2dde4c9be19ab6c750b8104d07\uart_tx..
Finding unused cells or wires in module $paramod$d40569e2e5029e2dde4c9be19ab6c750b8104d07\uart_rx..
Finding unused cells or wires in module \axi_decoder..
Finding unused cells or wires in module \axi_lite_interconnect..
Finding unused cells or wires in module $paramod$5f39f8b646aa95582e6f088ce64c0e154e784a4a\picorv32..
Finding unused cells or wires in module $paramod$edcaa0cfb453980d1e33a3c938c1a32918b9f1d7\rom..
Finding unused cells or wires in module $paramod\sram\MEM_DEPTH=s32'00000000000000000000000001000000..
Finding unused cells or wires in module \top..
Removed 1021 unused cells and 884 unused wires.
<suppressed ~1029 debug messages>

10.8.8. Executing OPT_EXPR pass (perform const folding).
Optimizing module $paramod$d40569e2e5029e2dde4c9be19ab6c750b8104d07\uart_axi.
<suppressed ~6 debug messages>
Optimizing module $paramod$d40569e2e5029e2dde4c9be19ab6c750b8104d07\uart_tx.
<suppressed ~3 debug messages>
Optimizing module $paramod$d40569e2e5029e2dde4c9be19ab6c750b8104d07\uart_rx.
<suppressed ~2 debug messages>
Optimizing module axi_decoder.
Optimizing module axi_lite_interconnect.
<suppressed ~2 debug messages>
Optimizing module $paramod$5f39f8b646aa95582e6f088ce64c0e154e784a4a\picorv32.
<suppressed ~17 debug messages>
Optimizing module $paramod$edcaa0cfb453980d1e33a3c938c1a32918b9f1d7\rom.
<suppressed ~4 debug messages>
Optimizing module $paramod\sram\MEM_DEPTH=s32'00000000000000000000000001000000.
<suppressed ~4 debug messages>
Optimizing module top.
<suppressed ~5 debug messages>

10.8.9. Rerunning OPT passes. (Maybe there is more to do..)

10.8.10. Executing OPT_MUXTREE pass (detect dead branches in mux trees).
Running muxtree optimizer on module $paramod$d40569e2e5029e2dde4c9be19ab6c750b8104d07\uart_axi..
  Creating internal representation of mux trees.
  Evaluating internal representation of mux trees.
  Analyzing evaluation results.
Running muxtree optimizer on module $paramod$d40569e2e5029e2dde4c9be19ab6c750b8104d07\uart_tx..
  Creating internal representation of mux trees.
  Evaluating internal representation of mux trees.
  Analyzing evaluation results.
Running muxtree optimizer on module $paramod$d40569e2e5029e2dde4c9be19ab6c750b8104d07\uart_rx..
  Creating internal representation of mux trees.
  Evaluating internal representation of mux trees.
  Analyzing evaluation results.
Running muxtree optimizer on module \axi_decoder..
  Creating internal representation of mux trees.
  Evaluating internal representation of mux trees.
  Analyzing evaluation results.
Running muxtree optimizer on module \axi_lite_interconnect..
  Creating internal representation of mux trees.
  Evaluating internal representation of mux trees.
  Analyzing evaluation results.
Running muxtree optimizer on module $paramod$5f39f8b646aa95582e6f088ce64c0e154e784a4a\picorv32..
  Creating internal representation of mux trees.
  Evaluating internal representation of mux trees.
  Analyzing evaluation results.
Running muxtree optimizer on module $paramod$edcaa0cfb453980d1e33a3c938c1a32918b9f1d7\rom..
  Creating internal representation of mux trees.
  Evaluating internal representation of mux trees.
  Analyzing evaluation results.
Running muxtree optimizer on module $paramod\sram\MEM_DEPTH=s32'00000000000000000000000001000000..
  Creating internal representation of mux trees.
  Evaluating internal representation of mux trees.
  Analyzing evaluation results.
Running muxtree optimizer on module \top..
  Creating internal representation of mux trees.
  Evaluating internal representation of mux trees.
  Analyzing evaluation results.
Removed 0 multiplexer ports.
<suppressed ~313 debug messages>

10.8.11. Executing OPT_REDUCE pass (consolidate $*mux and $reduce_* inputs).
  Optimizing cells in module $paramod$d40569e2e5029e2dde4c9be19ab6c750b8104d07\uart_axi.
  Optimizing cells in module $paramod$d40569e2e5029e2dde4c9be19ab6c750b8104d07\uart_tx.
  Optimizing cells in module $paramod$d40569e2e5029e2dde4c9be19ab6c750b8104d07\uart_rx.
  Optimizing cells in module \axi_decoder.
  Optimizing cells in module \axi_lite_interconnect.
  Optimizing cells in module $paramod$5f39f8b646aa95582e6f088ce64c0e154e784a4a\picorv32.
    New input vector for $reduce_or cell $auto$opt_reduce.cc:131:opt_pmux$15969: { \is_slli_srli_srai \instr_trap \instr_rdinstr \instr_rdcycle }
    New input vector for $reduce_or cell $auto$opt_reduce.cc:131:opt_pmux$15949: { \instr_trap \instr_rdinstr \instr_rdcycle }
    New input vector for $reduce_or cell $reduce_or$picorv32.v:688$1346: { \instr_rdinstr \instr_rdcycle }
    New input vector for $reduce_or cell $auto$opt_reduce.cc:131:opt_pmux$15955: { $logic_and$picorv32.v:1696$1771_Y \is_slli_srli_srai \instr_trap \instr_rdinstr \instr_rdcycle }
    New input vector for $reduce_or cell $auto$opt_reduce.cc:131:opt_pmux$15971: { $logic_and$picorv32.v:1696$1771_Y \is_jalr_addi_slti_sltiu_xori_ori_andi \is_lui_auipc_jal \instr_trap \instr_rdinstr \instr_rdcycle }
  Optimizing cells in module $paramod$5f39f8b646aa95582e6f088ce64c0e154e784a4a\picorv32.
  Optimizing cells in module $paramod$edcaa0cfb453980d1e33a3c938c1a32918b9f1d7\rom.
  Optimizing cells in module $paramod\sram\MEM_DEPTH=s32'00000000000000000000000001000000.
  Optimizing cells in module \top.
Performed a total of 5 changes.

10.8.12. Executing OPT_MERGE pass (detect identical cells).
Finding identical cells in module `$paramod$d40569e2e5029e2dde4c9be19ab6c750b8104d07\uart_axi'.
Computing hashes of 59 cells of `$paramod$d40569e2e5029e2dde4c9be19ab6c750b8104d07\uart_axi'.
Finding duplicate cells in `$paramod$d40569e2e5029e2dde4c9be19ab6c750b8104d07\uart_axi'.
Finding identical cells in module `$paramod$d40569e2e5029e2dde4c9be19ab6c750b8104d07\uart_tx'.
Computing hashes of 51 cells of `$paramod$d40569e2e5029e2dde4c9be19ab6c750b8104d07\uart_tx'.
Finding duplicate cells in `$paramod$d40569e2e5029e2dde4c9be19ab6c750b8104d07\uart_tx'.
Computing hashes of 49 cells of `$paramod$d40569e2e5029e2dde4c9be19ab6c750b8104d07\uart_tx'.
Finding duplicate cells in `$paramod$d40569e2e5029e2dde4c9be19ab6c750b8104d07\uart_tx'.
<suppressed ~6 debug messages>
Finding identical cells in module `$paramod$d40569e2e5029e2dde4c9be19ab6c750b8104d07\uart_rx'.
Computing hashes of 56 cells of `$paramod$d40569e2e5029e2dde4c9be19ab6c750b8104d07\uart_rx'.
Finding duplicate cells in `$paramod$d40569e2e5029e2dde4c9be19ab6c750b8104d07\uart_rx'.
Finding identical cells in module `\axi_decoder'.
Computing hashes of 3 cells of `\axi_decoder'.
Finding duplicate cells in `\axi_decoder'.
Finding identical cells in module `\axi_lite_interconnect'.
Computing hashes of 71 cells of `\axi_lite_interconnect'.
Finding duplicate cells in `\axi_lite_interconnect'.
Finding identical cells in module `$paramod$5f39f8b646aa95582e6f088ce64c0e154e784a4a\picorv32'.
Computing hashes of 617 cells of `$paramod$5f39f8b646aa95582e6f088ce64c0e154e784a4a\picorv32'.
Finding duplicate cells in `$paramod$5f39f8b646aa95582e6f088ce64c0e154e784a4a\picorv32'.
Computing hashes of 597 cells of `$paramod$5f39f8b646aa95582e6f088ce64c0e154e784a4a\picorv32'.
Finding duplicate cells in `$paramod$5f39f8b646aa95582e6f088ce64c0e154e784a4a\picorv32'.
Computing hashes of 595 cells of `$paramod$5f39f8b646aa95582e6f088ce64c0e154e784a4a\picorv32'.
Finding duplicate cells in `$paramod$5f39f8b646aa95582e6f088ce64c0e154e784a4a\picorv32'.
<suppressed ~66 debug messages>
Finding identical cells in module `$paramod$edcaa0cfb453980d1e33a3c938c1a32918b9f1d7\rom'.
Computing hashes of 32 cells of `$paramod$edcaa0cfb453980d1e33a3c938c1a32918b9f1d7\rom'.
Finding duplicate cells in `$paramod$edcaa0cfb453980d1e33a3c938c1a32918b9f1d7\rom'.
Finding identical cells in module `$paramod\sram\MEM_DEPTH=s32'00000000000000000000000001000000'.
Computing hashes of 928 cells of `$paramod\sram\MEM_DEPTH=s32'00000000000000000000000001000000'.
Finding duplicate cells in `$paramod\sram\MEM_DEPTH=s32'00000000000000000000000001000000'.
Computing hashes of 673 cells of `$paramod\sram\MEM_DEPTH=s32'00000000000000000000000001000000'.
Finding duplicate cells in `$paramod\sram\MEM_DEPTH=s32'00000000000000000000000001000000'.
<suppressed ~765 debug messages>
Finding identical cells in module `\top'.
Computing hashes of 106 cells of `\top'.
Finding duplicate cells in `\top'.
Computing hashes of 98 cells of `\top'.
Finding duplicate cells in `\top'.
Computing hashes of 97 cells of `\top'.
Finding duplicate cells in `\top'.
<suppressed ~27 debug messages>
Removed a total of 288 cells.

10.8.13. Executing OPT_DFF pass (perform DFF optimizations).
Setting constant 0-bit at position 0 on $auto$ff.cc:337:slice$16801 ($dffe) from module $paramod$5f39f8b646aa95582e6f088ce64c0e154e784a4a\picorv32.

10.8.14. Executing OPT_CLEAN pass (remove unused cells and wires).
Finding unused cells or wires in module $paramod$d40569e2e5029e2dde4c9be19ab6c750b8104d07\uart_axi..
Finding unused cells or wires in module $paramod$d40569e2e5029e2dde4c9be19ab6c750b8104d07\uart_tx..
Finding unused cells or wires in module $paramod$d40569e2e5029e2dde4c9be19ab6c750b8104d07\uart_rx..
Finding unused cells or wires in module \axi_decoder..
Finding unused cells or wires in module \axi_lite_interconnect..
Finding unused cells or wires in module $paramod$5f39f8b646aa95582e6f088ce64c0e154e784a4a\picorv32..
Finding unused cells or wires in module $paramod$edcaa0cfb453980d1e33a3c938c1a32918b9f1d7\rom..
Finding unused cells or wires in module $paramod\sram\MEM_DEPTH=s32'00000000000000000000000001000000..
Finding unused cells or wires in module \top..
Removed 1 unused cells and 292 unused wires.
<suppressed ~5 debug messages>

10.8.15. Executing OPT_EXPR pass (perform const folding).
Optimizing module $paramod$d40569e2e5029e2dde4c9be19ab6c750b8104d07\uart_axi.
Optimizing module $paramod$d40569e2e5029e2dde4c9be19ab6c750b8104d07\uart_tx.
Optimizing module $paramod$d40569e2e5029e2dde4c9be19ab6c750b8104d07\uart_rx.
Optimizing module axi_decoder.
Optimizing module axi_lite_interconnect.
Optimizing module $paramod$5f39f8b646aa95582e6f088ce64c0e154e784a4a\picorv32.
<suppressed ~1 debug messages>
Optimizing module $paramod$edcaa0cfb453980d1e33a3c938c1a32918b9f1d7\rom.
Optimizing module $paramod\sram\MEM_DEPTH=s32'00000000000000000000000001000000.
Optimizing module top.

10.8.16. Rerunning OPT passes. (Maybe there is more to do..)

10.8.17. Executing OPT_MUXTREE pass (detect dead branches in mux trees).
Running muxtree optimizer on module $paramod$d40569e2e5029e2dde4c9be19ab6c750b8104d07\uart_axi..
  Creating internal representation of mux trees.
  Evaluating internal representation of mux trees.
  Analyzing evaluation results.
Running muxtree optimizer on module $paramod$d40569e2e5029e2dde4c9be19ab6c750b8104d07\uart_tx..
  Creating internal representation of mux trees.
  Evaluating internal representation of mux trees.
  Analyzing evaluation results.
Running muxtree optimizer on module $paramod$d40569e2e5029e2dde4c9be19ab6c750b8104d07\uart_rx..
  Creating internal representation of mux trees.
  Evaluating internal representation of mux trees.
  Analyzing evaluation results.
Running muxtree optimizer on module \axi_decoder..
  Creating internal representation of mux trees.
  Evaluating internal representation of mux trees.
  Analyzing evaluation results.
Running muxtree optimizer on module \axi_lite_interconnect..
  Creating internal representation of mux trees.
  Evaluating internal representation of mux trees.
  Analyzing evaluation results.
Running muxtree optimizer on module $paramod$5f39f8b646aa95582e6f088ce64c0e154e784a4a\picorv32..
  Creating internal representation of mux trees.
  Evaluating internal representation of mux trees.
  Analyzing evaluation results.
Running muxtree optimizer on module $paramod$edcaa0cfb453980d1e33a3c938c1a32918b9f1d7\rom..
  Creating internal representation of mux trees.
  Evaluating internal representation of mux trees.
  Analyzing evaluation results.
Running muxtree optimizer on module $paramod\sram\MEM_DEPTH=s32'00000000000000000000000001000000..
  Creating internal representation of mux trees.
  Evaluating internal representation of mux trees.
  Analyzing evaluation results.
Running muxtree optimizer on module \top..
  Creating internal representation of mux trees.
  Evaluating internal representation of mux trees.
  Analyzing evaluation results.
Removed 0 multiplexer ports.
<suppressed ~314 debug messages>

10.8.18. Executing OPT_REDUCE pass (consolidate $*mux and $reduce_* inputs).
  Optimizing cells in module $paramod$d40569e2e5029e2dde4c9be19ab6c750b8104d07\uart_axi.
  Optimizing cells in module $paramod$d40569e2e5029e2dde4c9be19ab6c750b8104d07\uart_tx.
  Optimizing cells in module $paramod$d40569e2e5029e2dde4c9be19ab6c750b8104d07\uart_rx.
  Optimizing cells in module \axi_decoder.
  Optimizing cells in module \axi_lite_interconnect.
  Optimizing cells in module $paramod$5f39f8b646aa95582e6f088ce64c0e154e784a4a\picorv32.
  Optimizing cells in module $paramod$edcaa0cfb453980d1e33a3c938c1a32918b9f1d7\rom.
  Optimizing cells in module $paramod\sram\MEM_DEPTH=s32'00000000000000000000000001000000.
  Optimizing cells in module \top.
Performed a total of 0 changes.

10.8.19. Executing OPT_MERGE pass (detect identical cells).
Finding identical cells in module `$paramod$d40569e2e5029e2dde4c9be19ab6c750b8104d07\uart_axi'.
Computing hashes of 59 cells of `$paramod$d40569e2e5029e2dde4c9be19ab6c750b8104d07\uart_axi'.
Finding duplicate cells in `$paramod$d40569e2e5029e2dde4c9be19ab6c750b8104d07\uart_axi'.
Finding identical cells in module `$paramod$d40569e2e5029e2dde4c9be19ab6c750b8104d07\uart_tx'.
Computing hashes of 49 cells of `$paramod$d40569e2e5029e2dde4c9be19ab6c750b8104d07\uart_tx'.
Finding duplicate cells in `$paramod$d40569e2e5029e2dde4c9be19ab6c750b8104d07\uart_tx'.
Finding identical cells in module `$paramod$d40569e2e5029e2dde4c9be19ab6c750b8104d07\uart_rx'.
Computing hashes of 56 cells of `$paramod$d40569e2e5029e2dde4c9be19ab6c750b8104d07\uart_rx'.
Finding duplicate cells in `$paramod$d40569e2e5029e2dde4c9be19ab6c750b8104d07\uart_rx'.
Finding identical cells in module `\axi_decoder'.
Computing hashes of 3 cells of `\axi_decoder'.
Finding duplicate cells in `\axi_decoder'.
Finding identical cells in module `\axi_lite_interconnect'.
Computing hashes of 71 cells of `\axi_lite_interconnect'.
Finding duplicate cells in `\axi_lite_interconnect'.
Finding identical cells in module `$paramod$5f39f8b646aa95582e6f088ce64c0e154e784a4a\picorv32'.
Computing hashes of 592 cells of `$paramod$5f39f8b646aa95582e6f088ce64c0e154e784a4a\picorv32'.
Finding duplicate cells in `$paramod$5f39f8b646aa95582e6f088ce64c0e154e784a4a\picorv32'.
Finding identical cells in module `$paramod$edcaa0cfb453980d1e33a3c938c1a32918b9f1d7\rom'.
Computing hashes of 32 cells of `$paramod$edcaa0cfb453980d1e33a3c938c1a32918b9f1d7\rom'.
Finding duplicate cells in `$paramod$edcaa0cfb453980d1e33a3c938c1a32918b9f1d7\rom'.
Finding identical cells in module `$paramod\sram\MEM_DEPTH=s32'00000000000000000000000001000000'.
Computing hashes of 673 cells of `$paramod\sram\MEM_DEPTH=s32'00000000000000000000000001000000'.
Finding duplicate cells in `$paramod\sram\MEM_DEPTH=s32'00000000000000000000000001000000'.
Finding identical cells in module `\top'.
Computing hashes of 97 cells of `\top'.
Finding duplicate cells in `\top'.
Removed a total of 0 cells.

10.8.20. Executing OPT_DFF pass (perform DFF optimizations).

10.8.21. Executing OPT_CLEAN pass (remove unused cells and wires).
Finding unused cells or wires in module $paramod$d40569e2e5029e2dde4c9be19ab6c750b8104d07\uart_axi..
Finding unused cells or wires in module $paramod$d40569e2e5029e2dde4c9be19ab6c750b8104d07\uart_tx..
Finding unused cells or wires in module $paramod$d40569e2e5029e2dde4c9be19ab6c750b8104d07\uart_rx..
Finding unused cells or wires in module \axi_decoder..
Finding unused cells or wires in module \axi_lite_interconnect..
Finding unused cells or wires in module $paramod$5f39f8b646aa95582e6f088ce64c0e154e784a4a\picorv32..
Finding unused cells or wires in module $paramod$edcaa0cfb453980d1e33a3c938c1a32918b9f1d7\rom..
Finding unused cells or wires in module $paramod\sram\MEM_DEPTH=s32'00000000000000000000000001000000..
Finding unused cells or wires in module \top..
Removed 0 unused cells and 1 unused wires.
<suppressed ~1 debug messages>

10.8.22. Executing OPT_EXPR pass (perform const folding).
Optimizing module $paramod$d40569e2e5029e2dde4c9be19ab6c750b8104d07\uart_axi.
Optimizing module $paramod$d40569e2e5029e2dde4c9be19ab6c750b8104d07\uart_tx.
Optimizing module $paramod$d40569e2e5029e2dde4c9be19ab6c750b8104d07\uart_rx.
Optimizing module axi_decoder.
Optimizing module axi_lite_interconnect.
Optimizing module $paramod$5f39f8b646aa95582e6f088ce64c0e154e784a4a\picorv32.
Optimizing module $paramod$edcaa0cfb453980d1e33a3c938c1a32918b9f1d7\rom.
Optimizing module $paramod\sram\MEM_DEPTH=s32'00000000000000000000000001000000.
Optimizing module top.

10.8.23. Rerunning OPT passes. (Maybe there is more to do..)

10.8.24. Executing OPT_MUXTREE pass (detect dead branches in mux trees).
Running muxtree optimizer on module $paramod$d40569e2e5029e2dde4c9be19ab6c750b8104d07\uart_axi..
  Creating internal representation of mux trees.
  Evaluating internal representation of mux trees.
  Analyzing evaluation results.
Running muxtree optimizer on module $paramod$d40569e2e5029e2dde4c9be19ab6c750b8104d07\uart_tx..
  Creating internal representation of mux trees.
  Evaluating internal representation of mux trees.
  Analyzing evaluation results.
Running muxtree optimizer on module $paramod$d40569e2e5029e2dde4c9be19ab6c750b8104d07\uart_rx..
  Creating internal representation of mux trees.
  Evaluating internal representation of mux trees.
  Analyzing evaluation results.
Running muxtree optimizer on module \axi_decoder..
  Creating internal representation of mux trees.
  Evaluating internal representation of mux trees.
  Analyzing evaluation results.
Running muxtree optimizer on module \axi_lite_interconnect..
  Creating internal representation of mux trees.
  Evaluating internal representation of mux trees.
  Analyzing evaluation results.
Running muxtree optimizer on module $paramod$5f39f8b646aa95582e6f088ce64c0e154e784a4a\picorv32..
  Creating internal representation of mux trees.
  Evaluating internal representation of mux trees.
  Analyzing evaluation results.
Running muxtree optimizer on module $paramod$edcaa0cfb453980d1e33a3c938c1a32918b9f1d7\rom..
  Creating internal representation of mux trees.
  Evaluating internal representation of mux trees.
  Analyzing evaluation results.
Running muxtree optimizer on module $paramod\sram\MEM_DEPTH=s32'00000000000000000000000001000000..
  Creating internal representation of mux trees.
  Evaluating internal representation of mux trees.
  Analyzing evaluation results.
Running muxtree optimizer on module \top..
  Creating internal representation of mux trees.
  Evaluating internal representation of mux trees.
  Analyzing evaluation results.
Removed 0 multiplexer ports.
<suppressed ~314 debug messages>

10.8.25. Executing OPT_REDUCE pass (consolidate $*mux and $reduce_* inputs).
  Optimizing cells in module $paramod$d40569e2e5029e2dde4c9be19ab6c750b8104d07\uart_axi.
  Optimizing cells in module $paramod$d40569e2e5029e2dde4c9be19ab6c750b8104d07\uart_tx.
  Optimizing cells in module $paramod$d40569e2e5029e2dde4c9be19ab6c750b8104d07\uart_rx.
  Optimizing cells in module \axi_decoder.
  Optimizing cells in module \axi_lite_interconnect.
  Optimizing cells in module $paramod$5f39f8b646aa95582e6f088ce64c0e154e784a4a\picorv32.
  Optimizing cells in module $paramod$edcaa0cfb453980d1e33a3c938c1a32918b9f1d7\rom.
  Optimizing cells in module $paramod\sram\MEM_DEPTH=s32'00000000000000000000000001000000.
  Optimizing cells in module \top.
Performed a total of 0 changes.

10.8.26. Executing OPT_MERGE pass (detect identical cells).
Finding identical cells in module `$paramod$d40569e2e5029e2dde4c9be19ab6c750b8104d07\uart_axi'.
Computing hashes of 59 cells of `$paramod$d40569e2e5029e2dde4c9be19ab6c750b8104d07\uart_axi'.
Finding duplicate cells in `$paramod$d40569e2e5029e2dde4c9be19ab6c750b8104d07\uart_axi'.
Finding identical cells in module `$paramod$d40569e2e5029e2dde4c9be19ab6c750b8104d07\uart_tx'.
Computing hashes of 49 cells of `$paramod$d40569e2e5029e2dde4c9be19ab6c750b8104d07\uart_tx'.
Finding duplicate cells in `$paramod$d40569e2e5029e2dde4c9be19ab6c750b8104d07\uart_tx'.
Finding identical cells in module `$paramod$d40569e2e5029e2dde4c9be19ab6c750b8104d07\uart_rx'.
Computing hashes of 56 cells of `$paramod$d40569e2e5029e2dde4c9be19ab6c750b8104d07\uart_rx'.
Finding duplicate cells in `$paramod$d40569e2e5029e2dde4c9be19ab6c750b8104d07\uart_rx'.
Finding identical cells in module `\axi_decoder'.
Computing hashes of 3 cells of `\axi_decoder'.
Finding duplicate cells in `\axi_decoder'.
Finding identical cells in module `\axi_lite_interconnect'.
Computing hashes of 71 cells of `\axi_lite_interconnect'.
Finding duplicate cells in `\axi_lite_interconnect'.
Finding identical cells in module `$paramod$5f39f8b646aa95582e6f088ce64c0e154e784a4a\picorv32'.
Computing hashes of 592 cells of `$paramod$5f39f8b646aa95582e6f088ce64c0e154e784a4a\picorv32'.
Finding duplicate cells in `$paramod$5f39f8b646aa95582e6f088ce64c0e154e784a4a\picorv32'.
Finding identical cells in module `$paramod$edcaa0cfb453980d1e33a3c938c1a32918b9f1d7\rom'.
Computing hashes of 32 cells of `$paramod$edcaa0cfb453980d1e33a3c938c1a32918b9f1d7\rom'.
Finding duplicate cells in `$paramod$edcaa0cfb453980d1e33a3c938c1a32918b9f1d7\rom'.
Finding identical cells in module `$paramod\sram\MEM_DEPTH=s32'00000000000000000000000001000000'.
Computing hashes of 673 cells of `$paramod\sram\MEM_DEPTH=s32'00000000000000000000000001000000'.
Finding duplicate cells in `$paramod\sram\MEM_DEPTH=s32'00000000000000000000000001000000'.
Finding identical cells in module `\top'.
Computing hashes of 97 cells of `\top'.
Finding duplicate cells in `\top'.
Removed a total of 0 cells.

10.8.27. Executing OPT_DFF pass (perform DFF optimizations).

10.8.28. Executing OPT_CLEAN pass (remove unused cells and wires).
Finding unused cells or wires in module $paramod$d40569e2e5029e2dde4c9be19ab6c750b8104d07\uart_axi..
Finding unused cells or wires in module $paramod$d40569e2e5029e2dde4c9be19ab6c750b8104d07\uart_tx..
Finding unused cells or wires in module $paramod$d40569e2e5029e2dde4c9be19ab6c750b8104d07\uart_rx..
Finding unused cells or wires in module \axi_decoder..
Finding unused cells or wires in module \axi_lite_interconnect..
Finding unused cells or wires in module $paramod$5f39f8b646aa95582e6f088ce64c0e154e784a4a\picorv32..
Finding unused cells or wires in module $paramod$edcaa0cfb453980d1e33a3c938c1a32918b9f1d7\rom..
Finding unused cells or wires in module $paramod\sram\MEM_DEPTH=s32'00000000000000000000000001000000..
Finding unused cells or wires in module \top..

10.8.29. Executing OPT_EXPR pass (perform const folding).
Optimizing module $paramod$d40569e2e5029e2dde4c9be19ab6c750b8104d07\uart_axi.
Optimizing module $paramod$d40569e2e5029e2dde4c9be19ab6c750b8104d07\uart_tx.
Optimizing module $paramod$d40569e2e5029e2dde4c9be19ab6c750b8104d07\uart_rx.
Optimizing module axi_decoder.
Optimizing module axi_lite_interconnect.
Optimizing module $paramod$5f39f8b646aa95582e6f088ce64c0e154e784a4a\picorv32.
Optimizing module $paramod$edcaa0cfb453980d1e33a3c938c1a32918b9f1d7\rom.
Optimizing module $paramod\sram\MEM_DEPTH=s32'00000000000000000000000001000000.
Optimizing module top.

10.8.30. Finished fast OPT passes. (There is nothing left to do.)

10.9. Executing WREDUCE pass (reducing word size of cells).
Removed top 23 bits (of 32) from mux cell $paramod$d40569e2e5029e2dde4c9be19ab6c750b8104d07\uart_axi.$procmux$1903 ($mux).
Removed top 23 bits (of 32) from wire $paramod$d40569e2e5029e2dde4c9be19ab6c750b8104d07\uart_axi.$procmux$1903_Y.
Removed top 1 bits (of 2) from port B of cell $paramod$d40569e2e5029e2dde4c9be19ab6c750b8104d07\uart_tx.$auto$opt_dff.cc:235:make_patterns_logic$16535 ($ne).
Removed top 1 bits (of 2) from port B of cell $paramod$d40569e2e5029e2dde4c9be19ab6c750b8104d07\uart_tx.$auto$opt_dff.cc:235:make_patterns_logic$16528 ($ne).
Removed top 1 bits (of 2) from port B of cell $paramod$d40569e2e5029e2dde4c9be19ab6c750b8104d07\uart_tx.$auto$opt_dff.cc:235:make_patterns_logic$16519 ($ne).
Removed top 31 bits (of 32) from port B of cell $paramod$d40569e2e5029e2dde4c9be19ab6c750b8104d07\uart_tx.$add$uart_tx.v:101$1892 ($add).
Removed top 29 bits (of 32) from port Y of cell $paramod$d40569e2e5029e2dde4c9be19ab6c750b8104d07\uart_tx.$add$uart_tx.v:101$1892 ($add).
Removed top 1 bits (of 10) from port B of cell $paramod$d40569e2e5029e2dde4c9be19ab6c750b8104d07\uart_tx.$eq$uart_tx.v:110$1894 ($eq).
Removed top 31 bits (of 32) from port B of cell $paramod$d40569e2e5029e2dde4c9be19ab6c750b8104d07\uart_tx.$add$uart_tx.v:114$1895 ($add).
Removed top 22 bits (of 32) from port Y of cell $paramod$d40569e2e5029e2dde4c9be19ab6c750b8104d07\uart_tx.$add$uart_tx.v:114$1895 ($add).
Removed top 22 bits (of 32) from wire $paramod$d40569e2e5029e2dde4c9be19ab6c750b8104d07\uart_tx.$add$uart_tx.v:104$1893_Y.
Removed top 29 bits (of 32) from wire $paramod$d40569e2e5029e2dde4c9be19ab6c750b8104d07\uart_tx.$add$uart_tx.v:101$1892_Y.
Removed top 1 bits (of 2) from port B of cell $paramod$d40569e2e5029e2dde4c9be19ab6c750b8104d07\uart_rx.$auto$opt_dff.cc:235:make_patterns_logic$16557 ($ne).
Removed top 1 bits (of 2) from port B of cell $paramod$d40569e2e5029e2dde4c9be19ab6c750b8104d07\uart_rx.$auto$opt_dff.cc:235:make_patterns_logic$16551 ($ne).
Removed top 1 bits (of 2) from port B of cell $paramod$d40569e2e5029e2dde4c9be19ab6c750b8104d07\uart_rx.$auto$fsm_map.cc:77:implement_pattern_cache$16090 ($eq).
Removed top 2 bits (of 10) from port B of cell $paramod$d40569e2e5029e2dde4c9be19ab6c750b8104d07\uart_rx.$eq$uart_rx.v:97$1877 ($eq).
Removed top 31 bits (of 32) from port B of cell $paramod$d40569e2e5029e2dde4c9be19ab6c750b8104d07\uart_rx.$add$uart_rx.v:117$1882 ($add).
Removed top 29 bits (of 32) from port Y of cell $paramod$d40569e2e5029e2dde4c9be19ab6c750b8104d07\uart_rx.$add$uart_rx.v:117$1882 ($add).
Removed top 1 bits (of 10) from port B of cell $paramod$d40569e2e5029e2dde4c9be19ab6c750b8104d07\uart_rx.$eq$uart_rx.v:125$1884 ($eq).
Removed top 31 bits (of 32) from port B of cell $paramod$d40569e2e5029e2dde4c9be19ab6c750b8104d07\uart_rx.$add$uart_rx.v:133$1885 ($add).
Removed top 22 bits (of 32) from port Y of cell $paramod$d40569e2e5029e2dde4c9be19ab6c750b8104d07\uart_rx.$add$uart_rx.v:133$1885 ($add).
Removed top 29 bits (of 32) from wire $paramod$d40569e2e5029e2dde4c9be19ab6c750b8104d07\uart_rx.$add$uart_rx.v:117$1882_Y.
Removed top 22 bits (of 32) from wire $paramod$d40569e2e5029e2dde4c9be19ab6c750b8104d07\uart_rx.$add$uart_rx.v:106$1879_Y.
Removed top 3 bits (of 28) from port B of cell axi_decoder.$procmux$2091_CMP0 ($eq).
Removed top 15 bits (of 16) from port B of cell axi_decoder.$procmux$2092_CMP0 ($eq).
Removed top 11 bits (of 31) from FF cell $paramod$5f39f8b646aa95582e6f088ce64c0e154e784a4a\picorv32.$auto$ff.cc:337:slice$16848 ($dffe).
Removed top 2 bits (of 3) from port B of cell $paramod$5f39f8b646aa95582e6f088ce64c0e154e784a4a\picorv32.$auto$opt_dff.cc:235:make_patterns_logic$16844 ($ne).
Removed top 2 bits (of 5) from port B of cell $paramod$5f39f8b646aa95582e6f088ce64c0e154e784a4a\picorv32.$auto$opt_dff.cc:235:make_patterns_logic$16838 ($ne).
Removed top 1 bits (of 3) from port B of cell $paramod$5f39f8b646aa95582e6f088ce64c0e154e784a4a\picorv32.$auto$opt_dff.cc:235:make_patterns_logic$16836 ($ne).
Removed top 3 bits (of 4) from port B of cell $paramod$5f39f8b646aa95582e6f088ce64c0e154e784a4a\picorv32.$auto$opt_dff.cc:235:make_patterns_logic$16681 ($ne).
Removed top 1 bits (of 2) from port B of cell $paramod$5f39f8b646aa95582e6f088ce64c0e154e784a4a\picorv32.$auto$opt_dff.cc:235:make_patterns_logic$16668 ($ne).
Removed top 1 bits (of 2) from port B of cell $paramod$5f39f8b646aa95582e6f088ce64c0e154e784a4a\picorv32.$auto$opt_dff.cc:235:make_patterns_logic$16666 ($ne).
Removed top 2 bits (of 3) from port B of cell $paramod$5f39f8b646aa95582e6f088ce64c0e154e784a4a\picorv32.$auto$opt_dff.cc:235:make_patterns_logic$16662 ($ne).
Removed top 1 bits (of 2) from port B of cell $paramod$5f39f8b646aa95582e6f088ce64c0e154e784a4a\picorv32.$auto$opt_dff.cc:235:make_patterns_logic$16603 ($ne).
Removed top 2 bits (of 4) from port B of cell $paramod$5f39f8b646aa95582e6f088ce64c0e154e784a4a\picorv32.$auto$opt_dff.cc:235:make_patterns_logic$16601 ($ne).
Removed top 2 bits (of 3) from port B of cell $paramod$5f39f8b646aa95582e6f088ce64c0e154e784a4a\picorv32.$auto$opt_dff.cc:235:make_patterns_logic$16599 ($ne).
Removed top 3 bits (of 4) from port B of cell $paramod$5f39f8b646aa95582e6f088ce64c0e154e784a4a\picorv32.$auto$fsm_map.cc:77:implement_pattern_cache$16418 ($eq).
Removed top 3 bits (of 7) from port B of cell $paramod$5f39f8b646aa95582e6f088ce64c0e154e784a4a\picorv32.$auto$fsm_map.cc:77:implement_pattern_cache$16309 ($eq).
Removed top 3 bits (of 5) from port B of cell $paramod$5f39f8b646aa95582e6f088ce64c0e154e784a4a\picorv32.$auto$fsm_map.cc:77:implement_pattern_cache$16305 ($eq).
Removed top 3 bits (of 6) from port B of cell $paramod$5f39f8b646aa95582e6f088ce64c0e154e784a4a\picorv32.$auto$fsm_map.cc:77:implement_pattern_cache$16301 ($eq).
Removed top 3 bits (of 4) from port B of cell $paramod$5f39f8b646aa95582e6f088ce64c0e154e784a4a\picorv32.$auto$fsm_map.cc:77:implement_pattern_cache$16297 ($eq).
Removed top 3 bits (of 6) from port B of cell $paramod$5f39f8b646aa95582e6f088ce64c0e154e784a4a\picorv32.$auto$fsm_map.cc:77:implement_pattern_cache$16293 ($eq).
Removed top 2 bits (of 4) from port B of cell $paramod$5f39f8b646aa95582e6f088ce64c0e154e784a4a\picorv32.$auto$fsm_map.cc:77:implement_pattern_cache$16289 ($eq).
Removed top 3 bits (of 11) from port B of cell $paramod$5f39f8b646aa95582e6f088ce64c0e154e784a4a\picorv32.$auto$fsm_map.cc:77:implement_pattern_cache$16268 ($eq).
Removed top 4 bits (of 9) from port B of cell $paramod$5f39f8b646aa95582e6f088ce64c0e154e784a4a\picorv32.$auto$fsm_map.cc:77:implement_pattern_cache$16264 ($eq).
Removed top 3 bits (of 6) from port B of cell $paramod$5f39f8b646aa95582e6f088ce64c0e154e784a4a\picorv32.$auto$fsm_map.cc:77:implement_pattern_cache$16259 ($eq).
Removed top 3 bits (of 4) from port B of cell $paramod$5f39f8b646aa95582e6f088ce64c0e154e784a4a\picorv32.$auto$fsm_map.cc:77:implement_pattern_cache$16255 ($eq).
Removed top 3 bits (of 6) from port B of cell $paramod$5f39f8b646aa95582e6f088ce64c0e154e784a4a\picorv32.$auto$fsm_map.cc:77:implement_pattern_cache$16251 ($eq).
Removed top 2 bits (of 4) from port B of cell $paramod$5f39f8b646aa95582e6f088ce64c0e154e784a4a\picorv32.$auto$fsm_map.cc:77:implement_pattern_cache$16247 ($eq).
Removed top 3 bits (of 11) from port B of cell $paramod$5f39f8b646aa95582e6f088ce64c0e154e784a4a\picorv32.$auto$fsm_map.cc:77:implement_pattern_cache$16243 ($eq).
Removed top 4 bits (of 9) from port B of cell $paramod$5f39f8b646aa95582e6f088ce64c0e154e784a4a\picorv32.$auto$fsm_map.cc:77:implement_pattern_cache$16239 ($eq).
Removed top 3 bits (of 7) from port B of cell $paramod$5f39f8b646aa95582e6f088ce64c0e154e784a4a\picorv32.$auto$fsm_map.cc:77:implement_pattern_cache$16234 ($eq).
Removed top 2 bits (of 5) from port B of cell $paramod$5f39f8b646aa95582e6f088ce64c0e154e784a4a\picorv32.$auto$fsm_map.cc:77:implement_pattern_cache$16230 ($eq).
Removed top 3 bits (of 6) from port B of cell $paramod$5f39f8b646aa95582e6f088ce64c0e154e784a4a\picorv32.$auto$fsm_map.cc:77:implement_pattern_cache$16226 ($eq).
Removed top 2 bits (of 4) from port B of cell $paramod$5f39f8b646aa95582e6f088ce64c0e154e784a4a\picorv32.$auto$fsm_map.cc:77:implement_pattern_cache$16222 ($eq).
Removed top 3 bits (of 12) from port B of cell $paramod$5f39f8b646aa95582e6f088ce64c0e154e784a4a\picorv32.$auto$fsm_map.cc:77:implement_pattern_cache$16218 ($eq).
Removed top 8 bits (of 10) from port B of cell $paramod$5f39f8b646aa95582e6f088ce64c0e154e784a4a\picorv32.$auto$fsm_map.cc:77:implement_pattern_cache$16214 ($eq).
Removed top 3 bits (of 7) from port B of cell $paramod$5f39f8b646aa95582e6f088ce64c0e154e784a4a\picorv32.$auto$fsm_map.cc:77:implement_pattern_cache$16209 ($eq).
Removed top 2 bits (of 5) from port B of cell $paramod$5f39f8b646aa95582e6f088ce64c0e154e784a4a\picorv32.$auto$fsm_map.cc:77:implement_pattern_cache$16205 ($eq).
Removed top 3 bits (of 7) from port B of cell $paramod$5f39f8b646aa95582e6f088ce64c0e154e784a4a\picorv32.$auto$fsm_map.cc:77:implement_pattern_cache$16198 ($eq).
Removed top 2 bits (of 5) from port B of cell $paramod$5f39f8b646aa95582e6f088ce64c0e154e784a4a\picorv32.$auto$fsm_map.cc:77:implement_pattern_cache$16192 ($eq).
Removed top 3 bits (of 6) from port B of cell $paramod$5f39f8b646aa95582e6f088ce64c0e154e784a4a\picorv32.$auto$fsm_map.cc:77:implement_pattern_cache$16188 ($eq).
Removed top 2 bits (of 4) from port B of cell $paramod$5f39f8b646aa95582e6f088ce64c0e154e784a4a\picorv32.$auto$fsm_map.cc:77:implement_pattern_cache$16184 ($eq).
Removed top 3 bits (of 6) from port B of cell $paramod$5f39f8b646aa95582e6f088ce64c0e154e784a4a\picorv32.$auto$fsm_map.cc:77:implement_pattern_cache$16180 ($eq).
Removed top 2 bits (of 4) from port B of cell $paramod$5f39f8b646aa95582e6f088ce64c0e154e784a4a\picorv32.$auto$fsm_map.cc:77:implement_pattern_cache$16176 ($eq).
Removed top 3 bits (of 6) from port B of cell $paramod$5f39f8b646aa95582e6f088ce64c0e154e784a4a\picorv32.$auto$fsm_map.cc:77:implement_pattern_cache$16172 ($eq).
Removed top 3 bits (of 4) from port B of cell $paramod$5f39f8b646aa95582e6f088ce64c0e154e784a4a\picorv32.$auto$fsm_map.cc:77:implement_pattern_cache$16168 ($eq).
Removed top 3 bits (of 6) from port B of cell $paramod$5f39f8b646aa95582e6f088ce64c0e154e784a4a\picorv32.$auto$fsm_map.cc:77:implement_pattern_cache$16164 ($eq).
Removed top 3 bits (of 4) from port B of cell $paramod$5f39f8b646aa95582e6f088ce64c0e154e784a4a\picorv32.$auto$fsm_map.cc:77:implement_pattern_cache$16160 ($eq).
Removed top 3 bits (of 7) from port B of cell $paramod$5f39f8b646aa95582e6f088ce64c0e154e784a4a\picorv32.$auto$fsm_map.cc:77:implement_pattern_cache$16156 ($eq).
Removed top 2 bits (of 5) from port B of cell $paramod$5f39f8b646aa95582e6f088ce64c0e154e784a4a\picorv32.$auto$fsm_map.cc:77:implement_pattern_cache$16152 ($eq).
Removed top 3 bits (of 7) from port B of cell $paramod$5f39f8b646aa95582e6f088ce64c0e154e784a4a\picorv32.$auto$fsm_map.cc:77:implement_pattern_cache$16148 ($eq).
Removed top 2 bits (of 5) from port B of cell $paramod$5f39f8b646aa95582e6f088ce64c0e154e784a4a\picorv32.$auto$fsm_map.cc:77:implement_pattern_cache$16144 ($eq).
Removed top 3 bits (of 5) from port B of cell $paramod$5f39f8b646aa95582e6f088ce64c0e154e784a4a\picorv32.$auto$fsm_map.cc:77:implement_pattern_cache$16142 ($eq).
Removed top 1 bits (of 3) from port B of cell $paramod$5f39f8b646aa95582e6f088ce64c0e154e784a4a\picorv32.$auto$fsm_map.cc:77:implement_pattern_cache$16135 ($eq).
Removed top 2 bits (of 4) from port B of cell $paramod$5f39f8b646aa95582e6f088ce64c0e154e784a4a\picorv32.$auto$fsm_map.cc:77:implement_pattern_cache$16133 ($eq).
Removed top 3 bits (of 5) from port B of cell $paramod$5f39f8b646aa95582e6f088ce64c0e154e784a4a\picorv32.$auto$fsm_map.cc:77:implement_pattern_cache$16129 ($eq).
Removed top 2 bits (of 3) from port B of cell $paramod$5f39f8b646aa95582e6f088ce64c0e154e784a4a\picorv32.$auto$fsm_map.cc:77:implement_pattern_cache$16125 ($eq).
Removed top 3 bits (of 6) from port B of cell $paramod$5f39f8b646aa95582e6f088ce64c0e154e784a4a\picorv32.$auto$fsm_map.cc:77:implement_pattern_cache$16121 ($eq).
Removed top 2 bits (of 4) from port B of cell $paramod$5f39f8b646aa95582e6f088ce64c0e154e784a4a\picorv32.$auto$fsm_map.cc:77:implement_pattern_cache$16117 ($eq).
Removed top 3 bits (of 4) from port A of cell $paramod$5f39f8b646aa95582e6f088ce64c0e154e784a4a\picorv32.$shl$picorv32.v:419$1284 ($shl).
Removed top 30 bits (of 32) from mux cell $paramod$5f39f8b646aa95582e6f088ce64c0e154e784a4a\picorv32.$ternary$picorv32.v:617$1343 ($mux).
Removed top 1 bits (of 7) from port B of cell $paramod$5f39f8b646aa95582e6f088ce64c0e154e784a4a\picorv32.$eq$picorv32.v:867$1362 ($eq).
Removed top 2 bits (of 7) from port B of cell $paramod$5f39f8b646aa95582e6f088ce64c0e154e784a4a\picorv32.$eq$picorv32.v:868$1363 ($eq).
Removed top 5 bits (of 7) from port B of cell $paramod$5f39f8b646aa95582e6f088ce64c0e154e784a4a\picorv32.$eq$picorv32.v:875$1377 ($eq).
Removed top 1 bits (of 7) from port B of cell $paramod$5f39f8b646aa95582e6f088ce64c0e154e784a4a\picorv32.$eq$picorv32.v:876$1378 ($eq).
Removed top 2 bits (of 7) from port B of cell $paramod$5f39f8b646aa95582e6f088ce64c0e154e784a4a\picorv32.$eq$picorv32.v:877$1379 ($eq).
Removed top 1 bits (of 7) from port B of cell $paramod$5f39f8b646aa95582e6f088ce64c0e154e784a4a\picorv32.$eq$picorv32.v:878$1380 ($eq).
Removed top 3 bits (of 7) from port B of cell $paramod$5f39f8b646aa95582e6f088ce64c0e154e784a4a\picorv32.$eq$picorv32.v:1088$1560 ($eq).
Removed top 1 bits (of 3) from port B of cell $paramod$5f39f8b646aa95582e6f088ce64c0e154e784a4a\picorv32.$eq$picorv32.v:1104$1596 ($eq).
Removed top 1 bits (of 3) from port B of cell $paramod$5f39f8b646aa95582e6f088ce64c0e154e784a4a\picorv32.$eq$picorv32.v:1103$1597 ($eq).
Removed top 1 bits (of 7) from port B of cell $paramod$5f39f8b646aa95582e6f088ce64c0e154e784a4a\picorv32.$eq$picorv32.v:1113$1603 ($eq).
Removed top 2 bits (of 3) from port B of cell $paramod$5f39f8b646aa95582e6f088ce64c0e154e784a4a\picorv32.$eq$picorv32.v:1111$1608 ($eq).
Removed top 29 bits (of 32) from port B of cell $paramod$5f39f8b646aa95582e6f088ce64c0e154e784a4a\picorv32.$add$picorv32.v:1317$1660 ($add).
Removed top 32 bits (of 64) from port A of cell $paramod$5f39f8b646aa95582e6f088ce64c0e154e784a4a\picorv32.$add$picorv32.v:1433$1695 ($add).
Removed top 31 bits (of 32) from port B of cell $paramod$5f39f8b646aa95582e6f088ce64c0e154e784a4a\picorv32.$add$picorv32.v:1433$1695 ($add).
Removed top 32 bits (of 64) from port Y of cell $paramod$5f39f8b646aa95582e6f088ce64c0e154e784a4a\picorv32.$add$picorv32.v:1433$1695 ($add).
Removed top 29 bits (of 32) from port B of cell $paramod$5f39f8b646aa95582e6f088ce64c0e154e784a4a\picorv32.$add$picorv32.v:1560$1747 ($add).
Removed top 32 bits (of 64) from port A of cell $paramod$5f39f8b646aa95582e6f088ce64c0e154e784a4a\picorv32.$add$picorv32.v:1564$1748 ($add).
Removed top 31 bits (of 32) from port B of cell $paramod$5f39f8b646aa95582e6f088ce64c0e154e784a4a\picorv32.$add$picorv32.v:1564$1748 ($add).
Removed top 32 bits (of 64) from port Y of cell $paramod$5f39f8b646aa95582e6f088ce64c0e154e784a4a\picorv32.$add$picorv32.v:1564$1748 ($add).
Removed top 29 bits (of 32) from port B of cell $paramod$5f39f8b646aa95582e6f088ce64c0e154e784a4a\picorv32.$ge$picorv32.v:1835$1800 ($ge).
Removed top 29 bits (of 32) from port B of cell $paramod$5f39f8b646aa95582e6f088ce64c0e154e784a4a\picorv32.$sub$picorv32.v:1842$1808 ($sub).
Removed top 27 bits (of 32) from port Y of cell $paramod$5f39f8b646aa95582e6f088ce64c0e154e784a4a\picorv32.$sub$picorv32.v:1842$1808 ($sub).
Removed top 31 bits (of 32) from port B of cell $paramod$5f39f8b646aa95582e6f088ce64c0e154e784a4a\picorv32.$sub$picorv32.v:1850$1815 ($sub).
Removed top 27 bits (of 32) from port Y of cell $paramod$5f39f8b646aa95582e6f088ce64c0e154e784a4a\picorv32.$sub$picorv32.v:1850$1815 ($sub).
Removed top 1 bits (of 2) from port B of cell $paramod$5f39f8b646aa95582e6f088ce64c0e154e784a4a\picorv32.$procmux$4576_CMP0 ($eq).
Removed top 1 bits (of 2) from port B of cell $paramod$5f39f8b646aa95582e6f088ce64c0e154e784a4a\picorv32.$procmux$4808_CMP0 ($eq).
Removed top 27 bits (of 32) from wire $paramod$5f39f8b646aa95582e6f088ce64c0e154e784a4a\picorv32.$sub$picorv32.v:1850$1815_Y.
Removed top 27 bits (of 32) from wire $paramod$5f39f8b646aa95582e6f088ce64c0e154e784a4a\picorv32.$sub$picorv32.v:1842$1808_Y.
Removed top 32 bits (of 64) from wire $paramod$5f39f8b646aa95582e6f088ce64c0e154e784a4a\picorv32.$add$picorv32.v:1564$1748_Y.
Removed top 32 bits (of 64) from wire $paramod$5f39f8b646aa95582e6f088ce64c0e154e784a4a\picorv32.$add$picorv32.v:1433$1695_Y.
Removed top 32 bits (of 64) from wire $paramod$5f39f8b646aa95582e6f088ce64c0e154e784a4a\picorv32.count_instr.
Removed top 32 bits (of 64) from wire $paramod$5f39f8b646aa95582e6f088ce64c0e154e784a4a\picorv32.count_cycle.
Removed top 26 address bits (of 32) from memory init port $paramod$edcaa0cfb453980d1e33a3c938c1a32918b9f1d7\rom.$auto$mem.cc:351:emit$1899 ($auto$proc_rom.cc:155:do_switch$1897).
Removed top 24 bits (of 32) from FF cell $paramod\sram\MEM_DEPTH=s32'00000000000000000000000001000000.$auto$ff.cc:337:slice$17055 ($adffe).
Removed top 1 bits (of 6) from port B of cell $paramod\sram\MEM_DEPTH=s32'00000000000000000000000001000000.$procmux$4906_CMP0 ($eq).
Removed top 1 bits (of 6) from port B of cell $paramod\sram\MEM_DEPTH=s32'00000000000000000000000001000000.$procmux$4907_CMP0 ($eq).
Removed top 1 bits (of 6) from port B of cell $paramod\sram\MEM_DEPTH=s32'00000000000000000000000001000000.$procmux$4908_CMP0 ($eq).
Removed top 1 bits (of 6) from port B of cell $paramod\sram\MEM_DEPTH=s32'00000000000000000000000001000000.$procmux$4909_CMP0 ($eq).
Removed top 1 bits (of 6) from port B of cell $paramod\sram\MEM_DEPTH=s32'00000000000000000000000001000000.$procmux$4910_CMP0 ($eq).
Removed top 1 bits (of 6) from port B of cell $paramod\sram\MEM_DEPTH=s32'00000000000000000000000001000000.$procmux$4911_CMP0 ($eq).
Removed top 1 bits (of 6) from port B of cell $paramod\sram\MEM_DEPTH=s32'00000000000000000000000001000000.$procmux$4912_CMP0 ($eq).
Removed top 1 bits (of 6) from port B of cell $paramod\sram\MEM_DEPTH=s32'00000000000000000000000001000000.$procmux$4913_CMP0 ($eq).
Removed top 1 bits (of 6) from port B of cell $paramod\sram\MEM_DEPTH=s32'00000000000000000000000001000000.$procmux$4914_CMP0 ($eq).
Removed top 1 bits (of 6) from port B of cell $paramod\sram\MEM_DEPTH=s32'00000000000000000000000001000000.$procmux$4915_CMP0 ($eq).
Removed top 1 bits (of 6) from port B of cell $paramod\sram\MEM_DEPTH=s32'00000000000000000000000001000000.$procmux$4916_CMP0 ($eq).
Removed top 1 bits (of 6) from port B of cell $paramod\sram\MEM_DEPTH=s32'00000000000000000000000001000000.$procmux$4917_CMP0 ($eq).
Removed top 1 bits (of 6) from port B of cell $paramod\sram\MEM_DEPTH=s32'00000000000000000000000001000000.$procmux$4918_CMP0 ($eq).
Removed top 1 bits (of 6) from port B of cell $paramod\sram\MEM_DEPTH=s32'00000000000000000000000001000000.$procmux$4919_CMP0 ($eq).
Removed top 1 bits (of 6) from port B of cell $paramod\sram\MEM_DEPTH=s32'00000000000000000000000001000000.$procmux$4920_CMP0 ($eq).
Removed top 1 bits (of 6) from port B of cell $paramod\sram\MEM_DEPTH=s32'00000000000000000000000001000000.$procmux$4921_CMP0 ($eq).
Removed top 2 bits (of 6) from port B of cell $paramod\sram\MEM_DEPTH=s32'00000000000000000000000001000000.$procmux$4922_CMP0 ($eq).
Removed top 2 bits (of 6) from port B of cell $paramod\sram\MEM_DEPTH=s32'00000000000000000000000001000000.$procmux$4923_CMP0 ($eq).
Removed top 2 bits (of 6) from port B of cell $paramod\sram\MEM_DEPTH=s32'00000000000000000000000001000000.$procmux$4924_CMP0 ($eq).
Removed top 2 bits (of 6) from port B of cell $paramod\sram\MEM_DEPTH=s32'00000000000000000000000001000000.$procmux$4925_CMP0 ($eq).
Removed top 2 bits (of 6) from port B of cell $paramod\sram\MEM_DEPTH=s32'00000000000000000000000001000000.$procmux$4926_CMP0 ($eq).
Removed top 2 bits (of 6) from port B of cell $paramod\sram\MEM_DEPTH=s32'00000000000000000000000001000000.$procmux$4927_CMP0 ($eq).
Removed top 2 bits (of 6) from port B of cell $paramod\sram\MEM_DEPTH=s32'00000000000000000000000001000000.$procmux$4928_CMP0 ($eq).
Removed top 2 bits (of 6) from port B of cell $paramod\sram\MEM_DEPTH=s32'00000000000000000000000001000000.$procmux$4929_CMP0 ($eq).
Removed top 3 bits (of 6) from port B of cell $paramod\sram\MEM_DEPTH=s32'00000000000000000000000001000000.$procmux$4930_CMP0 ($eq).
Removed top 3 bits (of 6) from port B of cell $paramod\sram\MEM_DEPTH=s32'00000000000000000000000001000000.$procmux$4931_CMP0 ($eq).
Removed top 3 bits (of 6) from port B of cell $paramod\sram\MEM_DEPTH=s32'00000000000000000000000001000000.$procmux$4932_CMP0 ($eq).
Removed top 3 bits (of 6) from port B of cell $paramod\sram\MEM_DEPTH=s32'00000000000000000000000001000000.$procmux$4933_CMP0 ($eq).
Removed top 4 bits (of 6) from port B of cell $paramod\sram\MEM_DEPTH=s32'00000000000000000000000001000000.$procmux$4934_CMP0 ($eq).
Removed top 4 bits (of 6) from port B of cell $paramod\sram\MEM_DEPTH=s32'00000000000000000000000001000000.$procmux$4935_CMP0 ($eq).
Removed top 5 bits (of 6) from port B of cell $paramod\sram\MEM_DEPTH=s32'00000000000000000000000001000000.$procmux$4936_CMP0 ($eq).
Removed top 1 bits (of 6) from port B of cell $paramod\sram\MEM_DEPTH=s32'00000000000000000000000001000000.$procmux$13379_CMP0 ($eq).
Removed top 1 bits (of 6) from port B of cell $paramod\sram\MEM_DEPTH=s32'00000000000000000000000001000000.$procmux$13420_CMP0 ($eq).
Removed top 1 bits (of 6) from port B of cell $paramod\sram\MEM_DEPTH=s32'00000000000000000000000001000000.$procmux$13462_CMP0 ($eq).
Removed top 1 bits (of 6) from port B of cell $paramod\sram\MEM_DEPTH=s32'00000000000000000000000001000000.$procmux$13505_CMP0 ($eq).
Removed top 1 bits (of 6) from port B of cell $paramod\sram\MEM_DEPTH=s32'00000000000000000000000001000000.$procmux$13549_CMP0 ($eq).
Removed top 1 bits (of 6) from port B of cell $paramod\sram\MEM_DEPTH=s32'00000000000000000000000001000000.$procmux$13594_CMP0 ($eq).
Removed top 1 bits (of 6) from port B of cell $paramod\sram\MEM_DEPTH=s32'00000000000000000000000001000000.$procmux$13640_CMP0 ($eq).
Removed top 1 bits (of 6) from port B of cell $paramod\sram\MEM_DEPTH=s32'00000000000000000000000001000000.$procmux$13687_CMP0 ($eq).
Removed top 1 bits (of 6) from port B of cell $paramod\sram\MEM_DEPTH=s32'00000000000000000000000001000000.$procmux$13735_CMP0 ($eq).
Removed top 1 bits (of 6) from port B of cell $paramod\sram\MEM_DEPTH=s32'00000000000000000000000001000000.$procmux$13784_CMP0 ($eq).
Removed top 1 bits (of 6) from port B of cell $paramod\sram\MEM_DEPTH=s32'00000000000000000000000001000000.$procmux$13834_CMP0 ($eq).
Removed top 1 bits (of 6) from port B of cell $paramod\sram\MEM_DEPTH=s32'00000000000000000000000001000000.$procmux$13885_CMP0 ($eq).
Removed top 1 bits (of 6) from port B of cell $paramod\sram\MEM_DEPTH=s32'00000000000000000000000001000000.$procmux$13937_CMP0 ($eq).
Removed top 1 bits (of 6) from port B of cell $paramod\sram\MEM_DEPTH=s32'00000000000000000000000001000000.$procmux$13990_CMP0 ($eq).
Removed top 1 bits (of 6) from port B of cell $paramod\sram\MEM_DEPTH=s32'00000000000000000000000001000000.$procmux$14044_CMP0 ($eq).
Removed top 1 bits (of 6) from port B of cell $paramod\sram\MEM_DEPTH=s32'00000000000000000000000001000000.$procmux$14099_CMP0 ($eq).
Removed top 2 bits (of 6) from port B of cell $paramod\sram\MEM_DEPTH=s32'00000000000000000000000001000000.$procmux$14155_CMP0 ($eq).
Removed top 2 bits (of 6) from port B of cell $paramod\sram\MEM_DEPTH=s32'00000000000000000000000001000000.$procmux$14212_CMP0 ($eq).
Removed top 2 bits (of 6) from port B of cell $paramod\sram\MEM_DEPTH=s32'00000000000000000000000001000000.$procmux$14270_CMP0 ($eq).
Removed top 2 bits (of 6) from port B of cell $paramod\sram\MEM_DEPTH=s32'00000000000000000000000001000000.$procmux$14329_CMP0 ($eq).
Removed top 2 bits (of 6) from port B of cell $paramod\sram\MEM_DEPTH=s32'00000000000000000000000001000000.$procmux$14389_CMP0 ($eq).
Removed top 2 bits (of 6) from port B of cell $paramod\sram\MEM_DEPTH=s32'00000000000000000000000001000000.$procmux$14450_CMP0 ($eq).
Removed top 2 bits (of 6) from port B of cell $paramod\sram\MEM_DEPTH=s32'00000000000000000000000001000000.$procmux$14512_CMP0 ($eq).
Removed top 2 bits (of 6) from port B of cell $paramod\sram\MEM_DEPTH=s32'00000000000000000000000001000000.$procmux$14575_CMP0 ($eq).
Removed top 3 bits (of 6) from port B of cell $paramod\sram\MEM_DEPTH=s32'00000000000000000000000001000000.$procmux$14639_CMP0 ($eq).
Removed top 3 bits (of 6) from port B of cell $paramod\sram\MEM_DEPTH=s32'00000000000000000000000001000000.$procmux$14704_CMP0 ($eq).
Removed top 3 bits (of 6) from port B of cell $paramod\sram\MEM_DEPTH=s32'00000000000000000000000001000000.$procmux$14770_CMP0 ($eq).
Removed top 3 bits (of 6) from port B of cell $paramod\sram\MEM_DEPTH=s32'00000000000000000000000001000000.$procmux$14837_CMP0 ($eq).
Removed top 4 bits (of 6) from port B of cell $paramod\sram\MEM_DEPTH=s32'00000000000000000000000001000000.$procmux$14905_CMP0 ($eq).
Removed top 4 bits (of 6) from port B of cell $paramod\sram\MEM_DEPTH=s32'00000000000000000000000001000000.$procmux$14974_CMP0 ($eq).
Removed top 5 bits (of 6) from port B of cell $paramod\sram\MEM_DEPTH=s32'00000000000000000000000001000000.$procmux$15044_CMP0 ($eq).
Removed top 24 bits (of 32) from wire $paramod\sram\MEM_DEPTH=s32'00000000000000000000000001000000.aw_addr_r.
Removed top 1 bits (of 2) from port B of cell top.$auto$opt_dff.cc:235:make_patterns_logic$18200 ($ne).
Removed top 1 bits (of 2) from port B of cell top.$auto$opt_dff.cc:235:make_patterns_logic$18189 ($ne).
Removed top 1 bits (of 2) from port B of cell top.$auto$opt_dff.cc:235:make_patterns_logic$18187 ($ne).
Removed top 1 bits (of 2) from port B of cell top.$auto$opt_dff.cc:235:make_patterns_logic$18185 ($ne).
Removed top 1 bits (of 2) from port B of cell top.$auto$opt_dff.cc:235:make_patterns_logic$18170 ($ne).
Removed top 1 bits (of 2) from port B of cell top.$auto$opt_dff.cc:235:make_patterns_logic$18168 ($ne).
Removed top 1 bits (of 2) from port B of cell top.$auto$fsm_map.cc:77:implement_pattern_cache$16479 ($eq).

10.10. Executing PEEPOPT pass (run peephole optimizers).

10.11. Executing OPT_CLEAN pass (remove unused cells and wires).
Finding unused cells or wires in module $paramod$d40569e2e5029e2dde4c9be19ab6c750b8104d07\uart_axi..
Finding unused cells or wires in module $paramod$d40569e2e5029e2dde4c9be19ab6c750b8104d07\uart_tx..
Finding unused cells or wires in module $paramod$d40569e2e5029e2dde4c9be19ab6c750b8104d07\uart_rx..
Finding unused cells or wires in module \axi_decoder..
Finding unused cells or wires in module \axi_lite_interconnect..
Finding unused cells or wires in module $paramod$5f39f8b646aa95582e6f088ce64c0e154e784a4a\picorv32..
Finding unused cells or wires in module $paramod$edcaa0cfb453980d1e33a3c938c1a32918b9f1d7\rom..
Finding unused cells or wires in module $paramod\sram\MEM_DEPTH=s32'00000000000000000000000001000000..
Finding unused cells or wires in module \top..
Removed 0 unused cells and 13 unused wires.
<suppressed ~5 debug messages>

10.12. Executing ALUMACC pass (create $alu and $macc cells).
Extracting $alu and $macc cells in module $paramod$d40569e2e5029e2dde4c9be19ab6c750b8104d07\uart_axi:
  created 0 $alu and 0 $macc cells.
Extracting $alu and $macc cells in module $paramod$d40569e2e5029e2dde4c9be19ab6c750b8104d07\uart_tx:
  creating $macc model for $add$uart_tx.v:114$1895 ($add).
  creating $macc model for $add$uart_tx.v:101$1892 ($add).
  creating $alu model for $macc $add$uart_tx.v:101$1892.
  creating $alu model for $macc $add$uart_tx.v:114$1895.
  creating $alu cell for $add$uart_tx.v:114$1895: $auto$alumacc.cc:512:replace_alu$18232
  creating $alu cell for $add$uart_tx.v:101$1892: $auto$alumacc.cc:512:replace_alu$18235
  created 2 $alu and 0 $macc cells.
Extracting $alu and $macc cells in module $paramod$d40569e2e5029e2dde4c9be19ab6c750b8104d07\uart_rx:
  creating $macc model for $add$uart_rx.v:133$1885 ($add).
  creating $macc model for $add$uart_rx.v:117$1882 ($add).
  creating $alu model for $macc $add$uart_rx.v:117$1882.
  creating $alu model for $macc $add$uart_rx.v:133$1885.
  creating $alu cell for $add$uart_rx.v:133$1885: $auto$alumacc.cc:512:replace_alu$18238
  creating $alu cell for $add$uart_rx.v:117$1882: $auto$alumacc.cc:512:replace_alu$18241
  created 2 $alu and 0 $macc cells.
Extracting $alu and $macc cells in module axi_decoder:
  created 0 $alu and 0 $macc cells.
Extracting $alu and $macc cells in module axi_lite_interconnect:
  created 0 $alu and 0 $macc cells.
Extracting $alu and $macc cells in module $paramod$5f39f8b646aa95582e6f088ce64c0e154e784a4a\picorv32:
  creating $macc model for $add$picorv32.v:1806$1794 ($add).
  creating $macc model for $add$picorv32.v:1569$1749 ($add).
  creating $macc model for $add$picorv32.v:1564$1748 ($add).
  creating $macc model for $add$picorv32.v:1560$1747 ($add).
  creating $macc model for $add$picorv32.v:1433$1695 ($add).
  creating $macc model for $add$picorv32.v:1240$1864 ($add).
  creating $macc model for $add$picorv32.v:1317$1660 ($add).
  creating $macc model for $sub$picorv32.v:1240$1863 ($sub).
  creating $macc model for $add$picorv32.v:1897$1827 ($add).
  creating $macc model for $sub$picorv32.v:1842$1808 ($sub).
  creating $macc model for $sub$picorv32.v:1850$1815 ($sub).
  creating $alu model for $macc $sub$picorv32.v:1850$1815.
  creating $alu model for $macc $sub$picorv32.v:1842$1808.
  creating $alu model for $macc $add$picorv32.v:1897$1827.
  creating $alu model for $macc $sub$picorv32.v:1240$1863.
  creating $alu model for $macc $add$picorv32.v:1317$1660.
  creating $alu model for $macc $add$picorv32.v:1240$1864.
  creating $alu model for $macc $add$picorv32.v:1433$1695.
  creating $alu model for $macc $add$picorv32.v:1560$1747.
  creating $alu model for $macc $add$picorv32.v:1564$1748.
  creating $alu model for $macc $add$picorv32.v:1569$1749.
  creating $alu model for $macc $add$picorv32.v:1806$1794.
  creating $alu model for $ge$picorv32.v:1835$1800 ($ge): merged with $sub$picorv32.v:1842$1808.
  creating $alu model for $lt$picorv32.v:1243$1868 ($lt): merged with $sub$picorv32.v:1240$1863.
  creating $alu model for $lt$picorv32.v:1242$1867 ($lt): merged with $sub$picorv32.v:1240$1863.
  creating $alu model for $eq$picorv32.v:1241$1866 ($eq): merged with $sub$picorv32.v:1240$1863.
  creating $alu cell for $add$picorv32.v:1806$1794: $auto$alumacc.cc:512:replace_alu$18244
  creating $alu cell for $add$picorv32.v:1569$1749: $auto$alumacc.cc:512:replace_alu$18247
  creating $alu cell for $add$picorv32.v:1564$1748: $auto$alumacc.cc:512:replace_alu$18250
  creating $alu cell for $add$picorv32.v:1560$1747: $auto$alumacc.cc:512:replace_alu$18253
  creating $alu cell for $add$picorv32.v:1433$1695: $auto$alumacc.cc:512:replace_alu$18256
  creating $alu cell for $add$picorv32.v:1317$1660: $auto$alumacc.cc:512:replace_alu$18259
  creating $alu cell for $add$picorv32.v:1240$1864: $auto$alumacc.cc:512:replace_alu$18262
  creating $alu cell for $sub$picorv32.v:1240$1863, $lt$picorv32.v:1243$1868, $lt$picorv32.v:1242$1867, $eq$picorv32.v:1241$1866: $auto$alumacc.cc:512:replace_alu$18265
  creating $alu cell for $add$picorv32.v:1897$1827: $auto$alumacc.cc:512:replace_alu$18276
  creating $alu cell for $sub$picorv32.v:1842$1808, $ge$picorv32.v:1835$1800: $auto$alumacc.cc:512:replace_alu$18279
  creating $alu cell for $sub$picorv32.v:1850$1815: $auto$alumacc.cc:512:replace_alu$18292
  created 11 $alu and 0 $macc cells.
Extracting $alu and $macc cells in module $paramod$edcaa0cfb453980d1e33a3c938c1a32918b9f1d7\rom:
  created 0 $alu and 0 $macc cells.
Extracting $alu and $macc cells in module $paramod\sram\MEM_DEPTH=s32'00000000000000000000000001000000:
  created 0 $alu and 0 $macc cells.
Extracting $alu and $macc cells in module top:
  created 0 $alu and 0 $macc cells.

10.13. Executing SHARE pass (SAT-based resource sharing).
Found 2 cells in module $paramod$5f39f8b646aa95582e6f088ce64c0e154e784a4a\picorv32 that may be considered for resource sharing.
  Analyzing resource sharing options for $memrd$\cpuregs$picorv32.v:1352$1679 ($memrd):
    Found 1 activation_patterns using ctrl signal { $reduce_bool$picorv32.v:1352$1680_Y \cpu_state [2] \is_lui_auipc_jal $auto$opt_reduce.cc:137:opt_pmux$15950 }.
    Found 1 candidates: $memrd$\cpuregs$picorv32.v:1353$1682
    Analyzing resource sharing with $memrd$\cpuregs$picorv32.v:1353$1682 ($memrd):
      Found 2 activation_patterns using ctrl signal { $reduce_bool$picorv32.v:1353$1683_Y \cpu_state [2] \is_slli_srli_srai \resetn $auto$opt_reduce.cc:137:opt_pmux$15954 $auto$opt_reduce.cc:137:opt_pmux$15956 $auto$opt_reduce.cc:137:opt_pmux$15972 }.
      Activation pattern for cell $memrd$\cpuregs$picorv32.v:1352$1679: { $reduce_bool$picorv32.v:1352$1680_Y \cpu_state [2] \is_lui_auipc_jal $auto$opt_reduce.cc:137:opt_pmux$15950 } = 4'1100
      Activation pattern for cell $memrd$\cpuregs$picorv32.v:1353$1682: { $reduce_bool$picorv32.v:1353$1683_Y $auto$opt_reduce.cc:137:opt_pmux$15954 $auto$opt_reduce.cc:137:opt_pmux$15956 } = 3'100
      Activation pattern for cell $memrd$\cpuregs$picorv32.v:1353$1682: { $reduce_bool$picorv32.v:1353$1683_Y \cpu_state [2] \is_slli_srli_srai \resetn $auto$opt_reduce.cc:137:opt_pmux$15972 } = 5'11010
      Size of SAT problem: 9 cells, 149 variables, 346 clauses
      According to the SAT solver this pair of cells can not be shared.
      Model from SAT solver: { $reduce_bool$picorv32.v:1353$1683_Y $reduce_bool$picorv32.v:1352$1680_Y \cpu_state [2] \is_slli_srli_srai \is_lui_auipc_jal \resetn $auto$opt_reduce.cc:137:opt_pmux$15950 $auto$opt_reduce.cc:137:opt_pmux$15954 $auto$opt_reduce.cc:137:opt_pmux$15956 $auto$opt_reduce.cc:137:opt_pmux$15972 } = 10'1110000000
  Analyzing resource sharing options for $memrd$\cpuregs$picorv32.v:1353$1682 ($memrd):
    Found 2 activation_patterns using ctrl signal { $reduce_bool$picorv32.v:1353$1683_Y \cpu_state [2] \is_slli_srli_srai \resetn $auto$opt_reduce.cc:137:opt_pmux$15954 $auto$opt_reduce.cc:137:opt_pmux$15956 $auto$opt_reduce.cc:137:opt_pmux$15972 }.
    No candidates found.

10.14. Executing OPT pass (performing simple optimizations).

10.14.1. Executing OPT_EXPR pass (perform const folding).
Optimizing module $paramod$d40569e2e5029e2dde4c9be19ab6c750b8104d07\uart_axi.
Optimizing module $paramod$d40569e2e5029e2dde4c9be19ab6c750b8104d07\uart_tx.
Optimizing module $paramod$d40569e2e5029e2dde4c9be19ab6c750b8104d07\uart_rx.
Optimizing module axi_decoder.
Optimizing module axi_lite_interconnect.
Optimizing module $paramod$5f39f8b646aa95582e6f088ce64c0e154e784a4a\picorv32.
<suppressed ~1 debug messages>
Optimizing module $paramod$edcaa0cfb453980d1e33a3c938c1a32918b9f1d7\rom.
Optimizing module $paramod\sram\MEM_DEPTH=s32'00000000000000000000000001000000.
Optimizing module top.

10.14.2. Executing OPT_MERGE pass (detect identical cells).
Finding identical cells in module `$paramod$d40569e2e5029e2dde4c9be19ab6c750b8104d07\uart_axi'.
Computing hashes of 59 cells of `$paramod$d40569e2e5029e2dde4c9be19ab6c750b8104d07\uart_axi'.
Finding duplicate cells in `$paramod$d40569e2e5029e2dde4c9be19ab6c750b8104d07\uart_axi'.
Finding identical cells in module `$paramod$d40569e2e5029e2dde4c9be19ab6c750b8104d07\uart_tx'.
Computing hashes of 49 cells of `$paramod$d40569e2e5029e2dde4c9be19ab6c750b8104d07\uart_tx'.
Finding duplicate cells in `$paramod$d40569e2e5029e2dde4c9be19ab6c750b8104d07\uart_tx'.
Finding identical cells in module `$paramod$d40569e2e5029e2dde4c9be19ab6c750b8104d07\uart_rx'.
Computing hashes of 56 cells of `$paramod$d40569e2e5029e2dde4c9be19ab6c750b8104d07\uart_rx'.
Finding duplicate cells in `$paramod$d40569e2e5029e2dde4c9be19ab6c750b8104d07\uart_rx'.
Finding identical cells in module `\axi_decoder'.
Computing hashes of 3 cells of `\axi_decoder'.
Finding duplicate cells in `\axi_decoder'.
Finding identical cells in module `\axi_lite_interconnect'.
Computing hashes of 71 cells of `\axi_lite_interconnect'.
Finding duplicate cells in `\axi_lite_interconnect'.
Finding identical cells in module `$paramod$5f39f8b646aa95582e6f088ce64c0e154e784a4a\picorv32'.
Computing hashes of 596 cells of `$paramod$5f39f8b646aa95582e6f088ce64c0e154e784a4a\picorv32'.
Finding duplicate cells in `$paramod$5f39f8b646aa95582e6f088ce64c0e154e784a4a\picorv32'.
Finding identical cells in module `$paramod$edcaa0cfb453980d1e33a3c938c1a32918b9f1d7\rom'.
Computing hashes of 32 cells of `$paramod$edcaa0cfb453980d1e33a3c938c1a32918b9f1d7\rom'.
Finding duplicate cells in `$paramod$edcaa0cfb453980d1e33a3c938c1a32918b9f1d7\rom'.
Finding identical cells in module `$paramod\sram\MEM_DEPTH=s32'00000000000000000000000001000000'.
Computing hashes of 673 cells of `$paramod\sram\MEM_DEPTH=s32'00000000000000000000000001000000'.
Finding duplicate cells in `$paramod\sram\MEM_DEPTH=s32'00000000000000000000000001000000'.
Finding identical cells in module `\top'.
Computing hashes of 97 cells of `\top'.
Finding duplicate cells in `\top'.
Removed a total of 0 cells.

10.14.3. Executing OPT_MUXTREE pass (detect dead branches in mux trees).
Running muxtree optimizer on module $paramod$d40569e2e5029e2dde4c9be19ab6c750b8104d07\uart_axi..
  Creating internal representation of mux trees.
  Evaluating internal representation of mux trees.
  Analyzing evaluation results.
Running muxtree optimizer on module $paramod$d40569e2e5029e2dde4c9be19ab6c750b8104d07\uart_tx..
  Creating internal representation of mux trees.
  Evaluating internal representation of mux trees.
  Analyzing evaluation results.
Running muxtree optimizer on module $paramod$d40569e2e5029e2dde4c9be19ab6c750b8104d07\uart_rx..
  Creating internal representation of mux trees.
  Evaluating internal representation of mux trees.
  Analyzing evaluation results.
Running muxtree optimizer on module \axi_decoder..
  Creating internal representation of mux trees.
  Evaluating internal representation of mux trees.
  Analyzing evaluation results.
Running muxtree optimizer on module \axi_lite_interconnect..
  Creating internal representation of mux trees.
  Evaluating internal representation of mux trees.
  Analyzing evaluation results.
Running muxtree optimizer on module $paramod$5f39f8b646aa95582e6f088ce64c0e154e784a4a\picorv32..
  Creating internal representation of mux trees.
  Evaluating internal representation of mux trees.
  Analyzing evaluation results.
Running muxtree optimizer on module $paramod$edcaa0cfb453980d1e33a3c938c1a32918b9f1d7\rom..
  Creating internal representation of mux trees.
  Evaluating internal representation of mux trees.
  Analyzing evaluation results.
Running muxtree optimizer on module $paramod\sram\MEM_DEPTH=s32'00000000000000000000000001000000..
  Creating internal representation of mux trees.
  Evaluating internal representation of mux trees.
  Analyzing evaluation results.
Running muxtree optimizer on module \top..
  Creating internal representation of mux trees.
  Evaluating internal representation of mux trees.
  Analyzing evaluation results.
Removed 0 multiplexer ports.
<suppressed ~314 debug messages>

10.14.4. Executing OPT_REDUCE pass (consolidate $*mux and $reduce_* inputs).
  Optimizing cells in module $paramod$d40569e2e5029e2dde4c9be19ab6c750b8104d07\uart_axi.
  Optimizing cells in module $paramod$d40569e2e5029e2dde4c9be19ab6c750b8104d07\uart_tx.
  Optimizing cells in module $paramod$d40569e2e5029e2dde4c9be19ab6c750b8104d07\uart_rx.
  Optimizing cells in module \axi_decoder.
  Optimizing cells in module \axi_lite_interconnect.
  Optimizing cells in module $paramod$5f39f8b646aa95582e6f088ce64c0e154e784a4a\picorv32.
  Optimizing cells in module $paramod$edcaa0cfb453980d1e33a3c938c1a32918b9f1d7\rom.
  Optimizing cells in module $paramod\sram\MEM_DEPTH=s32'00000000000000000000000001000000.
  Optimizing cells in module \top.
Performed a total of 0 changes.

10.14.5. Executing OPT_MERGE pass (detect identical cells).
Finding identical cells in module `$paramod$d40569e2e5029e2dde4c9be19ab6c750b8104d07\uart_axi'.
Computing hashes of 59 cells of `$paramod$d40569e2e5029e2dde4c9be19ab6c750b8104d07\uart_axi'.
Finding duplicate cells in `$paramod$d40569e2e5029e2dde4c9be19ab6c750b8104d07\uart_axi'.
Finding identical cells in module `$paramod$d40569e2e5029e2dde4c9be19ab6c750b8104d07\uart_tx'.
Computing hashes of 49 cells of `$paramod$d40569e2e5029e2dde4c9be19ab6c750b8104d07\uart_tx'.
Finding duplicate cells in `$paramod$d40569e2e5029e2dde4c9be19ab6c750b8104d07\uart_tx'.
Finding identical cells in module `$paramod$d40569e2e5029e2dde4c9be19ab6c750b8104d07\uart_rx'.
Computing hashes of 56 cells of `$paramod$d40569e2e5029e2dde4c9be19ab6c750b8104d07\uart_rx'.
Finding duplicate cells in `$paramod$d40569e2e5029e2dde4c9be19ab6c750b8104d07\uart_rx'.
Finding identical cells in module `\axi_decoder'.
Computing hashes of 3 cells of `\axi_decoder'.
Finding duplicate cells in `\axi_decoder'.
Finding identical cells in module `\axi_lite_interconnect'.
Computing hashes of 71 cells of `\axi_lite_interconnect'.
Finding duplicate cells in `\axi_lite_interconnect'.
Finding identical cells in module `$paramod$5f39f8b646aa95582e6f088ce64c0e154e784a4a\picorv32'.
Computing hashes of 596 cells of `$paramod$5f39f8b646aa95582e6f088ce64c0e154e784a4a\picorv32'.
Finding duplicate cells in `$paramod$5f39f8b646aa95582e6f088ce64c0e154e784a4a\picorv32'.
Finding identical cells in module `$paramod$edcaa0cfb453980d1e33a3c938c1a32918b9f1d7\rom'.
Computing hashes of 32 cells of `$paramod$edcaa0cfb453980d1e33a3c938c1a32918b9f1d7\rom'.
Finding duplicate cells in `$paramod$edcaa0cfb453980d1e33a3c938c1a32918b9f1d7\rom'.
Finding identical cells in module `$paramod\sram\MEM_DEPTH=s32'00000000000000000000000001000000'.
Computing hashes of 673 cells of `$paramod\sram\MEM_DEPTH=s32'00000000000000000000000001000000'.
Finding duplicate cells in `$paramod\sram\MEM_DEPTH=s32'00000000000000000000000001000000'.
Finding identical cells in module `\top'.
Computing hashes of 97 cells of `\top'.
Finding duplicate cells in `\top'.
Removed a total of 0 cells.

10.14.6. Executing OPT_DFF pass (perform DFF optimizations).
Setting constant 0-bit at position 9 on $auto$ff.cc:337:slice$16494 ($adffe) from module $paramod$d40569e2e5029e2dde4c9be19ab6c750b8104d07\uart_axi.
Setting constant 0-bit at position 10 on $auto$ff.cc:337:slice$16494 ($adffe) from module $paramod$d40569e2e5029e2dde4c9be19ab6c750b8104d07\uart_axi.
Setting constant 0-bit at position 11 on $auto$ff.cc:337:slice$16494 ($adffe) from module $paramod$d40569e2e5029e2dde4c9be19ab6c750b8104d07\uart_axi.
Setting constant 0-bit at position 12 on $auto$ff.cc:337:slice$16494 ($adffe) from module $paramod$d40569e2e5029e2dde4c9be19ab6c750b8104d07\uart_axi.
Setting constant 0-bit at position 13 on $auto$ff.cc:337:slice$16494 ($adffe) from module $paramod$d40569e2e5029e2dde4c9be19ab6c750b8104d07\uart_axi.
Setting constant 0-bit at position 14 on $auto$ff.cc:337:slice$16494 ($adffe) from module $paramod$d40569e2e5029e2dde4c9be19ab6c750b8104d07\uart_axi.
Setting constant 0-bit at position 15 on $auto$ff.cc:337:slice$16494 ($adffe) from module $paramod$d40569e2e5029e2dde4c9be19ab6c750b8104d07\uart_axi.
Setting constant 0-bit at position 16 on $auto$ff.cc:337:slice$16494 ($adffe) from module $paramod$d40569e2e5029e2dde4c9be19ab6c750b8104d07\uart_axi.
Setting constant 0-bit at position 17 on $auto$ff.cc:337:slice$16494 ($adffe) from module $paramod$d40569e2e5029e2dde4c9be19ab6c750b8104d07\uart_axi.
Setting constant 0-bit at position 18 on $auto$ff.cc:337:slice$16494 ($adffe) from module $paramod$d40569e2e5029e2dde4c9be19ab6c750b8104d07\uart_axi.
Setting constant 0-bit at position 19 on $auto$ff.cc:337:slice$16494 ($adffe) from module $paramod$d40569e2e5029e2dde4c9be19ab6c750b8104d07\uart_axi.
Setting constant 0-bit at position 20 on $auto$ff.cc:337:slice$16494 ($adffe) from module $paramod$d40569e2e5029e2dde4c9be19ab6c750b8104d07\uart_axi.
Setting constant 0-bit at position 21 on $auto$ff.cc:337:slice$16494 ($adffe) from module $paramod$d40569e2e5029e2dde4c9be19ab6c750b8104d07\uart_axi.
Setting constant 0-bit at position 22 on $auto$ff.cc:337:slice$16494 ($adffe) from module $paramod$d40569e2e5029e2dde4c9be19ab6c750b8104d07\uart_axi.
Setting constant 0-bit at position 23 on $auto$ff.cc:337:slice$16494 ($adffe) from module $paramod$d40569e2e5029e2dde4c9be19ab6c750b8104d07\uart_axi.
Setting constant 0-bit at position 24 on $auto$ff.cc:337:slice$16494 ($adffe) from module $paramod$d40569e2e5029e2dde4c9be19ab6c750b8104d07\uart_axi.
Setting constant 0-bit at position 25 on $auto$ff.cc:337:slice$16494 ($adffe) from module $paramod$d40569e2e5029e2dde4c9be19ab6c750b8104d07\uart_axi.
Setting constant 0-bit at position 26 on $auto$ff.cc:337:slice$16494 ($adffe) from module $paramod$d40569e2e5029e2dde4c9be19ab6c750b8104d07\uart_axi.
Setting constant 0-bit at position 27 on $auto$ff.cc:337:slice$16494 ($adffe) from module $paramod$d40569e2e5029e2dde4c9be19ab6c750b8104d07\uart_axi.
Setting constant 0-bit at position 28 on $auto$ff.cc:337:slice$16494 ($adffe) from module $paramod$d40569e2e5029e2dde4c9be19ab6c750b8104d07\uart_axi.
Setting constant 0-bit at position 29 on $auto$ff.cc:337:slice$16494 ($adffe) from module $paramod$d40569e2e5029e2dde4c9be19ab6c750b8104d07\uart_axi.
Setting constant 0-bit at position 30 on $auto$ff.cc:337:slice$16494 ($adffe) from module $paramod$d40569e2e5029e2dde4c9be19ab6c750b8104d07\uart_axi.
Setting constant 0-bit at position 31 on $auto$ff.cc:337:slice$16494 ($adffe) from module $paramod$d40569e2e5029e2dde4c9be19ab6c750b8104d07\uart_axi.

10.14.7. Executing OPT_CLEAN pass (remove unused cells and wires).
Finding unused cells or wires in module $paramod$d40569e2e5029e2dde4c9be19ab6c750b8104d07\uart_axi..
Finding unused cells or wires in module $paramod$d40569e2e5029e2dde4c9be19ab6c750b8104d07\uart_tx..
Finding unused cells or wires in module $paramod$d40569e2e5029e2dde4c9be19ab6c750b8104d07\uart_rx..
Finding unused cells or wires in module \axi_decoder..
Finding unused cells or wires in module \axi_lite_interconnect..
Finding unused cells or wires in module $paramod$5f39f8b646aa95582e6f088ce64c0e154e784a4a\picorv32..
Finding unused cells or wires in module $paramod$edcaa0cfb453980d1e33a3c938c1a32918b9f1d7\rom..
Finding unused cells or wires in module $paramod\sram\MEM_DEPTH=s32'00000000000000000000000001000000..
Finding unused cells or wires in module \top..
Removed 0 unused cells and 5 unused wires.
<suppressed ~1 debug messages>

10.14.8. Executing OPT_EXPR pass (perform const folding).
Optimizing module $paramod$d40569e2e5029e2dde4c9be19ab6c750b8104d07\uart_axi.
Optimizing module $paramod$d40569e2e5029e2dde4c9be19ab6c750b8104d07\uart_tx.
Optimizing module $paramod$d40569e2e5029e2dde4c9be19ab6c750b8104d07\uart_rx.
Optimizing module axi_decoder.
Optimizing module axi_lite_interconnect.
Optimizing module $paramod$5f39f8b646aa95582e6f088ce64c0e154e784a4a\picorv32.
Optimizing module $paramod$edcaa0cfb453980d1e33a3c938c1a32918b9f1d7\rom.
Optimizing module $paramod\sram\MEM_DEPTH=s32'00000000000000000000000001000000.
Optimizing module top.

10.14.9. Rerunning OPT passes. (Maybe there is more to do..)

10.14.10. Executing OPT_MUXTREE pass (detect dead branches in mux trees).
Running muxtree optimizer on module $paramod$d40569e2e5029e2dde4c9be19ab6c750b8104d07\uart_axi..
  Creating internal representation of mux trees.
  Evaluating internal representation of mux trees.
  Analyzing evaluation results.
Running muxtree optimizer on module $paramod$d40569e2e5029e2dde4c9be19ab6c750b8104d07\uart_tx..
  Creating internal representation of mux trees.
  Evaluating internal representation of mux trees.
  Analyzing evaluation results.
Running muxtree optimizer on module $paramod$d40569e2e5029e2dde4c9be19ab6c750b8104d07\uart_rx..
  Creating internal representation of mux trees.
  Evaluating internal representation of mux trees.
  Analyzing evaluation results.
Running muxtree optimizer on module \axi_decoder..
  Creating internal representation of mux trees.
  Evaluating internal representation of mux trees.
  Analyzing evaluation results.
Running muxtree optimizer on module \axi_lite_interconnect..
  Creating internal representation of mux trees.
  Evaluating internal representation of mux trees.
  Analyzing evaluation results.
Running muxtree optimizer on module $paramod$5f39f8b646aa95582e6f088ce64c0e154e784a4a\picorv32..
  Creating internal representation of mux trees.
  Evaluating internal representation of mux trees.
  Analyzing evaluation results.
Running muxtree optimizer on module $paramod$edcaa0cfb453980d1e33a3c938c1a32918b9f1d7\rom..
  Creating internal representation of mux trees.
  Evaluating internal representation of mux trees.
  Analyzing evaluation results.
Running muxtree optimizer on module $paramod\sram\MEM_DEPTH=s32'00000000000000000000000001000000..
  Creating internal representation of mux trees.
  Evaluating internal representation of mux trees.
  Analyzing evaluation results.
Running muxtree optimizer on module \top..
  Creating internal representation of mux trees.
  Evaluating internal representation of mux trees.
  Analyzing evaluation results.
Removed 0 multiplexer ports.
<suppressed ~314 debug messages>

10.14.11. Executing OPT_REDUCE pass (consolidate $*mux and $reduce_* inputs).
  Optimizing cells in module $paramod$d40569e2e5029e2dde4c9be19ab6c750b8104d07\uart_axi.
  Optimizing cells in module $paramod$d40569e2e5029e2dde4c9be19ab6c750b8104d07\uart_tx.
  Optimizing cells in module $paramod$d40569e2e5029e2dde4c9be19ab6c750b8104d07\uart_rx.
  Optimizing cells in module \axi_decoder.
  Optimizing cells in module \axi_lite_interconnect.
  Optimizing cells in module $paramod$5f39f8b646aa95582e6f088ce64c0e154e784a4a\picorv32.
  Optimizing cells in module $paramod$edcaa0cfb453980d1e33a3c938c1a32918b9f1d7\rom.
  Optimizing cells in module $paramod\sram\MEM_DEPTH=s32'00000000000000000000000001000000.
  Optimizing cells in module \top.
Performed a total of 0 changes.

10.14.12. Executing OPT_MERGE pass (detect identical cells).
Finding identical cells in module `$paramod$d40569e2e5029e2dde4c9be19ab6c750b8104d07\uart_axi'.
Computing hashes of 59 cells of `$paramod$d40569e2e5029e2dde4c9be19ab6c750b8104d07\uart_axi'.
Finding duplicate cells in `$paramod$d40569e2e5029e2dde4c9be19ab6c750b8104d07\uart_axi'.
Finding identical cells in module `$paramod$d40569e2e5029e2dde4c9be19ab6c750b8104d07\uart_tx'.
Computing hashes of 49 cells of `$paramod$d40569e2e5029e2dde4c9be19ab6c750b8104d07\uart_tx'.
Finding duplicate cells in `$paramod$d40569e2e5029e2dde4c9be19ab6c750b8104d07\uart_tx'.
Finding identical cells in module `$paramod$d40569e2e5029e2dde4c9be19ab6c750b8104d07\uart_rx'.
Computing hashes of 56 cells of `$paramod$d40569e2e5029e2dde4c9be19ab6c750b8104d07\uart_rx'.
Finding duplicate cells in `$paramod$d40569e2e5029e2dde4c9be19ab6c750b8104d07\uart_rx'.
Finding identical cells in module `\axi_decoder'.
Computing hashes of 3 cells of `\axi_decoder'.
Finding duplicate cells in `\axi_decoder'.
Finding identical cells in module `\axi_lite_interconnect'.
Computing hashes of 71 cells of `\axi_lite_interconnect'.
Finding duplicate cells in `\axi_lite_interconnect'.
Finding identical cells in module `$paramod$5f39f8b646aa95582e6f088ce64c0e154e784a4a\picorv32'.
Computing hashes of 596 cells of `$paramod$5f39f8b646aa95582e6f088ce64c0e154e784a4a\picorv32'.
Finding duplicate cells in `$paramod$5f39f8b646aa95582e6f088ce64c0e154e784a4a\picorv32'.
Finding identical cells in module `$paramod$edcaa0cfb453980d1e33a3c938c1a32918b9f1d7\rom'.
Computing hashes of 32 cells of `$paramod$edcaa0cfb453980d1e33a3c938c1a32918b9f1d7\rom'.
Finding duplicate cells in `$paramod$edcaa0cfb453980d1e33a3c938c1a32918b9f1d7\rom'.
Finding identical cells in module `$paramod\sram\MEM_DEPTH=s32'00000000000000000000000001000000'.
Computing hashes of 673 cells of `$paramod\sram\MEM_DEPTH=s32'00000000000000000000000001000000'.
Finding duplicate cells in `$paramod\sram\MEM_DEPTH=s32'00000000000000000000000001000000'.
Finding identical cells in module `\top'.
Computing hashes of 97 cells of `\top'.
Finding duplicate cells in `\top'.
Removed a total of 0 cells.

10.14.13. Executing OPT_DFF pass (perform DFF optimizations).

10.14.14. Executing OPT_CLEAN pass (remove unused cells and wires).
Finding unused cells or wires in module $paramod$d40569e2e5029e2dde4c9be19ab6c750b8104d07\uart_axi..
Finding unused cells or wires in module $paramod$d40569e2e5029e2dde4c9be19ab6c750b8104d07\uart_tx..
Finding unused cells or wires in module $paramod$d40569e2e5029e2dde4c9be19ab6c750b8104d07\uart_rx..
Finding unused cells or wires in module \axi_decoder..
Finding unused cells or wires in module \axi_lite_interconnect..
Finding unused cells or wires in module $paramod$5f39f8b646aa95582e6f088ce64c0e154e784a4a\picorv32..
Finding unused cells or wires in module $paramod$edcaa0cfb453980d1e33a3c938c1a32918b9f1d7\rom..
Finding unused cells or wires in module $paramod\sram\MEM_DEPTH=s32'00000000000000000000000001000000..
Finding unused cells or wires in module \top..

10.14.15. Executing OPT_EXPR pass (perform const folding).
Optimizing module $paramod$d40569e2e5029e2dde4c9be19ab6c750b8104d07\uart_axi.
Optimizing module $paramod$d40569e2e5029e2dde4c9be19ab6c750b8104d07\uart_tx.
Optimizing module $paramod$d40569e2e5029e2dde4c9be19ab6c750b8104d07\uart_rx.
Optimizing module axi_decoder.
Optimizing module axi_lite_interconnect.
Optimizing module $paramod$5f39f8b646aa95582e6f088ce64c0e154e784a4a\picorv32.
Optimizing module $paramod$edcaa0cfb453980d1e33a3c938c1a32918b9f1d7\rom.
Optimizing module $paramod\sram\MEM_DEPTH=s32'00000000000000000000000001000000.
Optimizing module top.

10.14.16. Finished fast OPT passes. (There is nothing left to do.)

10.15. Executing MEMORY pass.

10.15.1. Executing OPT_MEM pass (optimize memories).
Performed a total of 0 transformations.

10.15.2. Executing OPT_MEM_PRIORITY pass (removing unnecessary memory write priority relations).
Performed a total of 0 transformations.

10.15.3. Executing OPT_MEM_FEEDBACK pass (finding memory read-to-write feedback paths).
  Analyzing $paramod$5f39f8b646aa95582e6f088ce64c0e154e784a4a\picorv32.cpuregs write port 0.

10.15.4. Executing MEMORY_BMUX2ROM pass (converting muxes to ROMs).

10.15.5. Executing MEMORY_DFF pass (merging $dff cells to $memrd).
Checking read port `\cpuregs'[0] in module `$paramod$5f39f8b646aa95582e6f088ce64c0e154e784a4a\picorv32': no output FF found.
Checking read port `\cpuregs'[1] in module `$paramod$5f39f8b646aa95582e6f088ce64c0e154e784a4a\picorv32': no output FF found.
Checking read port address `\cpuregs'[0] in module `$paramod$5f39f8b646aa95582e6f088ce64c0e154e784a4a\picorv32': merged address FF to cell.
Checking read port address `\cpuregs'[1] in module `$paramod$5f39f8b646aa95582e6f088ce64c0e154e784a4a\picorv32': merged address FF to cell.
Checking read port `$auto$proc_rom.cc:155:do_switch$1897'[0] in module `$paramod$edcaa0cfb453980d1e33a3c938c1a32918b9f1d7\rom': FF found, but with a mux select that doesn't seem to correspond to transparency logic.
Checking read port address `$auto$proc_rom.cc:155:do_switch$1897'[0] in module `$paramod$edcaa0cfb453980d1e33a3c938c1a32918b9f1d7\rom': no address FF found.

10.15.6. Executing OPT_CLEAN pass (remove unused cells and wires).
Finding unused cells or wires in module $paramod$d40569e2e5029e2dde4c9be19ab6c750b8104d07\uart_axi..
Finding unused cells or wires in module $paramod$d40569e2e5029e2dde4c9be19ab6c750b8104d07\uart_tx..
Finding unused cells or wires in module $paramod$d40569e2e5029e2dde4c9be19ab6c750b8104d07\uart_rx..
Finding unused cells or wires in module \axi_decoder..
Finding unused cells or wires in module \axi_lite_interconnect..
Finding unused cells or wires in module $paramod$5f39f8b646aa95582e6f088ce64c0e154e784a4a\picorv32..
Finding unused cells or wires in module $paramod$edcaa0cfb453980d1e33a3c938c1a32918b9f1d7\rom..
Finding unused cells or wires in module $paramod\sram\MEM_DEPTH=s32'00000000000000000000000001000000..
Finding unused cells or wires in module \top..

10.15.7. Executing MEMORY_SHARE pass (consolidating $memrd/$memwr cells).
Consolidating read ports of memory $paramod$5f39f8b646aa95582e6f088ce64c0e154e784a4a\picorv32.cpuregs by address:

10.15.8. Executing OPT_MEM_WIDEN pass (optimize memories where all ports are wide).
Performed a total of 0 transformations.

10.15.9. Executing OPT_CLEAN pass (remove unused cells and wires).
Finding unused cells or wires in module $paramod$d40569e2e5029e2dde4c9be19ab6c750b8104d07\uart_axi..
Finding unused cells or wires in module $paramod$d40569e2e5029e2dde4c9be19ab6c750b8104d07\uart_tx..
Finding unused cells or wires in module $paramod$d40569e2e5029e2dde4c9be19ab6c750b8104d07\uart_rx..
Finding unused cells or wires in module \axi_decoder..
Finding unused cells or wires in module \axi_lite_interconnect..
Finding unused cells or wires in module $paramod$5f39f8b646aa95582e6f088ce64c0e154e784a4a\picorv32..
Finding unused cells or wires in module $paramod$edcaa0cfb453980d1e33a3c938c1a32918b9f1d7\rom..
Finding unused cells or wires in module $paramod\sram\MEM_DEPTH=s32'00000000000000000000000001000000..
Finding unused cells or wires in module \top..

10.15.10. Executing MEMORY_COLLECT pass (generating $mem cells).

10.16. Executing OPT_CLEAN pass (remove unused cells and wires).
Finding unused cells or wires in module $paramod$d40569e2e5029e2dde4c9be19ab6c750b8104d07\uart_axi..
Finding unused cells or wires in module $paramod$d40569e2e5029e2dde4c9be19ab6c750b8104d07\uart_tx..
Finding unused cells or wires in module $paramod$d40569e2e5029e2dde4c9be19ab6c750b8104d07\uart_rx..
Finding unused cells or wires in module \axi_decoder..
Finding unused cells or wires in module \axi_lite_interconnect..
Finding unused cells or wires in module $paramod$5f39f8b646aa95582e6f088ce64c0e154e784a4a\picorv32..
Finding unused cells or wires in module $paramod$edcaa0cfb453980d1e33a3c938c1a32918b9f1d7\rom..
Finding unused cells or wires in module $paramod\sram\MEM_DEPTH=s32'00000000000000000000000001000000..
Finding unused cells or wires in module \top..

10.17. Executing OPT pass (performing simple optimizations).

10.17.1. Executing OPT_EXPR pass (perform const folding).
Optimizing module $paramod$d40569e2e5029e2dde4c9be19ab6c750b8104d07\uart_axi.
<suppressed ~9 debug messages>
Optimizing module $paramod$d40569e2e5029e2dde4c9be19ab6c750b8104d07\uart_tx.
<suppressed ~10 debug messages>
Optimizing module $paramod$d40569e2e5029e2dde4c9be19ab6c750b8104d07\uart_rx.
<suppressed ~9 debug messages>
Optimizing module axi_decoder.
Optimizing module axi_lite_interconnect.
<suppressed ~2 debug messages>
Optimizing module $paramod$5f39f8b646aa95582e6f088ce64c0e154e784a4a\picorv32.
<suppressed ~99 debug messages>
Optimizing module $paramod$edcaa0cfb453980d1e33a3c938c1a32918b9f1d7\rom.
<suppressed ~4 debug messages>
Optimizing module $paramod\sram\MEM_DEPTH=s32'00000000000000000000000001000000.
<suppressed ~5 debug messages>
Optimizing module top.
<suppressed ~19 debug messages>

10.17.2. Executing OPT_MERGE pass (detect identical cells).
Finding identical cells in module `$paramod$d40569e2e5029e2dde4c9be19ab6c750b8104d07\uart_axi'.
Computing hashes of 51 cells of `$paramod$d40569e2e5029e2dde4c9be19ab6c750b8104d07\uart_axi'.
Finding duplicate cells in `$paramod$d40569e2e5029e2dde4c9be19ab6c750b8104d07\uart_axi'.
Computing hashes of 50 cells of `$paramod$d40569e2e5029e2dde4c9be19ab6c750b8104d07\uart_axi'.
Finding duplicate cells in `$paramod$d40569e2e5029e2dde4c9be19ab6c750b8104d07\uart_axi'.
<suppressed ~3 debug messages>
Finding identical cells in module `$paramod$d40569e2e5029e2dde4c9be19ab6c750b8104d07\uart_tx'.
Computing hashes of 43 cells of `$paramod$d40569e2e5029e2dde4c9be19ab6c750b8104d07\uart_tx'.
Finding duplicate cells in `$paramod$d40569e2e5029e2dde4c9be19ab6c750b8104d07\uart_tx'.
Finding identical cells in module `$paramod$d40569e2e5029e2dde4c9be19ab6c750b8104d07\uart_rx'.
Computing hashes of 51 cells of `$paramod$d40569e2e5029e2dde4c9be19ab6c750b8104d07\uart_rx'.
Finding duplicate cells in `$paramod$d40569e2e5029e2dde4c9be19ab6c750b8104d07\uart_rx'.
Finding identical cells in module `\axi_decoder'.
Computing hashes of 3 cells of `\axi_decoder'.
Finding duplicate cells in `\axi_decoder'.
Finding identical cells in module `\axi_lite_interconnect'.
Computing hashes of 69 cells of `\axi_lite_interconnect'.
Finding duplicate cells in `\axi_lite_interconnect'.
Finding identical cells in module `$paramod$5f39f8b646aa95582e6f088ce64c0e154e784a4a\picorv32'.
Computing hashes of 554 cells of `$paramod$5f39f8b646aa95582e6f088ce64c0e154e784a4a\picorv32'.
Finding duplicate cells in `$paramod$5f39f8b646aa95582e6f088ce64c0e154e784a4a\picorv32'.
Finding identical cells in module `$paramod$edcaa0cfb453980d1e33a3c938c1a32918b9f1d7\rom'.
Computing hashes of 27 cells of `$paramod$edcaa0cfb453980d1e33a3c938c1a32918b9f1d7\rom'.
Finding duplicate cells in `$paramod$edcaa0cfb453980d1e33a3c938c1a32918b9f1d7\rom'.
Computing hashes of 26 cells of `$paramod$edcaa0cfb453980d1e33a3c938c1a32918b9f1d7\rom'.
Finding duplicate cells in `$paramod$edcaa0cfb453980d1e33a3c938c1a32918b9f1d7\rom'.
<suppressed ~3 debug messages>
Finding identical cells in module `$paramod\sram\MEM_DEPTH=s32'00000000000000000000000001000000'.
Computing hashes of 669 cells of `$paramod\sram\MEM_DEPTH=s32'00000000000000000000000001000000'.
Finding duplicate cells in `$paramod\sram\MEM_DEPTH=s32'00000000000000000000000001000000'.
Computing hashes of 668 cells of `$paramod\sram\MEM_DEPTH=s32'00000000000000000000000001000000'.
Finding duplicate cells in `$paramod\sram\MEM_DEPTH=s32'00000000000000000000000001000000'.
<suppressed ~3 debug messages>
Finding identical cells in module `\top'.
Computing hashes of 85 cells of `\top'.
Finding duplicate cells in `\top'.
Computing hashes of 83 cells of `\top'.
Finding duplicate cells in `\top'.
<suppressed ~6 debug messages>
Removed a total of 5 cells.

10.17.3. Executing OPT_DFF pass (perform DFF optimizations).
Adding SRST signal on $auto$ff.cc:337:slice$16569 ($dffe) from module $paramod$5f39f8b646aa95582e6f088ce64c0e154e784a4a\picorv32 (D = $procmux$4511_Y, Q = \mem_state, rval = 2'00).
Adding SRST signal on $auto$ff.cc:337:slice$16595 ($dffe) from module $paramod$5f39f8b646aa95582e6f088ce64c0e154e784a4a\picorv32 (D = $procmux$4569_Y, Q = \mem_valid, rval = 1'0).

10.17.4. Executing OPT_CLEAN pass (remove unused cells and wires).
Finding unused cells or wires in module $paramod$d40569e2e5029e2dde4c9be19ab6c750b8104d07\uart_axi..
Finding unused cells or wires in module $paramod$d40569e2e5029e2dde4c9be19ab6c750b8104d07\uart_tx..
Finding unused cells or wires in module $paramod$d40569e2e5029e2dde4c9be19ab6c750b8104d07\uart_rx..
Finding unused cells or wires in module \axi_decoder..
Finding unused cells or wires in module \axi_lite_interconnect..
Finding unused cells or wires in module $paramod$5f39f8b646aa95582e6f088ce64c0e154e784a4a\picorv32..
Finding unused cells or wires in module $paramod$edcaa0cfb453980d1e33a3c938c1a32918b9f1d7\rom..
Finding unused cells or wires in module $paramod\sram\MEM_DEPTH=s32'00000000000000000000000001000000..
Finding unused cells or wires in module \top..
Removed 15 unused cells and 107 unused wires.
<suppressed ~26 debug messages>

10.17.5. Rerunning OPT passes. (Removed registers in this run.)

10.17.6. Executing OPT_EXPR pass (perform const folding).
Optimizing module $paramod$d40569e2e5029e2dde4c9be19ab6c750b8104d07\uart_axi.
<suppressed ~4 debug messages>
Optimizing module $paramod$d40569e2e5029e2dde4c9be19ab6c750b8104d07\uart_tx.
Optimizing module $paramod$d40569e2e5029e2dde4c9be19ab6c750b8104d07\uart_rx.
Optimizing module axi_decoder.
Optimizing module axi_lite_interconnect.
<suppressed ~2 debug messages>
Optimizing module $paramod$5f39f8b646aa95582e6f088ce64c0e154e784a4a\picorv32.
<suppressed ~1 debug messages>
Optimizing module $paramod$edcaa0cfb453980d1e33a3c938c1a32918b9f1d7\rom.
<suppressed ~3 debug messages>
Optimizing module $paramod\sram\MEM_DEPTH=s32'00000000000000000000000001000000.
<suppressed ~3 debug messages>
Optimizing module top.
<suppressed ~3 debug messages>

10.17.7. Executing OPT_MERGE pass (detect identical cells).
Finding identical cells in module `$paramod$d40569e2e5029e2dde4c9be19ab6c750b8104d07\uart_axi'.
Computing hashes of 50 cells of `$paramod$d40569e2e5029e2dde4c9be19ab6c750b8104d07\uart_axi'.
Finding duplicate cells in `$paramod$d40569e2e5029e2dde4c9be19ab6c750b8104d07\uart_axi'.
Finding identical cells in module `$paramod$d40569e2e5029e2dde4c9be19ab6c750b8104d07\uart_tx'.
Computing hashes of 43 cells of `$paramod$d40569e2e5029e2dde4c9be19ab6c750b8104d07\uart_tx'.
Finding duplicate cells in `$paramod$d40569e2e5029e2dde4c9be19ab6c750b8104d07\uart_tx'.
Finding identical cells in module `$paramod$d40569e2e5029e2dde4c9be19ab6c750b8104d07\uart_rx'.
Computing hashes of 51 cells of `$paramod$d40569e2e5029e2dde4c9be19ab6c750b8104d07\uart_rx'.
Finding duplicate cells in `$paramod$d40569e2e5029e2dde4c9be19ab6c750b8104d07\uart_rx'.
Finding identical cells in module `\axi_decoder'.
Computing hashes of 3 cells of `\axi_decoder'.
Finding duplicate cells in `\axi_decoder'.
Finding identical cells in module `\axi_lite_interconnect'.
Computing hashes of 69 cells of `\axi_lite_interconnect'.
Finding duplicate cells in `\axi_lite_interconnect'.
Finding identical cells in module `$paramod$5f39f8b646aa95582e6f088ce64c0e154e784a4a\picorv32'.
Computing hashes of 540 cells of `$paramod$5f39f8b646aa95582e6f088ce64c0e154e784a4a\picorv32'.
Finding duplicate cells in `$paramod$5f39f8b646aa95582e6f088ce64c0e154e784a4a\picorv32'.
Finding identical cells in module `$paramod$edcaa0cfb453980d1e33a3c938c1a32918b9f1d7\rom'.
Computing hashes of 26 cells of `$paramod$edcaa0cfb453980d1e33a3c938c1a32918b9f1d7\rom'.
Finding duplicate cells in `$paramod$edcaa0cfb453980d1e33a3c938c1a32918b9f1d7\rom'.
Finding identical cells in module `$paramod\sram\MEM_DEPTH=s32'00000000000000000000000001000000'.
Computing hashes of 667 cells of `$paramod\sram\MEM_DEPTH=s32'00000000000000000000000001000000'.
Finding duplicate cells in `$paramod\sram\MEM_DEPTH=s32'00000000000000000000000001000000'.
Finding identical cells in module `\top'.
Computing hashes of 83 cells of `\top'.
Finding duplicate cells in `\top'.
Removed a total of 0 cells.

10.17.8. Executing OPT_DFF pass (perform DFF optimizations).
Adding EN signal on $procdff$15408 ($dff) from module $paramod$5f39f8b646aa95582e6f088ce64c0e154e784a4a\picorv32 (D = $0\reg_sh[4:0] [1:0], Q = \reg_sh [1:0]).

10.17.9. Executing OPT_CLEAN pass (remove unused cells and wires).
Finding unused cells or wires in module $paramod$d40569e2e5029e2dde4c9be19ab6c750b8104d07\uart_axi..
Finding unused cells or wires in module $paramod$d40569e2e5029e2dde4c9be19ab6c750b8104d07\uart_tx..
Finding unused cells or wires in module $paramod$d40569e2e5029e2dde4c9be19ab6c750b8104d07\uart_rx..
Finding unused cells or wires in module \axi_decoder..
Finding unused cells or wires in module \axi_lite_interconnect..
Finding unused cells or wires in module $paramod$5f39f8b646aa95582e6f088ce64c0e154e784a4a\picorv32..
Finding unused cells or wires in module $paramod$edcaa0cfb453980d1e33a3c938c1a32918b9f1d7\rom..
Finding unused cells or wires in module $paramod\sram\MEM_DEPTH=s32'00000000000000000000000001000000..
Finding unused cells or wires in module \top..

10.17.10. Rerunning OPT passes. (Removed registers in this run.)

10.17.11. Executing OPT_EXPR pass (perform const folding).
Optimizing module $paramod$d40569e2e5029e2dde4c9be19ab6c750b8104d07\uart_axi.
Optimizing module $paramod$d40569e2e5029e2dde4c9be19ab6c750b8104d07\uart_tx.
Optimizing module $paramod$d40569e2e5029e2dde4c9be19ab6c750b8104d07\uart_rx.
Optimizing module axi_decoder.
Optimizing module axi_lite_interconnect.
Optimizing module $paramod$5f39f8b646aa95582e6f088ce64c0e154e784a4a\picorv32.
Optimizing module $paramod$edcaa0cfb453980d1e33a3c938c1a32918b9f1d7\rom.
Optimizing module $paramod\sram\MEM_DEPTH=s32'00000000000000000000000001000000.
Optimizing module top.

10.17.12. Executing OPT_MERGE pass (detect identical cells).
Finding identical cells in module `$paramod$d40569e2e5029e2dde4c9be19ab6c750b8104d07\uart_axi'.
Computing hashes of 50 cells of `$paramod$d40569e2e5029e2dde4c9be19ab6c750b8104d07\uart_axi'.
Finding duplicate cells in `$paramod$d40569e2e5029e2dde4c9be19ab6c750b8104d07\uart_axi'.
Finding identical cells in module `$paramod$d40569e2e5029e2dde4c9be19ab6c750b8104d07\uart_tx'.
Computing hashes of 43 cells of `$paramod$d40569e2e5029e2dde4c9be19ab6c750b8104d07\uart_tx'.
Finding duplicate cells in `$paramod$d40569e2e5029e2dde4c9be19ab6c750b8104d07\uart_tx'.
Finding identical cells in module `$paramod$d40569e2e5029e2dde4c9be19ab6c750b8104d07\uart_rx'.
Computing hashes of 51 cells of `$paramod$d40569e2e5029e2dde4c9be19ab6c750b8104d07\uart_rx'.
Finding duplicate cells in `$paramod$d40569e2e5029e2dde4c9be19ab6c750b8104d07\uart_rx'.
Finding identical cells in module `\axi_decoder'.
Computing hashes of 3 cells of `\axi_decoder'.
Finding duplicate cells in `\axi_decoder'.
Finding identical cells in module `\axi_lite_interconnect'.
Computing hashes of 69 cells of `\axi_lite_interconnect'.
Finding duplicate cells in `\axi_lite_interconnect'.
Finding identical cells in module `$paramod$5f39f8b646aa95582e6f088ce64c0e154e784a4a\picorv32'.
Computing hashes of 542 cells of `$paramod$5f39f8b646aa95582e6f088ce64c0e154e784a4a\picorv32'.
Finding duplicate cells in `$paramod$5f39f8b646aa95582e6f088ce64c0e154e784a4a\picorv32'.
Finding identical cells in module `$paramod$edcaa0cfb453980d1e33a3c938c1a32918b9f1d7\rom'.
Computing hashes of 26 cells of `$paramod$edcaa0cfb453980d1e33a3c938c1a32918b9f1d7\rom'.
Finding duplicate cells in `$paramod$edcaa0cfb453980d1e33a3c938c1a32918b9f1d7\rom'.
Finding identical cells in module `$paramod\sram\MEM_DEPTH=s32'00000000000000000000000001000000'.
Computing hashes of 667 cells of `$paramod\sram\MEM_DEPTH=s32'00000000000000000000000001000000'.
Finding duplicate cells in `$paramod\sram\MEM_DEPTH=s32'00000000000000000000000001000000'.
Finding identical cells in module `\top'.
Computing hashes of 83 cells of `\top'.
Finding duplicate cells in `\top'.
Removed a total of 0 cells.

10.17.13. Executing OPT_DFF pass (perform DFF optimizations).

10.17.14. Executing OPT_CLEAN pass (remove unused cells and wires).
Finding unused cells or wires in module $paramod$d40569e2e5029e2dde4c9be19ab6c750b8104d07\uart_axi..
Finding unused cells or wires in module $paramod$d40569e2e5029e2dde4c9be19ab6c750b8104d07\uart_tx..
Finding unused cells or wires in module $paramod$d40569e2e5029e2dde4c9be19ab6c750b8104d07\uart_rx..
Finding unused cells or wires in module \axi_decoder..
Finding unused cells or wires in module \axi_lite_interconnect..
Finding unused cells or wires in module $paramod$5f39f8b646aa95582e6f088ce64c0e154e784a4a\picorv32..
Finding unused cells or wires in module $paramod$edcaa0cfb453980d1e33a3c938c1a32918b9f1d7\rom..
Finding unused cells or wires in module $paramod\sram\MEM_DEPTH=s32'00000000000000000000000001000000..
Finding unused cells or wires in module \top..

10.17.15. Finished fast OPT passes.

10.18. Executing MEMORY_MAP pass (converting memories to logic and flip-flops).
Mapping memory \cpuregs in module $paramod$5f39f8b646aa95582e6f088ce64c0e154e784a4a\picorv32:
  created 32 $dff cells and 0 static cells of width 32.
Extracted addr FF from read port 0 of $paramod$5f39f8b646aa95582e6f088ce64c0e154e784a4a\picorv32.cpuregs: $\cpuregs$rdreg[0]
Extracted addr FF from read port 1 of $paramod$5f39f8b646aa95582e6f088ce64c0e154e784a4a\picorv32.cpuregs: $\cpuregs$rdreg[1]
  read interface: 2 $dff and 62 $mux cells.
  write interface: 32 write mux blocks.
Mapping memory $auto$proc_rom.cc:155:do_switch$1897 in module $paramod$edcaa0cfb453980d1e33a3c938c1a32918b9f1d7\rom:
  created 64 $dff cells and 0 static cells of width 32.
  read interface: 0 $dff and 63 $mux cells.
  write interface: 0 write mux blocks.

10.19. Executing OPT pass (performing simple optimizations).

10.19.1. Executing OPT_EXPR pass (perform const folding).
Optimizing module $paramod$d40569e2e5029e2dde4c9be19ab6c750b8104d07\uart_axi.
Optimizing module $paramod$d40569e2e5029e2dde4c9be19ab6c750b8104d07\uart_tx.
Optimizing module $paramod$d40569e2e5029e2dde4c9be19ab6c750b8104d07\uart_rx.
Optimizing module axi_decoder.
Optimizing module axi_lite_interconnect.
Optimizing module $paramod$5f39f8b646aa95582e6f088ce64c0e154e784a4a\picorv32.
<suppressed ~10 debug messages>
Optimizing module $paramod$edcaa0cfb453980d1e33a3c938c1a32918b9f1d7\rom.
<suppressed ~19 debug messages>
Optimizing module $paramod\sram\MEM_DEPTH=s32'00000000000000000000000001000000.
Optimizing module top.

10.19.2. Executing OPT_MERGE pass (detect identical cells).
Finding identical cells in module `$paramod$d40569e2e5029e2dde4c9be19ab6c750b8104d07\uart_axi'.
Computing hashes of 50 cells of `$paramod$d40569e2e5029e2dde4c9be19ab6c750b8104d07\uart_axi'.
Finding duplicate cells in `$paramod$d40569e2e5029e2dde4c9be19ab6c750b8104d07\uart_axi'.
Finding identical cells in module `$paramod$d40569e2e5029e2dde4c9be19ab6c750b8104d07\uart_tx'.
Computing hashes of 43 cells of `$paramod$d40569e2e5029e2dde4c9be19ab6c750b8104d07\uart_tx'.
Finding duplicate cells in `$paramod$d40569e2e5029e2dde4c9be19ab6c750b8104d07\uart_tx'.
Finding identical cells in module `$paramod$d40569e2e5029e2dde4c9be19ab6c750b8104d07\uart_rx'.
Computing hashes of 51 cells of `$paramod$d40569e2e5029e2dde4c9be19ab6c750b8104d07\uart_rx'.
Finding duplicate cells in `$paramod$d40569e2e5029e2dde4c9be19ab6c750b8104d07\uart_rx'.
Finding identical cells in module `\axi_decoder'.
Computing hashes of 3 cells of `\axi_decoder'.
Finding duplicate cells in `\axi_decoder'.
Finding identical cells in module `\axi_lite_interconnect'.
Computing hashes of 69 cells of `\axi_lite_interconnect'.
Finding duplicate cells in `\axi_lite_interconnect'.
Finding identical cells in module `$paramod$5f39f8b646aa95582e6f088ce64c0e154e784a4a\picorv32'.
Computing hashes of 754 cells of `$paramod$5f39f8b646aa95582e6f088ce64c0e154e784a4a\picorv32'.
Finding duplicate cells in `$paramod$5f39f8b646aa95582e6f088ce64c0e154e784a4a\picorv32'.
Finding identical cells in module `$paramod$edcaa0cfb453980d1e33a3c938c1a32918b9f1d7\rom'.
Computing hashes of 69 cells of `$paramod$edcaa0cfb453980d1e33a3c938c1a32918b9f1d7\rom'.
Finding duplicate cells in `$paramod$edcaa0cfb453980d1e33a3c938c1a32918b9f1d7\rom'.
Finding identical cells in module `$paramod\sram\MEM_DEPTH=s32'00000000000000000000000001000000'.
Computing hashes of 667 cells of `$paramod\sram\MEM_DEPTH=s32'00000000000000000000000001000000'.
Finding duplicate cells in `$paramod\sram\MEM_DEPTH=s32'00000000000000000000000001000000'.
Finding identical cells in module `\top'.
Computing hashes of 83 cells of `\top'.
Finding duplicate cells in `\top'.
Removed a total of 0 cells.

10.19.3. Executing OPT_MUXTREE pass (detect dead branches in mux trees).
Running muxtree optimizer on module $paramod$d40569e2e5029e2dde4c9be19ab6c750b8104d07\uart_axi..
  Creating internal representation of mux trees.
  Evaluating internal representation of mux trees.
  Analyzing evaluation results.
Running muxtree optimizer on module $paramod$d40569e2e5029e2dde4c9be19ab6c750b8104d07\uart_tx..
  Creating internal representation of mux trees.
  Evaluating internal representation of mux trees.
  Analyzing evaluation results.
Running muxtree optimizer on module $paramod$d40569e2e5029e2dde4c9be19ab6c750b8104d07\uart_rx..
  Creating internal representation of mux trees.
  Evaluating internal representation of mux trees.
  Analyzing evaluation results.
Running muxtree optimizer on module \axi_decoder..
  Creating internal representation of mux trees.
  Evaluating internal representation of mux trees.
  Analyzing evaluation results.
Running muxtree optimizer on module \axi_lite_interconnect..
  Creating internal representation of mux trees.
  Evaluating internal representation of mux trees.
  Analyzing evaluation results.
Running muxtree optimizer on module $paramod$5f39f8b646aa95582e6f088ce64c0e154e784a4a\picorv32..
  Creating internal representation of mux trees.
  Evaluating internal representation of mux trees.
  Analyzing evaluation results.
Running muxtree optimizer on module $paramod$edcaa0cfb453980d1e33a3c938c1a32918b9f1d7\rom..
  Creating internal representation of mux trees.
  Evaluating internal representation of mux trees.
  Analyzing evaluation results.
Running muxtree optimizer on module $paramod\sram\MEM_DEPTH=s32'00000000000000000000000001000000..
  Creating internal representation of mux trees.
  Evaluating internal representation of mux trees.
  Analyzing evaluation results.
Running muxtree optimizer on module \top..
  Creating internal representation of mux trees.
  Evaluating internal representation of mux trees.
  Analyzing evaluation results.
Removed 0 multiplexer ports.
<suppressed ~445 debug messages>

10.19.4. Executing OPT_REDUCE pass (consolidate $*mux and $reduce_* inputs).
  Optimizing cells in module $paramod$d40569e2e5029e2dde4c9be19ab6c750b8104d07\uart_axi.
  Optimizing cells in module $paramod$d40569e2e5029e2dde4c9be19ab6c750b8104d07\uart_tx.
  Optimizing cells in module $paramod$d40569e2e5029e2dde4c9be19ab6c750b8104d07\uart_rx.
  Optimizing cells in module \axi_decoder.
  Optimizing cells in module \axi_lite_interconnect.
  Optimizing cells in module $paramod$5f39f8b646aa95582e6f088ce64c0e154e784a4a\picorv32.
    Consolidated identical input bits for $pmux cell $procmux$2730:
      Old ports: A=\mem_rdata_word, B={ \mem_rdata_word [15] \mem_rdata_word [15] \mem_rdata_word [15] \mem_rdata_word [15] \mem_rdata_word [15] \mem_rdata_word [15] \mem_rdata_word [15] \mem_rdata_word [15] \mem_rdata_word [15] \mem_rdata_word [15] \mem_rdata_word [15] \mem_rdata_word [15] \mem_rdata_word [15] \mem_rdata_word [15] \mem_rdata_word [15] \mem_rdata_word [15] \mem_rdata_word [15:0] \mem_rdata_word [7] \mem_rdata_word [7] \mem_rdata_word [7] \mem_rdata_word [7] \mem_rdata_word [7] \mem_rdata_word [7] \mem_rdata_word [7] \mem_rdata_word [7] \mem_rdata_word [7] \mem_rdata_word [7] \mem_rdata_word [7] \mem_rdata_word [7] \mem_rdata_word [7] \mem_rdata_word [7] \mem_rdata_word [7] \mem_rdata_word [7] \mem_rdata_word [7] \mem_rdata_word [7] \mem_rdata_word [7] \mem_rdata_word [7] \mem_rdata_word [7] \mem_rdata_word [7] \mem_rdata_word [7] \mem_rdata_word [7] \mem_rdata_word [7:0] }, Y=$procmux$2730_Y
      New ports: A=\mem_rdata_word [31:8], B={ \mem_rdata_word [15] \mem_rdata_word [15] \mem_rdata_word [15] \mem_rdata_word [15] \mem_rdata_word [15] \mem_rdata_word [15] \mem_rdata_word [15] \mem_rdata_word [15] \mem_rdata_word [15] \mem_rdata_word [15] \mem_rdata_word [15] \mem_rdata_word [15] \mem_rdata_word [15] \mem_rdata_word [15] \mem_rdata_word [15] \mem_rdata_word [15] \mem_rdata_word [15:7] \mem_rdata_word [7] \mem_rdata_word [7] \mem_rdata_word [7] \mem_rdata_word [7] \mem_rdata_word [7] \mem_rdata_word [7] \mem_rdata_word [7] \mem_rdata_word [7] \mem_rdata_word [7] \mem_rdata_word [7] \mem_rdata_word [7] \mem_rdata_word [7] \mem_rdata_word [7] \mem_rdata_word [7] \mem_rdata_word [7] \mem_rdata_word [7] \mem_rdata_word [7] \mem_rdata_word [7] \mem_rdata_word [7] \mem_rdata_word [7] \mem_rdata_word [7] \mem_rdata_word [7] \mem_rdata_word [7] }, Y=$procmux$2730_Y [31:8]
      New connections: $procmux$2730_Y [7:0] = \mem_rdata_word [7:0]
    New ctrl vector for $pmux cell $procmux$3490: { \cpu_state [4] $auto$opt_reduce.cc:137:opt_pmux$19000 }
    Consolidated identical input bits for $mux cell $procmux$4814:
      Old ports: A={ 16'0000000000000000 \mem_rdata [15:0] }, B={ 16'0000000000000000 \mem_rdata [31:16] }, Y=$2\mem_rdata_word[31:0]
      New ports: A=\mem_rdata [15:0], B=\mem_rdata [31:16], Y=$2\mem_rdata_word[31:0] [15:0]
      New connections: $2\mem_rdata_word[31:0] [31:16] = 16'0000000000000000
    New ctrl vector for $pmux cell $procmux$4511: { $procmux$4521_CMP $auto$opt_reduce.cc:137:opt_pmux$19002 }
    Consolidated identical input bits for $mux cell $procmux$3541:
      Old ports: A={ $add$picorv32.v:1560$1747_Y [31:2] $3\current_pc[31:0] [1:0] }, B={ $add$picorv32.v:1569$1749_Y [31:1] $3\current_pc[31:0] [0] }, Y=$procmux$3541_Y
      New ports: A={ $add$picorv32.v:1560$1747_Y [31:2] $3\current_pc[31:0] [1] }, B=$add$picorv32.v:1569$1749_Y [31:1], Y=$procmux$3541_Y [31:1]
      New connections: $procmux$3541_Y [0] = $3\current_pc[31:0] [0]
    Consolidated identical input bits for $pmux cell $procmux$4830:
      Old ports: A=\reg_op2, B={ \reg_op2 [15:0] \reg_op2 [15:0] \reg_op2 [7:0] \reg_op2 [7:0] \reg_op2 [7:0] \reg_op2 [7:0] }, Y=\mem_la_wdata
      New ports: A=\reg_op2 [31:8], B={ \reg_op2 [15:0] \reg_op2 [15:0] \reg_op2 [7:0] \reg_op2 [7:0] }, Y=\mem_la_wdata [31:8]
      New connections: \mem_la_wdata [7:0] = \reg_op2 [7:0]
    Consolidated identical input bits for $pmux cell $procmux$4805:
      Old ports: A={ 24'000000000000000000000000 \mem_rdata [7:0] }, B={ 24'000000000000000000000000 \mem_rdata [15:8] 24'000000000000000000000000 \mem_rdata [23:16] 24'000000000000000000000000 \mem_rdata [31:24] }, Y=$3\mem_rdata_word[31:0]
      New ports: A=\mem_rdata [7:0], B={ \mem_rdata [15:8] \mem_rdata [23:16] \mem_rdata [31:24] }, Y=$3\mem_rdata_word[31:0] [7:0]
      New connections: $3\mem_rdata_word[31:0] [31:8] = 24'000000000000000000000000
    Consolidated identical input bits for $mux cell $ternary$picorv32.v:617$1343:
      Old ports: A=2'11, B=2'00, Y=$procmux$4517_Y
      New ports: A=1'1, B=1'0, Y=$procmux$4517_Y [0]
      New connections: $procmux$4517_Y [1] = $procmux$4517_Y [0]
    New ctrl vector for $pmux cell $procmux$2980: { \cpu_state [3] $auto$opt_reduce.cc:137:opt_pmux$19004 }
    Consolidated identical input bits for $mux cell $ternary$picorv32.v:411$1283:
      Old ports: A=4'0011, B=4'1100, Y=$ternary$picorv32.v:411$1283_Y
      New ports: A=2'01, B=2'10, Y={ $ternary$picorv32.v:411$1283_Y [2] $ternary$picorv32.v:411$1283_Y [0] }
      New connections: { $ternary$picorv32.v:411$1283_Y [3] $ternary$picorv32.v:411$1283_Y [1] } = { $ternary$picorv32.v:411$1283_Y [2] $ternary$picorv32.v:411$1283_Y [0] }
    Consolidated identical input bits for $mux cell $ternary$picorv32.v:382$1268:
      Old ports: A={ \reg_op1 [31:2] 2'00 }, B={ \next_pc [31:2] 2'00 }, Y=\mem_la_addr
      New ports: A=\reg_op1 [31:2], B=\next_pc [31:2], Y=\mem_la_addr [31:2]
      New connections: \mem_la_addr [1:0] = 2'00
    New input vector for $reduce_or cell $auto$opt_reduce.cc:131:opt_pmux$19003: { \cpu_state [6] \cpu_state [4] \cpu_state [2] }
  Optimizing cells in module $paramod$5f39f8b646aa95582e6f088ce64c0e154e784a4a\picorv32.
    Consolidated identical input bits for $mux cell $procmux$3543:
      Old ports: A=$3\current_pc[31:0], B=$procmux$3541_Y, Y=$procmux$3543_Y
      New ports: A=$3\current_pc[31:0] [31:1], B=$procmux$3541_Y [31:1], Y=$procmux$3543_Y [31:1]
      New connections: $procmux$3543_Y [0] = $3\current_pc[31:0] [0]
  Optimizing cells in module $paramod$5f39f8b646aa95582e6f088ce64c0e154e784a4a\picorv32.
  Optimizing cells in module $paramod$edcaa0cfb453980d1e33a3c938c1a32918b9f1d7\rom.
    Consolidated identical input bits for $mux cell $memory$auto$proc_rom.cc:155:do_switch$1897$rdmux[0][5][11]$18936:
      Old ports: A=32'11111110000001100001001011100011, B=268437303, Y=$memory$auto$proc_rom.cc:155:do_switch$1897$rdmux[0][4][5]$b$18872
      New ports: A=2'10, B=2'01, Y={ $memory$auto$proc_rom.cc:155:do_switch$1897$rdmux[0][4][5]$b$18872 [6] $memory$auto$proc_rom.cc:155:do_switch$1897$rdmux[0][4][5]$b$18872 [2] }
      New connections: { $memory$auto$proc_rom.cc:155:do_switch$1897$rdmux[0][4][5]$b$18872 [31:7] $memory$auto$proc_rom.cc:155:do_switch$1897$rdmux[0][4][5]$b$18872 [5:3] $memory$auto$proc_rom.cc:155:do_switch$1897$rdmux[0][4][5]$b$18872 [1:0] } = { $memory$auto$proc_rom.cc:155:do_switch$1897$rdmux[0][4][5]$b$18872 [6] $memory$auto$proc_rom.cc:155:do_switch$1897$rdmux[0][4][5]$b$18872 [6] $memory$auto$proc_rom.cc:155:do_switch$1897$rdmux[0][4][5]$b$18872 [6] 1'1 $memory$auto$proc_rom.cc:155:do_switch$1897$rdmux[0][4][5]$b$18872 [6] $memory$auto$proc_rom.cc:155:do_switch$1897$rdmux[0][4][5]$b$18872 [6] $memory$auto$proc_rom.cc:155:do_switch$1897$rdmux[0][4][5]$b$18872 [6] 6'000000 $memory$auto$proc_rom.cc:155:do_switch$1897$rdmux[0][4][5]$b$18872 [6] $memory$auto$proc_rom.cc:155:do_switch$1897$rdmux[0][4][5]$b$18872 [6] 4'0000 $memory$auto$proc_rom.cc:155:do_switch$1897$rdmux[0][4][5]$b$18872 [6] 1'0 $memory$auto$proc_rom.cc:155:do_switch$1897$rdmux[0][4][5]$b$18872 [2] 1'1 $memory$auto$proc_rom.cc:155:do_switch$1897$rdmux[0][4][5]$b$18872 [2] $memory$auto$proc_rom.cc:155:do_switch$1897$rdmux[0][4][5]$b$18872 [6] 1'1 $memory$auto$proc_rom.cc:155:do_switch$1897$rdmux[0][4][5]$b$18872 [2] 3'011 }
    Consolidated identical input bits for $mux cell $memory$auto$proc_rom.cc:155:do_switch$1897$rdmux[0][5][10]$18933:
      Old ports: A=32'11111110000001110001101011100011, B=32'11111111111101100000011000010011, Y=$memory$auto$proc_rom.cc:155:do_switch$1897$rdmux[0][4][5]$a$18871
      New ports: A=2'10, B=2'01, Y=$memory$auto$proc_rom.cc:155:do_switch$1897$rdmux[0][4][5]$a$18871 [5:4]
      New connections: { $memory$auto$proc_rom.cc:155:do_switch$1897$rdmux[0][4][5]$a$18871 [31:6] $memory$auto$proc_rom.cc:155:do_switch$1897$rdmux[0][4][5]$a$18871 [3:0] } = { 7'1111111 $memory$auto$proc_rom.cc:155:do_switch$1897$rdmux[0][4][5]$a$18871 [4] $memory$auto$proc_rom.cc:155:do_switch$1897$rdmux[0][4][5]$a$18871 [4] $memory$auto$proc_rom.cc:155:do_switch$1897$rdmux[0][4][5]$a$18871 [4] $memory$auto$proc_rom.cc:155:do_switch$1897$rdmux[0][4][5]$a$18871 [4] $memory$auto$proc_rom.cc:155:do_switch$1897$rdmux[0][4][5]$a$18871 [4] 3'011 $memory$auto$proc_rom.cc:155:do_switch$1897$rdmux[0][4][5]$a$18871 [5] 3'000 $memory$auto$proc_rom.cc:155:do_switch$1897$rdmux[0][4][5]$a$18871 [5] $memory$auto$proc_rom.cc:155:do_switch$1897$rdmux[0][4][5]$a$18871 [5:4] 2'10 $memory$auto$proc_rom.cc:155:do_switch$1897$rdmux[0][4][5]$a$18871 [5] $memory$auto$proc_rom.cc:155:do_switch$1897$rdmux[0][4][5]$a$18871 [5] 4'0011 }
    Consolidated identical input bits for $mux cell $memory$auto$proc_rom.cc:155:do_switch$1897$rdmux[0][5][9]$18930:
      Old ports: A=15106083, B=509699, Y=$memory$auto$proc_rom.cc:155:do_switch$1897$rdmux[0][4][4]$b$18869
      New ports: A=2'01, B=2'10, Y={ $memory$auto$proc_rom.cc:155:do_switch$1897$rdmux[0][4][4]$b$18869 [8] $memory$auto$proc_rom.cc:155:do_switch$1897$rdmux[0][4][4]$b$18869 [5] }
      New connections: { $memory$auto$proc_rom.cc:155:do_switch$1897$rdmux[0][4][4]$b$18869 [31:9] $memory$auto$proc_rom.cc:155:do_switch$1897$rdmux[0][4][4]$b$18869 [7:6] $memory$auto$proc_rom.cc:155:do_switch$1897$rdmux[0][4][4]$b$18869 [4:0] } = { 8'00000000 $memory$auto$proc_rom.cc:155:do_switch$1897$rdmux[0][4][4]$b$18869 [5] $memory$auto$proc_rom.cc:155:do_switch$1897$rdmux[0][4][4]$b$18869 [5] $memory$auto$proc_rom.cc:155:do_switch$1897$rdmux[0][4][4]$b$18869 [5] 4'0011 $memory$auto$proc_rom.cc:155:do_switch$1897$rdmux[0][4][4]$b$18869 [8] 1'1 $memory$auto$proc_rom.cc:155:do_switch$1897$rdmux[0][4][4]$b$18869 [8] 3'000 $memory$auto$proc_rom.cc:155:do_switch$1897$rdmux[0][4][4]$b$18869 [8] $memory$auto$proc_rom.cc:155:do_switch$1897$rdmux[0][4][4]$b$18869 [8] 7'0000011 }
    Consolidated identical input bits for $mux cell $memory$auto$proc_rom.cc:155:do_switch$1897$rdmux[0][5][8]$18927:
      Old ports: A=362387, B=1542035, Y=$memory$auto$proc_rom.cc:155:do_switch$1897$rdmux[0][4][4]$a$18868
      New ports: A=1'0, B=1'1, Y=$memory$auto$proc_rom.cc:155:do_switch$1897$rdmux[0][4][4]$a$18868 [17]
      New connections: { $memory$auto$proc_rom.cc:155:do_switch$1897$rdmux[0][4][4]$a$18868 [31:18] $memory$auto$proc_rom.cc:155:do_switch$1897$rdmux[0][4][4]$a$18868 [16:0] } = { 11'00000000000 $memory$auto$proc_rom.cc:155:do_switch$1897$rdmux[0][4][4]$a$18868 [17] 19'0111000011110010011 }
    Consolidated identical input bits for $mux cell $memory$auto$proc_rom.cc:155:do_switch$1897$rdmux[0][5][7]$18924:
      Old ports: A=268437175, B=75499283, Y=$memory$auto$proc_rom.cc:155:do_switch$1897$rdmux[0][4][3]$b$18866
      New ports: A=2'01, B=2'10, Y={ $memory$auto$proc_rom.cc:155:do_switch$1897$rdmux[0][4][3]$b$18866 [8] $memory$auto$proc_rom.cc:155:do_switch$1897$rdmux[0][4][3]$b$18866 [2] }
      New connections: { $memory$auto$proc_rom.cc:155:do_switch$1897$rdmux[0][4][3]$b$18866 [31:9] $memory$auto$proc_rom.cc:155:do_switch$1897$rdmux[0][4][3]$b$18866 [7:3] $memory$auto$proc_rom.cc:155:do_switch$1897$rdmux[0][4][3]$b$18866 [1:0] } = { 3'000 $memory$auto$proc_rom.cc:155:do_switch$1897$rdmux[0][4][3]$b$18866 [2] 1'0 $memory$auto$proc_rom.cc:155:do_switch$1897$rdmux[0][4][3]$b$18866 [8] 2'00 $memory$auto$proc_rom.cc:155:do_switch$1897$rdmux[0][4][3]$b$18866 [8] 14'00000000000011 $memory$auto$proc_rom.cc:155:do_switch$1897$rdmux[0][4][3]$b$18866 [2] 1'0 $memory$auto$proc_rom.cc:155:do_switch$1897$rdmux[0][4][3]$b$18866 [2] 4'1011 }
    Consolidated identical input bits for $mux cell $memory$auto$proc_rom.cc:155:do_switch$1897$rdmux[0][5][6]$18921:
      Old ports: A=10487315, B=146802067, Y=$memory$auto$proc_rom.cc:155:do_switch$1897$rdmux[0][4][3]$a$18865
      New ports: A=2'10, B=2'01, Y={ $memory$auto$proc_rom.cc:155:do_switch$1897$rdmux[0][4][3]$a$18865 [9] $memory$auto$proc_rom.cc:155:do_switch$1897$rdmux[0][4][3]$a$18865 [7] }
      New connections: { $memory$auto$proc_rom.cc:155:do_switch$1897$rdmux[0][4][3]$a$18865 [31:10] $memory$auto$proc_rom.cc:155:do_switch$1897$rdmux[0][4][3]$a$18865 [8] $memory$auto$proc_rom.cc:155:do_switch$1897$rdmux[0][4][3]$a$18865 [6:0] } = { 4'0000 $memory$auto$proc_rom.cc:155:do_switch$1897$rdmux[0][4][3]$a$18865 [7] 4'0001 $memory$auto$proc_rom.cc:155:do_switch$1897$rdmux[0][4][3]$a$18865 [7] $memory$auto$proc_rom.cc:155:do_switch$1897$rdmux[0][4][3]$a$18865 [9] 11'00000000001 $memory$auto$proc_rom.cc:155:do_switch$1897$rdmux[0][4][3]$a$18865 [7] 7'0010011 }
    Consolidated identical input bits for $mux cell $memory$auto$proc_rom.cc:155:do_switch$1897$rdmux[0][5][5]$18918:
      Old ports: A=8388847, B=111, Y=$memory$auto$proc_rom.cc:155:do_switch$1897$rdmux[0][4][2]$b$18863
      New ports: A=1'1, B=1'0, Y=$memory$auto$proc_rom.cc:155:do_switch$1897$rdmux[0][4][2]$b$18863 [7]
      New connections: { $memory$auto$proc_rom.cc:155:do_switch$1897$rdmux[0][4][2]$b$18863 [31:8] $memory$auto$proc_rom.cc:155:do_switch$1897$rdmux[0][4][2]$b$18863 [6:0] } = { 8'00000000 $memory$auto$proc_rom.cc:155:do_switch$1897$rdmux[0][4][2]$b$18863 [7] 22'0000000000000001101111 }
    Consolidated identical input bits for $mux cell $memory$auto$proc_rom.cc:155:do_switch$1897$rdmux[0][5][4]$18915:
      Old ports: A=4358803, B=32'11111111010111111111000001101111, Y=$memory$auto$proc_rom.cc:155:do_switch$1897$rdmux[0][4][2]$a$18862
      New ports: A=2'10, B=2'01, Y={ $memory$auto$proc_rom.cc:155:do_switch$1897$rdmux[0][4][2]$a$18862 [4] $memory$auto$proc_rom.cc:155:do_switch$1897$rdmux[0][4][2]$a$18862 [2] }
      New connections: { $memory$auto$proc_rom.cc:155:do_switch$1897$rdmux[0][4][2]$a$18862 [31:5] $memory$auto$proc_rom.cc:155:do_switch$1897$rdmux[0][4][2]$a$18862 [3] $memory$auto$proc_rom.cc:155:do_switch$1897$rdmux[0][4][2]$a$18862 [1:0] } = { $memory$auto$proc_rom.cc:155:do_switch$1897$rdmux[0][4][2]$a$18862 [2] $memory$auto$proc_rom.cc:155:do_switch$1897$rdmux[0][4][2]$a$18862 [2] $memory$auto$proc_rom.cc:155:do_switch$1897$rdmux[0][4][2]$a$18862 [2] $memory$auto$proc_rom.cc:155:do_switch$1897$rdmux[0][4][2]$a$18862 [2] $memory$auto$proc_rom.cc:155:do_switch$1897$rdmux[0][4][2]$a$18862 [2] $memory$auto$proc_rom.cc:155:do_switch$1897$rdmux[0][4][2]$a$18862 [2] $memory$auto$proc_rom.cc:155:do_switch$1897$rdmux[0][4][2]$a$18862 [2] $memory$auto$proc_rom.cc:155:do_switch$1897$rdmux[0][4][2]$a$18862 [2] 3'010 $memory$auto$proc_rom.cc:155:do_switch$1897$rdmux[0][4][2]$a$18862 [2] $memory$auto$proc_rom.cc:155:do_switch$1897$rdmux[0][4][2]$a$18862 [2] $memory$auto$proc_rom.cc:155:do_switch$1897$rdmux[0][4][2]$a$18862 [2] 1'1 $memory$auto$proc_rom.cc:155:do_switch$1897$rdmux[0][4][2]$a$18862 [2] 1'1 $memory$auto$proc_rom.cc:155:do_switch$1897$rdmux[0][4][2]$a$18862 [2] $memory$auto$proc_rom.cc:155:do_switch$1897$rdmux[0][4][2]$a$18862 [2] $memory$auto$proc_rom.cc:155:do_switch$1897$rdmux[0][4][2]$a$18862 [2] 2'00 $memory$auto$proc_rom.cc:155:do_switch$1897$rdmux[0][4][2]$a$18862 [4] 1'0 $memory$auto$proc_rom.cc:155:do_switch$1897$rdmux[0][4][2]$a$18862 [4] $memory$auto$proc_rom.cc:155:do_switch$1897$rdmux[0][4][2]$a$18862 [2] $memory$auto$proc_rom.cc:155:do_switch$1897$rdmux[0][4][2]$a$18862 [2] $memory$auto$proc_rom.cc:155:do_switch$1897$rdmux[0][4][2]$a$18862 [2] 2'11 }
    Consolidated identical input bits for $mux cell $memory$auto$proc_rom.cc:155:do_switch$1897$rdmux[0][5][3]$18912:
      Old ports: A=6477923, B=172067, Y=$memory$auto$proc_rom.cc:155:do_switch$1897$rdmux[0][4][1]$b$18860
      New ports: A=2'01, B=2'10, Y={ $memory$auto$proc_rom.cc:155:do_switch$1897$rdmux[0][4][1]$b$18860 [13] $memory$auto$proc_rom.cc:155:do_switch$1897$rdmux[0][4][1]$b$18860 [6] }
      New connections: { $memory$auto$proc_rom.cc:155:do_switch$1897$rdmux[0][4][1]$b$18860 [31:14] $memory$auto$proc_rom.cc:155:do_switch$1897$rdmux[0][4][1]$b$18860 [12:7] $memory$auto$proc_rom.cc:155:do_switch$1897$rdmux[0][4][1]$b$18860 [5:0] } = { 9'000000000 $memory$auto$proc_rom.cc:155:do_switch$1897$rdmux[0][4][1]$b$18860 [6] $memory$auto$proc_rom.cc:155:do_switch$1897$rdmux[0][4][1]$b$18860 [6] 6'000101 $memory$auto$proc_rom.cc:155:do_switch$1897$rdmux[0][4][1]$b$18860 [6] $memory$auto$proc_rom.cc:155:do_switch$1897$rdmux[0][4][1]$b$18860 [6] $memory$auto$proc_rom.cc:155:do_switch$1897$rdmux[0][4][1]$b$18860 [6] 10'0000100011 }
    Consolidated identical input bits for $mux cell $memory$auto$proc_rom.cc:155:do_switch$1897$rdmux[0][5][2]$18909:
      Old ports: A=66327, B=32'11111111000000110000001100010011, Y=$memory$auto$proc_rom.cc:155:do_switch$1897$rdmux[0][4][1]$a$18859
      New ports: A=2'01, B=2'10, Y={ $memory$auto$proc_rom.cc:155:do_switch$1897$rdmux[0][4][1]$a$18859 [17] $memory$auto$proc_rom.cc:155:do_switch$1897$rdmux[0][4][1]$a$18859 [2] }
      New connections: { $memory$auto$proc_rom.cc:155:do_switch$1897$rdmux[0][4][1]$a$18859 [31:18] $memory$auto$proc_rom.cc:155:do_switch$1897$rdmux[0][4][1]$a$18859 [16:3] $memory$auto$proc_rom.cc:155:do_switch$1897$rdmux[0][4][1]$a$18859 [1:0] } = { $memory$auto$proc_rom.cc:155:do_switch$1897$rdmux[0][4][1]$a$18859 [17] $memory$auto$proc_rom.cc:155:do_switch$1897$rdmux[0][4][1]$a$18859 [17] $memory$auto$proc_rom.cc:155:do_switch$1897$rdmux[0][4][1]$a$18859 [17] $memory$auto$proc_rom.cc:155:do_switch$1897$rdmux[0][4][1]$a$18859 [17] $memory$auto$proc_rom.cc:155:do_switch$1897$rdmux[0][4][1]$a$18859 [17] $memory$auto$proc_rom.cc:155:do_switch$1897$rdmux[0][4][1]$a$18859 [17] $memory$auto$proc_rom.cc:155:do_switch$1897$rdmux[0][4][1]$a$18859 [17] $memory$auto$proc_rom.cc:155:do_switch$1897$rdmux[0][4][1]$a$18859 [17] 22'0000001000000110001011 }
    Consolidated identical input bits for $mux cell $memory$auto$proc_rom.cc:155:do_switch$1897$rdmux[0][5][1]$18906:
      Old ports: A=66199, B=32'11111111100000101000001010010011, Y=$memory$auto$proc_rom.cc:155:do_switch$1897$rdmux[0][4][0]$b$18857
      New ports: A=2'01, B=2'10, Y={ $memory$auto$proc_rom.cc:155:do_switch$1897$rdmux[0][4][0]$b$18857 [15] $memory$auto$proc_rom.cc:155:do_switch$1897$rdmux[0][4][0]$b$18857 [2] }
      New connections: { $memory$auto$proc_rom.cc:155:do_switch$1897$rdmux[0][4][0]$b$18857 [31:16] $memory$auto$proc_rom.cc:155:do_switch$1897$rdmux[0][4][0]$b$18857 [14:3] $memory$auto$proc_rom.cc:155:do_switch$1897$rdmux[0][4][0]$b$18857 [1:0] } = { $memory$auto$proc_rom.cc:155:do_switch$1897$rdmux[0][4][0]$b$18857 [15] $memory$auto$proc_rom.cc:155:do_switch$1897$rdmux[0][4][0]$b$18857 [15] $memory$auto$proc_rom.cc:155:do_switch$1897$rdmux[0][4][0]$b$18857 [15] $memory$auto$proc_rom.cc:155:do_switch$1897$rdmux[0][4][0]$b$18857 [15] $memory$auto$proc_rom.cc:155:do_switch$1897$rdmux[0][4][0]$b$18857 [15] $memory$auto$proc_rom.cc:155:do_switch$1897$rdmux[0][4][0]$b$18857 [15] $memory$auto$proc_rom.cc:155:do_switch$1897$rdmux[0][4][0]$b$18857 [15] $memory$auto$proc_rom.cc:155:do_switch$1897$rdmux[0][4][0]$b$18857 [15] $memory$auto$proc_rom.cc:155:do_switch$1897$rdmux[0][4][0]$b$18857 [15] 5'00000 $memory$auto$proc_rom.cc:155:do_switch$1897$rdmux[0][4][0]$b$18857 [15] $memory$auto$proc_rom.cc:155:do_switch$1897$rdmux[0][4][0]$b$18857 [2] 14'00000101001011 }
    Consolidated identical input bits for $mux cell $memory$auto$proc_rom.cc:155:do_switch$1897$rdmux[0][5][0]$18903:
      Old ports: A=131383, B=32'11111111110000010000000100010011, Y=$memory$auto$proc_rom.cc:155:do_switch$1897$rdmux[0][4][0]$a$18856
      New ports: A=2'01, B=2'10, Y={ $memory$auto$proc_rom.cc:155:do_switch$1897$rdmux[0][4][0]$a$18856 [16] $memory$auto$proc_rom.cc:155:do_switch$1897$rdmux[0][4][0]$a$18856 [2] }
      New connections: { $memory$auto$proc_rom.cc:155:do_switch$1897$rdmux[0][4][0]$a$18856 [31:17] $memory$auto$proc_rom.cc:155:do_switch$1897$rdmux[0][4][0]$a$18856 [15:3] $memory$auto$proc_rom.cc:155:do_switch$1897$rdmux[0][4][0]$a$18856 [1:0] } = { $memory$auto$proc_rom.cc:155:do_switch$1897$rdmux[0][4][0]$a$18856 [16] $memory$auto$proc_rom.cc:155:do_switch$1897$rdmux[0][4][0]$a$18856 [16] $memory$auto$proc_rom.cc:155:do_switch$1897$rdmux[0][4][0]$a$18856 [16] $memory$auto$proc_rom.cc:155:do_switch$1897$rdmux[0][4][0]$a$18856 [16] $memory$auto$proc_rom.cc:155:do_switch$1897$rdmux[0][4][0]$a$18856 [16] $memory$auto$proc_rom.cc:155:do_switch$1897$rdmux[0][4][0]$a$18856 [16] $memory$auto$proc_rom.cc:155:do_switch$1897$rdmux[0][4][0]$a$18856 [16] $memory$auto$proc_rom.cc:155:do_switch$1897$rdmux[0][4][0]$a$18856 [16] $memory$auto$proc_rom.cc:155:do_switch$1897$rdmux[0][4][0]$a$18856 [16] $memory$auto$proc_rom.cc:155:do_switch$1897$rdmux[0][4][0]$a$18856 [16] 4'0000 $memory$auto$proc_rom.cc:155:do_switch$1897$rdmux[0][4][0]$a$18856 [2] 10'0000000100 $memory$auto$proc_rom.cc:155:do_switch$1897$rdmux[0][4][0]$a$18856 [2] 4'1011 }
    Consolidated identical input bits for $mux cell $memory$auto$proc_rom.cc:155:do_switch$1897$rdmux[0][5][14]$18945:
      Old ports: A=468867, B=2619283, Y=$memory$auto$proc_rom.cc:155:do_switch$1897$rdmux[0][4][7]$a$18877
      New ports: A=1'0, B=1'1, Y=$memory$auto$proc_rom.cc:155:do_switch$1897$rdmux[0][4][7]$a$18877 [4]
      New connections: { $memory$auto$proc_rom.cc:155:do_switch$1897$rdmux[0][4][7]$a$18877 [31:5] $memory$auto$proc_rom.cc:155:do_switch$1897$rdmux[0][4][7]$a$18877 [3:0] } = { 10'0000000000 $memory$auto$proc_rom.cc:155:do_switch$1897$rdmux[0][4][7]$a$18877 [4] 5'00111 $memory$auto$proc_rom.cc:155:do_switch$1897$rdmux[0][4][7]$a$18877 [4] $memory$auto$proc_rom.cc:155:do_switch$1897$rdmux[0][4][7]$a$18877 [4] 1'1 $memory$auto$proc_rom.cc:155:do_switch$1897$rdmux[0][4][7]$a$18877 [4] 11'01111000011 }
    Consolidated identical input bits for $mux cell $memory$auto$proc_rom.cc:155:do_switch$1897$rdmux[0][5][20]$18963:
      Old ports: A=1953066085, B=2593, Y=$memory$auto$proc_rom.cc:155:do_switch$1897$rdmux[0][4][10]$a$18886
      New ports: A=2'01, B=2'10, Y={ $memory$auto$proc_rom.cc:155:do_switch$1897$rdmux[0][4][10]$a$18886 [9] $memory$auto$proc_rom.cc:155:do_switch$1897$rdmux[0][4][10]$a$18886 [2] }
      New connections: { $memory$auto$proc_rom.cc:155:do_switch$1897$rdmux[0][4][10]$a$18886 [31:10] $memory$auto$proc_rom.cc:155:do_switch$1897$rdmux[0][4][10]$a$18886 [8:3] $memory$auto$proc_rom.cc:155:do_switch$1897$rdmux[0][4][10]$a$18886 [1:0] } = { 1'0 $memory$auto$proc_rom.cc:155:do_switch$1897$rdmux[0][4][10]$a$18886 [2] $memory$auto$proc_rom.cc:155:do_switch$1897$rdmux[0][4][10]$a$18886 [2] $memory$auto$proc_rom.cc:155:do_switch$1897$rdmux[0][4][10]$a$18886 [2] 1'0 $memory$auto$proc_rom.cc:155:do_switch$1897$rdmux[0][4][10]$a$18886 [2] 3'000 $memory$auto$proc_rom.cc:155:do_switch$1897$rdmux[0][4][10]$a$18886 [2] $memory$auto$proc_rom.cc:155:do_switch$1897$rdmux[0][4][10]$a$18886 [2] 1'0 $memory$auto$proc_rom.cc:155:do_switch$1897$rdmux[0][4][10]$a$18886 [2] 2'00 $memory$auto$proc_rom.cc:155:do_switch$1897$rdmux[0][4][10]$a$18886 [2] 1'0 $memory$auto$proc_rom.cc:155:do_switch$1897$rdmux[0][4][10]$a$18886 [2] $memory$auto$proc_rom.cc:155:do_switch$1897$rdmux[0][4][10]$a$18886 [2] 2'01 $memory$auto$proc_rom.cc:155:do_switch$1897$rdmux[0][4][10]$a$18886 [2] 2'00 $memory$auto$proc_rom.cc:155:do_switch$1897$rdmux[0][4][10]$a$18886 [2] 5'10001 }
    Consolidated identical input bits for $mux cell $memory$auto$proc_rom.cc:155:do_switch$1897$rdmux[0][5][12]$18939:
      Old ports: A=268437175, B=268437047, Y=$memory$auto$proc_rom.cc:155:do_switch$1897$rdmux[0][4][6]$a$18874
      New ports: A=1'1, B=1'0, Y=$memory$auto$proc_rom.cc:155:do_switch$1897$rdmux[0][4][6]$a$18874 [7]
      New connections: { $memory$auto$proc_rom.cc:155:do_switch$1897$rdmux[0][4][6]$a$18874 [31:8] $memory$auto$proc_rom.cc:155:do_switch$1897$rdmux[0][4][6]$a$18874 [6:0] } = 31'0001000000000000000001100110111
    Consolidated identical input bits for $mux cell $memory$auto$proc_rom.cc:155:do_switch$1897$rdmux[0][5][18]$18957:
      Old ports: A=1698963567, B=1801547877, Y=$memory$auto$proc_rom.cc:155:do_switch$1897$rdmux[0][4][9]$a$18883
      New ports: A=2'01, B=2'10, Y={ $memory$auto$proc_rom.cc:155:do_switch$1897$rdmux[0][4][9]$a$18883 [12] $memory$auto$proc_rom.cc:155:do_switch$1897$rdmux[0][4][9]$a$18883 [1] }
      New connections: { $memory$auto$proc_rom.cc:155:do_switch$1897$rdmux[0][4][9]$a$18883 [31:13] $memory$auto$proc_rom.cc:155:do_switch$1897$rdmux[0][4][9]$a$18883 [11:2] $memory$auto$proc_rom.cc:155:do_switch$1897$rdmux[0][4][9]$a$18883 [0] } = { 4'0110 $memory$auto$proc_rom.cc:155:do_switch$1897$rdmux[0][4][9]$a$18883 [12] $memory$auto$proc_rom.cc:155:do_switch$1897$rdmux[0][4][9]$a$18883 [1] $memory$auto$proc_rom.cc:155:do_switch$1897$rdmux[0][4][9]$a$18883 [12] 3'101 $memory$auto$proc_rom.cc:155:do_switch$1897$rdmux[0][4][9]$a$18883 [12] 2'00 $memory$auto$proc_rom.cc:155:do_switch$1897$rdmux[0][4][9]$a$18883 [1] 1'0 $memory$auto$proc_rom.cc:155:do_switch$1897$rdmux[0][4][9]$a$18883 [12] 1'0 $memory$auto$proc_rom.cc:155:do_switch$1897$rdmux[0][4][9]$a$18883 [12] 9'100000110 $memory$auto$proc_rom.cc:155:do_switch$1897$rdmux[0][4][9]$a$18883 [1] 2'11 }
    Consolidated identical input bits for $mux cell $memory$auto$proc_rom.cc:155:do_switch$1897$rdmux[0][5][13]$18942:
      Old ports: A=8849171, B=4621971, Y=$memory$auto$proc_rom.cc:155:do_switch$1897$rdmux[0][4][6]$b$18875
      New ports: A=2'10, B=2'01, Y=$memory$auto$proc_rom.cc:155:do_switch$1897$rdmux[0][4][6]$b$18875 [8:7]
      New connections: { $memory$auto$proc_rom.cc:155:do_switch$1897$rdmux[0][4][6]$b$18875 [31:9] $memory$auto$proc_rom.cc:155:do_switch$1897$rdmux[0][4][6]$b$18875 [6:0] } = { 8'00000000 $memory$auto$proc_rom.cc:155:do_switch$1897$rdmux[0][4][6]$b$18875 [8:7] 5'00011 $memory$auto$proc_rom.cc:155:do_switch$1897$rdmux[0][4][6]$b$18875 [8:7] 13'0000110010011 }
    Consolidated identical input bits for $mux cell $memory$auto$proc_rom.cc:155:do_switch$1897$rdmux[0][5][19]$18960:
      Old ports: A=1869768224, B=1766727789, Y=$memory$auto$proc_rom.cc:155:do_switch$1897$rdmux[0][4][9]$b$18884
      New ports: A=2'10, B=2'01, Y={ $memory$auto$proc_rom.cc:155:do_switch$1897$rdmux[0][4][9]$b$18884 [9] $memory$auto$proc_rom.cc:155:do_switch$1897$rdmux[0][4][9]$b$18884 [0] }
      New connections: { $memory$auto$proc_rom.cc:155:do_switch$1897$rdmux[0][4][9]$b$18884 [31:10] $memory$auto$proc_rom.cc:155:do_switch$1897$rdmux[0][4][9]$b$18884 [8:1] } = { 5'01101 $memory$auto$proc_rom.cc:155:do_switch$1897$rdmux[0][4][9]$b$18884 [9] $memory$auto$proc_rom.cc:155:do_switch$1897$rdmux[0][4][9]$b$18884 [9] 3'101 $memory$auto$proc_rom.cc:155:do_switch$1897$rdmux[0][4][9]$b$18884 [9] $memory$auto$proc_rom.cc:155:do_switch$1897$rdmux[0][4][9]$b$18884 [9] $memory$auto$proc_rom.cc:155:do_switch$1897$rdmux[0][4][9]$b$18884 [0] $memory$auto$proc_rom.cc:155:do_switch$1897$rdmux[0][4][9]$b$18884 [0] 3'100 $memory$auto$proc_rom.cc:155:do_switch$1897$rdmux[0][4][9]$b$18884 [9] 3'100 $memory$auto$proc_rom.cc:155:do_switch$1897$rdmux[0][4][9]$b$18884 [9] 2'00 $memory$auto$proc_rom.cc:155:do_switch$1897$rdmux[0][4][9]$b$18884 [0] 2'10 $memory$auto$proc_rom.cc:155:do_switch$1897$rdmux[0][4][9]$b$18884 [0] $memory$auto$proc_rom.cc:155:do_switch$1897$rdmux[0][4][9]$b$18884 [0] 1'0 }
    Consolidated identical input bits for $mux cell $memory$auto$proc_rom.cc:155:do_switch$1897$rdmux[0][5][17]$18954:
      Old ports: A=32'11111110100111111111000001101111, B=1819043144, Y=$memory$auto$proc_rom.cc:155:do_switch$1897$rdmux[0][4][8]$b$18881
      New ports: A=2'01, B=2'10, Y={ $memory$auto$proc_rom.cc:155:do_switch$1897$rdmux[0][4][8]$b$18881 [8] $memory$auto$proc_rom.cc:155:do_switch$1897$rdmux[0][4][8]$b$18881 [0] }
      New connections: { $memory$auto$proc_rom.cc:155:do_switch$1897$rdmux[0][4][8]$b$18881 [31:9] $memory$auto$proc_rom.cc:155:do_switch$1897$rdmux[0][4][8]$b$18881 [7:1] } = { $memory$auto$proc_rom.cc:155:do_switch$1897$rdmux[0][4][8]$b$18881 [0] 2'11 $memory$auto$proc_rom.cc:155:do_switch$1897$rdmux[0][4][8]$b$18881 [0] 2'11 $memory$auto$proc_rom.cc:155:do_switch$1897$rdmux[0][4][8]$b$18881 [0] 1'0 $memory$auto$proc_rom.cc:155:do_switch$1897$rdmux[0][4][8]$b$18881 [0] $memory$auto$proc_rom.cc:155:do_switch$1897$rdmux[0][4][8]$b$18881 [8] $memory$auto$proc_rom.cc:155:do_switch$1897$rdmux[0][4][8]$b$18881 [8] $memory$auto$proc_rom.cc:155:do_switch$1897$rdmux[0][4][8]$b$18881 [0] 2'11 $memory$auto$proc_rom.cc:155:do_switch$1897$rdmux[0][4][8]$b$18881 [0] $memory$auto$proc_rom.cc:155:do_switch$1897$rdmux[0][4][8]$b$18881 [0] $memory$auto$proc_rom.cc:155:do_switch$1897$rdmux[0][4][8]$b$18881 [0] 2'11 $memory$auto$proc_rom.cc:155:do_switch$1897$rdmux[0][4][8]$b$18881 [0] 1'0 $memory$auto$proc_rom.cc:155:do_switch$1897$rdmux[0][4][8]$b$18881 [8] 3'001 $memory$auto$proc_rom.cc:155:do_switch$1897$rdmux[0][4][8]$b$18881 [0] 2'01 $memory$auto$proc_rom.cc:155:do_switch$1897$rdmux[0][4][8]$b$18881 [0] $memory$auto$proc_rom.cc:155:do_switch$1897$rdmux[0][4][8]$b$18881 [0] }
    Consolidated identical input bits for $mux cell $memory$auto$proc_rom.cc:155:do_switch$1897$rdmux[0][5][16]$18951:
      Old ports: A=267909011, B=16121891, Y=$memory$auto$proc_rom.cc:155:do_switch$1897$rdmux[0][4][8]$a$18880
      New ports: A=2'01, B=2'10, Y=$memory$auto$proc_rom.cc:155:do_switch$1897$rdmux[0][4][8]$a$18880 [5:4]
      New connections: { $memory$auto$proc_rom.cc:155:do_switch$1897$rdmux[0][4][8]$a$18880 [31:6] $memory$auto$proc_rom.cc:155:do_switch$1897$rdmux[0][4][8]$a$18880 [3:0] } = { 4'0000 $memory$auto$proc_rom.cc:155:do_switch$1897$rdmux[0][4][8]$a$18880 [4] $memory$auto$proc_rom.cc:155:do_switch$1897$rdmux[0][4][8]$a$18880 [4] $memory$auto$proc_rom.cc:155:do_switch$1897$rdmux[0][4][8]$a$18880 [4] $memory$auto$proc_rom.cc:155:do_switch$1897$rdmux[0][4][8]$a$18880 [4] 7'1111011 $memory$auto$proc_rom.cc:155:do_switch$1897$rdmux[0][4][8]$a$18880 [4] $memory$auto$proc_rom.cc:155:do_switch$1897$rdmux[0][4][8]$a$18880 [4] $memory$auto$proc_rom.cc:155:do_switch$1897$rdmux[0][4][8]$a$18880 [4] $memory$auto$proc_rom.cc:155:do_switch$1897$rdmux[0][4][8]$a$18880 [4] $memory$auto$proc_rom.cc:155:do_switch$1897$rdmux[0][4][8]$a$18880 [4] 1'0 $memory$auto$proc_rom.cc:155:do_switch$1897$rdmux[0][4][8]$a$18880 [4] $memory$auto$proc_rom.cc:155:do_switch$1897$rdmux[0][4][8]$a$18880 [4] $memory$auto$proc_rom.cc:155:do_switch$1897$rdmux[0][4][8]$a$18880 [4] $memory$auto$proc_rom.cc:155:do_switch$1897$rdmux[0][4][8]$a$18880 [4] 5'00011 }
    Consolidated identical input bits for $mux cell $memory$auto$proc_rom.cc:155:do_switch$1897$rdmux[0][5][15]$18948:
      Old ports: A=32'11111110000001111000110011100011, B=444291, Y=$memory$auto$proc_rom.cc:155:do_switch$1897$rdmux[0][4][7]$b$18878
      New ports: A=2'01, B=2'10, Y={ $memory$auto$proc_rom.cc:155:do_switch$1897$rdmux[0][4][7]$b$18878 [8] $memory$auto$proc_rom.cc:155:do_switch$1897$rdmux[0][4][7]$b$18878 [5] }
      New connections: { $memory$auto$proc_rom.cc:155:do_switch$1897$rdmux[0][4][7]$b$18878 [31:9] $memory$auto$proc_rom.cc:155:do_switch$1897$rdmux[0][4][7]$b$18878 [7:6] $memory$auto$proc_rom.cc:155:do_switch$1897$rdmux[0][4][7]$b$18878 [4:0] } = { $memory$auto$proc_rom.cc:155:do_switch$1897$rdmux[0][4][7]$b$18878 [5] $memory$auto$proc_rom.cc:155:do_switch$1897$rdmux[0][4][7]$b$18878 [5] $memory$auto$proc_rom.cc:155:do_switch$1897$rdmux[0][4][7]$b$18878 [5] $memory$auto$proc_rom.cc:155:do_switch$1897$rdmux[0][4][7]$b$18878 [5] $memory$auto$proc_rom.cc:155:do_switch$1897$rdmux[0][4][7]$b$18878 [5] $memory$auto$proc_rom.cc:155:do_switch$1897$rdmux[0][4][7]$b$18878 [5] $memory$auto$proc_rom.cc:155:do_switch$1897$rdmux[0][4][7]$b$18878 [5] 8'00000011 $memory$auto$proc_rom.cc:155:do_switch$1897$rdmux[0][4][7]$b$18878 [5] 1'1 $memory$auto$proc_rom.cc:155:do_switch$1897$rdmux[0][4][7]$b$18878 [8] 2'00 $memory$auto$proc_rom.cc:155:do_switch$1897$rdmux[0][4][7]$b$18878 [5] 1'1 $memory$auto$proc_rom.cc:155:do_switch$1897$rdmux[0][4][7]$b$18878 [8] 1'1 $memory$auto$proc_rom.cc:155:do_switch$1897$rdmux[0][4][7]$b$18878 [5] 5'00011 }
  Optimizing cells in module $paramod$edcaa0cfb453980d1e33a3c938c1a32918b9f1d7\rom.
    Consolidated identical input bits for $mux cell $memory$auto$proc_rom.cc:155:do_switch$1897$rdmux[0][4][10]$18885:
      Old ports: A=$memory$auto$proc_rom.cc:155:do_switch$1897$rdmux[0][4][10]$a$18886, B=19, Y=$memory$auto$proc_rom.cc:155:do_switch$1897$rdmux[0][3][5]$a$18847
      New ports: A={ $memory$auto$proc_rom.cc:155:do_switch$1897$rdmux[0][4][10]$a$18886 [9] 1'1 $memory$auto$proc_rom.cc:155:do_switch$1897$rdmux[0][4][10]$a$18886 [2] 1'0 }, B=4'0001, Y={ $memory$auto$proc_rom.cc:155:do_switch$1897$rdmux[0][3][5]$a$18847 [9] $memory$auto$proc_rom.cc:155:do_switch$1897$rdmux[0][3][5]$a$18847 [5] $memory$auto$proc_rom.cc:155:do_switch$1897$rdmux[0][3][5]$a$18847 [2:1] }
      New connections: { $memory$auto$proc_rom.cc:155:do_switch$1897$rdmux[0][3][5]$a$18847 [31:10] $memory$auto$proc_rom.cc:155:do_switch$1897$rdmux[0][3][5]$a$18847 [8:6] $memory$auto$proc_rom.cc:155:do_switch$1897$rdmux[0][3][5]$a$18847 [4:3] $memory$auto$proc_rom.cc:155:do_switch$1897$rdmux[0][3][5]$a$18847 [0] } = { 1'0 $memory$auto$proc_rom.cc:155:do_switch$1897$rdmux[0][3][5]$a$18847 [2] $memory$auto$proc_rom.cc:155:do_switch$1897$rdmux[0][3][5]$a$18847 [2] $memory$auto$proc_rom.cc:155:do_switch$1897$rdmux[0][3][5]$a$18847 [2] 1'0 $memory$auto$proc_rom.cc:155:do_switch$1897$rdmux[0][3][5]$a$18847 [2] 3'000 $memory$auto$proc_rom.cc:155:do_switch$1897$rdmux[0][3][5]$a$18847 [2] $memory$auto$proc_rom.cc:155:do_switch$1897$rdmux[0][3][5]$a$18847 [2] 1'0 $memory$auto$proc_rom.cc:155:do_switch$1897$rdmux[0][3][5]$a$18847 [2] 2'00 $memory$auto$proc_rom.cc:155:do_switch$1897$rdmux[0][3][5]$a$18847 [2] 1'0 $memory$auto$proc_rom.cc:155:do_switch$1897$rdmux[0][3][5]$a$18847 [2] $memory$auto$proc_rom.cc:155:do_switch$1897$rdmux[0][3][5]$a$18847 [2] 1'0 $memory$auto$proc_rom.cc:155:do_switch$1897$rdmux[0][3][5]$a$18847 [5] $memory$auto$proc_rom.cc:155:do_switch$1897$rdmux[0][3][5]$a$18847 [2] 2'00 $memory$auto$proc_rom.cc:155:do_switch$1897$rdmux[0][3][5]$a$18847 [2:1] 2'01 }
    Consolidated identical input bits for $mux cell $memory$auto$proc_rom.cc:155:do_switch$1897$rdmux[0][4][9]$18882:
      Old ports: A=$memory$auto$proc_rom.cc:155:do_switch$1897$rdmux[0][4][9]$a$18883, B=$memory$auto$proc_rom.cc:155:do_switch$1897$rdmux[0][4][9]$b$18884, Y=$memory$auto$proc_rom.cc:155:do_switch$1897$rdmux[0][3][4]$b$18845
      New ports: A={ $memory$auto$proc_rom.cc:155:do_switch$1897$rdmux[0][4][9]$a$18883 [12] $memory$auto$proc_rom.cc:155:do_switch$1897$rdmux[0][4][9]$a$18883 [1] 2'00 $memory$auto$proc_rom.cc:155:do_switch$1897$rdmux[0][4][9]$a$18883 [12] $memory$auto$proc_rom.cc:155:do_switch$1897$rdmux[0][4][9]$a$18883 [12] 1'0 $memory$auto$proc_rom.cc:155:do_switch$1897$rdmux[0][4][9]$a$18883 [1] $memory$auto$proc_rom.cc:155:do_switch$1897$rdmux[0][4][9]$a$18883 [1] 1'1 }, B={ 1'1 $memory$auto$proc_rom.cc:155:do_switch$1897$rdmux[0][4][9]$b$18884 [9] $memory$auto$proc_rom.cc:155:do_switch$1897$rdmux[0][4][9]$b$18884 [0] 1'1 $memory$auto$proc_rom.cc:155:do_switch$1897$rdmux[0][4][9]$b$18884 [9] 1'0 $memory$auto$proc_rom.cc:155:do_switch$1897$rdmux[0][4][9]$b$18884 [9] $memory$auto$proc_rom.cc:155:do_switch$1897$rdmux[0][4][9]$b$18884 [0] 1'0 $memory$auto$proc_rom.cc:155:do_switch$1897$rdmux[0][4][9]$b$18884 [0] }, Y={ $memory$auto$proc_rom.cc:155:do_switch$1897$rdmux[0][3][4]$b$18845 [27:26] $memory$auto$proc_rom.cc:155:do_switch$1897$rdmux[0][3][4]$b$18845 [19] $memory$auto$proc_rom.cc:155:do_switch$1897$rdmux[0][3][4]$b$18845 [17] $memory$auto$proc_rom.cc:155:do_switch$1897$rdmux[0][3][4]$b$18845 [14] $memory$auto$proc_rom.cc:155:do_switch$1897$rdmux[0][3][4]$b$18845 [12] $memory$auto$proc_rom.cc:155:do_switch$1897$rdmux[0][3][4]$b$18845 [9] $memory$auto$proc_rom.cc:155:do_switch$1897$rdmux[0][3][4]$b$18845 [3] $memory$auto$proc_rom.cc:155:do_switch$1897$rdmux[0][3][4]$b$18845 [1:0] }
      New connections: { $memory$auto$proc_rom.cc:155:do_switch$1897$rdmux[0][3][4]$b$18845 [31:28] $memory$auto$proc_rom.cc:155:do_switch$1897$rdmux[0][3][4]$b$18845 [25:20] $memory$auto$proc_rom.cc:155:do_switch$1897$rdmux[0][3][4]$b$18845 [18] $memory$auto$proc_rom.cc:155:do_switch$1897$rdmux[0][3][4]$b$18845 [16:15] $memory$auto$proc_rom.cc:155:do_switch$1897$rdmux[0][3][4]$b$18845 [13] $memory$auto$proc_rom.cc:155:do_switch$1897$rdmux[0][3][4]$b$18845 [11:10] $memory$auto$proc_rom.cc:155:do_switch$1897$rdmux[0][3][4]$b$18845 [8:4] $memory$auto$proc_rom.cc:155:do_switch$1897$rdmux[0][3][4]$b$18845 [2] } = { 4'0110 $memory$auto$proc_rom.cc:155:do_switch$1897$rdmux[0][3][4]$b$18845 [14] 3'101 $memory$auto$proc_rom.cc:155:do_switch$1897$rdmux[0][3][4]$b$18845 [14] $memory$auto$proc_rom.cc:155:do_switch$1897$rdmux[0][3][4]$b$18845 [9] $memory$auto$proc_rom.cc:155:do_switch$1897$rdmux[0][3][4]$b$18845 [3] $memory$auto$proc_rom.cc:155:do_switch$1897$rdmux[0][3][4]$b$18845 [12] 3'010 $memory$auto$proc_rom.cc:155:do_switch$1897$rdmux[0][3][4]$b$18845 [9] 2'00 $memory$auto$proc_rom.cc:155:do_switch$1897$rdmux[0][3][4]$b$18845 [0] 2'10 $memory$auto$proc_rom.cc:155:do_switch$1897$rdmux[0][3][4]$b$18845 [0] }
    Consolidated identical input bits for $mux cell $memory$auto$proc_rom.cc:155:do_switch$1897$rdmux[0][4][8]$18879:
      Old ports: A=$memory$auto$proc_rom.cc:155:do_switch$1897$rdmux[0][4][8]$a$18880, B=$memory$auto$proc_rom.cc:155:do_switch$1897$rdmux[0][4][8]$b$18881, Y=$memory$auto$proc_rom.cc:155:do_switch$1897$rdmux[0][3][4]$a$18844
      New ports: A={ 1'1 $memory$auto$proc_rom.cc:155:do_switch$1897$rdmux[0][4][8]$a$18880 [4] $memory$auto$proc_rom.cc:155:do_switch$1897$rdmux[0][4][8]$a$18880 [4] $memory$auto$proc_rom.cc:155:do_switch$1897$rdmux[0][4][8]$a$18880 [4] $memory$auto$proc_rom.cc:155:do_switch$1897$rdmux[0][4][8]$a$18880 [5:4] 3'001 }, B={ $memory$auto$proc_rom.cc:155:do_switch$1897$rdmux[0][4][8]$b$18881 [8] 1'1 $memory$auto$proc_rom.cc:155:do_switch$1897$rdmux[0][4][8]$b$18881 [0] $memory$auto$proc_rom.cc:155:do_switch$1897$rdmux[0][4][8]$b$18881 [8] $memory$auto$proc_rom.cc:155:do_switch$1897$rdmux[0][4][8]$b$18881 [0] 2'01 $memory$auto$proc_rom.cc:155:do_switch$1897$rdmux[0][4][8]$b$18881 [0] $memory$auto$proc_rom.cc:155:do_switch$1897$rdmux[0][4][8]$b$18881 [0] }, Y={ $memory$auto$proc_rom.cc:155:do_switch$1897$rdmux[0][3][4]$a$18844 [21] $memory$auto$proc_rom.cc:155:do_switch$1897$rdmux[0][3][4]$a$18844 [13:12] $memory$auto$proc_rom.cc:155:do_switch$1897$rdmux[0][3][4]$a$18844 [8] $memory$auto$proc_rom.cc:155:do_switch$1897$rdmux[0][3][4]$a$18844 [5:2] $memory$auto$proc_rom.cc:155:do_switch$1897$rdmux[0][3][4]$a$18844 [0] }
      New connections: { $memory$auto$proc_rom.cc:155:do_switch$1897$rdmux[0][3][4]$a$18844 [31:22] $memory$auto$proc_rom.cc:155:do_switch$1897$rdmux[0][3][4]$a$18844 [20:14] $memory$auto$proc_rom.cc:155:do_switch$1897$rdmux[0][3][4]$a$18844 [11:9] $memory$auto$proc_rom.cc:155:do_switch$1897$rdmux[0][3][4]$a$18844 [7:6] $memory$auto$proc_rom.cc:155:do_switch$1897$rdmux[0][3][4]$a$18844 [1] } = { $memory$auto$proc_rom.cc:155:do_switch$1897$rdmux[0][3][4]$a$18844 [2] $memory$auto$proc_rom.cc:155:do_switch$1897$rdmux[0][3][4]$a$18844 [3] $memory$auto$proc_rom.cc:155:do_switch$1897$rdmux[0][3][4]$a$18844 [3:2] $memory$auto$proc_rom.cc:155:do_switch$1897$rdmux[0][3][4]$a$18844 [13] $memory$auto$proc_rom.cc:155:do_switch$1897$rdmux[0][3][4]$a$18844 [13:12] $memory$auto$proc_rom.cc:155:do_switch$1897$rdmux[0][3][4]$a$18844 [4] $memory$auto$proc_rom.cc:155:do_switch$1897$rdmux[0][3][4]$a$18844 [0] $memory$auto$proc_rom.cc:155:do_switch$1897$rdmux[0][3][4]$a$18844 [21] $memory$auto$proc_rom.cc:155:do_switch$1897$rdmux[0][3][4]$a$18844 [0] $memory$auto$proc_rom.cc:155:do_switch$1897$rdmux[0][3][4]$a$18844 [3] 1'1 $memory$auto$proc_rom.cc:155:do_switch$1897$rdmux[0][3][4]$a$18844 [0] $memory$auto$proc_rom.cc:155:do_switch$1897$rdmux[0][3][4]$a$18844 [12] $memory$auto$proc_rom.cc:155:do_switch$1897$rdmux[0][3][4]$a$18844 [12] $memory$auto$proc_rom.cc:155:do_switch$1897$rdmux[0][3][4]$a$18844 [13] 1'0 $memory$auto$proc_rom.cc:155:do_switch$1897$rdmux[0][3][4]$a$18844 [8] $memory$auto$proc_rom.cc:155:do_switch$1897$rdmux[0][3][4]$a$18844 [4] $memory$auto$proc_rom.cc:155:do_switch$1897$rdmux[0][3][4]$a$18844 [4:3] $memory$auto$proc_rom.cc:155:do_switch$1897$rdmux[0][3][4]$a$18844 [0] }
    Consolidated identical input bits for $mux cell $memory$auto$proc_rom.cc:155:do_switch$1897$rdmux[0][4][7]$18876:
      Old ports: A=$memory$auto$proc_rom.cc:155:do_switch$1897$rdmux[0][4][7]$a$18877, B=$memory$auto$proc_rom.cc:155:do_switch$1897$rdmux[0][4][7]$b$18878, Y=$memory$auto$proc_rom.cc:155:do_switch$1897$rdmux[0][3][3]$b$18842
      New ports: A={ 1'1 $memory$auto$proc_rom.cc:155:do_switch$1897$rdmux[0][4][7]$a$18877 [4] $memory$auto$proc_rom.cc:155:do_switch$1897$rdmux[0][4][7]$a$18877 [4] 3'110 $memory$auto$proc_rom.cc:155:do_switch$1897$rdmux[0][4][7]$a$18877 [4] }, B={ $memory$auto$proc_rom.cc:155:do_switch$1897$rdmux[0][4][7]$b$18878 [5] 1'1 $memory$auto$proc_rom.cc:155:do_switch$1897$rdmux[0][4][7]$b$18878 [8] 1'0 $memory$auto$proc_rom.cc:155:do_switch$1897$rdmux[0][4][7]$b$18878 [8] $memory$auto$proc_rom.cc:155:do_switch$1897$rdmux[0][4][7]$b$18878 [5] 1'0 }, Y={ $memory$auto$proc_rom.cc:155:do_switch$1897$rdmux[0][3][3]$b$18842 [16:13] $memory$auto$proc_rom.cc:155:do_switch$1897$rdmux[0][3][3]$b$18842 [8] $memory$auto$proc_rom.cc:155:do_switch$1897$rdmux[0][3][3]$b$18842 [5:4] }
      New connections: { $memory$auto$proc_rom.cc:155:do_switch$1897$rdmux[0][3][3]$b$18842 [31:17] $memory$auto$proc_rom.cc:155:do_switch$1897$rdmux[0][3][3]$b$18842 [12:9] $memory$auto$proc_rom.cc:155:do_switch$1897$rdmux[0][3][3]$b$18842 [7:6] $memory$auto$proc_rom.cc:155:do_switch$1897$rdmux[0][3][3]$b$18842 [3:0] } = { $memory$auto$proc_rom.cc:155:do_switch$1897$rdmux[0][3][3]$b$18842 [5] $memory$auto$proc_rom.cc:155:do_switch$1897$rdmux[0][3][3]$b$18842 [5] $memory$auto$proc_rom.cc:155:do_switch$1897$rdmux[0][3][3]$b$18842 [5] $memory$auto$proc_rom.cc:155:do_switch$1897$rdmux[0][3][3]$b$18842 [5] $memory$auto$proc_rom.cc:155:do_switch$1897$rdmux[0][3][3]$b$18842 [5] $memory$auto$proc_rom.cc:155:do_switch$1897$rdmux[0][3][3]$b$18842 [5] $memory$auto$proc_rom.cc:155:do_switch$1897$rdmux[0][3][3]$b$18842 [5] 3'000 $memory$auto$proc_rom.cc:155:do_switch$1897$rdmux[0][3][3]$b$18842 [4] 4'0011 $memory$auto$proc_rom.cc:155:do_switch$1897$rdmux[0][3][3]$b$18842 [4] $memory$auto$proc_rom.cc:155:do_switch$1897$rdmux[0][3][3]$b$18842 [5] 1'1 $memory$auto$proc_rom.cc:155:do_switch$1897$rdmux[0][3][3]$b$18842 [8] 1'1 $memory$auto$proc_rom.cc:155:do_switch$1897$rdmux[0][3][3]$b$18842 [5] 4'0011 }
    Consolidated identical input bits for $mux cell $memory$auto$proc_rom.cc:155:do_switch$1897$rdmux[0][4][6]$18873:
      Old ports: A=$memory$auto$proc_rom.cc:155:do_switch$1897$rdmux[0][4][6]$a$18874, B=$memory$auto$proc_rom.cc:155:do_switch$1897$rdmux[0][4][6]$b$18875, Y=$memory$auto$proc_rom.cc:155:do_switch$1897$rdmux[0][3][3]$a$18841
      New ports: A={ 3'000 $memory$auto$proc_rom.cc:155:do_switch$1897$rdmux[0][4][6]$a$18874 [7] 1'1 }, B={ 1'1 $memory$auto$proc_rom.cc:155:do_switch$1897$rdmux[0][4][6]$b$18875 [7] $memory$auto$proc_rom.cc:155:do_switch$1897$rdmux[0][4][6]$b$18875 [8:7] 1'0 }, Y={ $memory$auto$proc_rom.cc:155:do_switch$1897$rdmux[0][3][3]$a$18841 [17] $memory$auto$proc_rom.cc:155:do_switch$1897$rdmux[0][3][3]$a$18841 [15] $memory$auto$proc_rom.cc:155:do_switch$1897$rdmux[0][3][3]$a$18841 [8:7] $memory$auto$proc_rom.cc:155:do_switch$1897$rdmux[0][3][3]$a$18841 [2] }
      New connections: { $memory$auto$proc_rom.cc:155:do_switch$1897$rdmux[0][3][3]$a$18841 [31:18] $memory$auto$proc_rom.cc:155:do_switch$1897$rdmux[0][3][3]$a$18841 [16] $memory$auto$proc_rom.cc:155:do_switch$1897$rdmux[0][3][3]$a$18841 [14:9] $memory$auto$proc_rom.cc:155:do_switch$1897$rdmux[0][3][3]$a$18841 [6:3] $memory$auto$proc_rom.cc:155:do_switch$1897$rdmux[0][3][3]$a$18841 [1:0] } = { 3'000 $memory$auto$proc_rom.cc:155:do_switch$1897$rdmux[0][3][3]$a$18841 [2] 4'0000 $memory$auto$proc_rom.cc:155:do_switch$1897$rdmux[0][3][3]$a$18841 [8] $memory$auto$proc_rom.cc:155:do_switch$1897$rdmux[0][3][3]$a$18841 [15] 3'000 $memory$auto$proc_rom.cc:155:do_switch$1897$rdmux[0][3][3]$a$18841 [17] $memory$auto$proc_rom.cc:155:do_switch$1897$rdmux[0][3][3]$a$18841 [8] 7'0000110 $memory$auto$proc_rom.cc:155:do_switch$1897$rdmux[0][3][3]$a$18841 [2] 4'1011 }
    Consolidated identical input bits for $mux cell $memory$auto$proc_rom.cc:155:do_switch$1897$rdmux[0][4][5]$18870:
      Old ports: A=$memory$auto$proc_rom.cc:155:do_switch$1897$rdmux[0][4][5]$a$18871, B=$memory$auto$proc_rom.cc:155:do_switch$1897$rdmux[0][4][5]$b$18872, Y=$memory$auto$proc_rom.cc:155:do_switch$1897$rdmux[0][3][2]$b$18839
      New ports: A={ $memory$auto$proc_rom.cc:155:do_switch$1897$rdmux[0][4][5]$a$18871 [4] 1'1 $memory$auto$proc_rom.cc:155:do_switch$1897$rdmux[0][4][5]$a$18871 [5] $memory$auto$proc_rom.cc:155:do_switch$1897$rdmux[0][4][5]$a$18871 [5] $memory$auto$proc_rom.cc:155:do_switch$1897$rdmux[0][4][5]$a$18871 [5:4] 1'0 }, B={ 1'0 $memory$auto$proc_rom.cc:155:do_switch$1897$rdmux[0][4][5]$b$18872 [6] 1'0 $memory$auto$proc_rom.cc:155:do_switch$1897$rdmux[0][4][5]$b$18872 [6] 1'1 $memory$auto$proc_rom.cc:155:do_switch$1897$rdmux[0][4][5]$b$18872 [2] $memory$auto$proc_rom.cc:155:do_switch$1897$rdmux[0][4][5]$b$18872 [2] }, Y={ $memory$auto$proc_rom.cc:155:do_switch$1897$rdmux[0][3][2]$b$18839 [20] $memory$auto$proc_rom.cc:155:do_switch$1897$rdmux[0][3][2]$b$18839 [17] $memory$auto$proc_rom.cc:155:do_switch$1897$rdmux[0][3][2]$b$18839 [11] $memory$auto$proc_rom.cc:155:do_switch$1897$rdmux[0][3][2]$b$18839 [6:4] $memory$auto$proc_rom.cc:155:do_switch$1897$rdmux[0][3][2]$b$18839 [2] }
      New connections: { $memory$auto$proc_rom.cc:155:do_switch$1897$rdmux[0][3][2]$b$18839 [31:21] $memory$auto$proc_rom.cc:155:do_switch$1897$rdmux[0][3][2]$b$18839 [19:18] $memory$auto$proc_rom.cc:155:do_switch$1897$rdmux[0][3][2]$b$18839 [16:12] $memory$auto$proc_rom.cc:155:do_switch$1897$rdmux[0][3][2]$b$18839 [10:7] $memory$auto$proc_rom.cc:155:do_switch$1897$rdmux[0][3][2]$b$18839 [3] $memory$auto$proc_rom.cc:155:do_switch$1897$rdmux[0][3][2]$b$18839 [1:0] } = { $memory$auto$proc_rom.cc:155:do_switch$1897$rdmux[0][3][2]$b$18839 [17] $memory$auto$proc_rom.cc:155:do_switch$1897$rdmux[0][3][2]$b$18839 [17] $memory$auto$proc_rom.cc:155:do_switch$1897$rdmux[0][3][2]$b$18839 [17] 1'1 $memory$auto$proc_rom.cc:155:do_switch$1897$rdmux[0][3][2]$b$18839 [17] $memory$auto$proc_rom.cc:155:do_switch$1897$rdmux[0][3][2]$b$18839 [17] $memory$auto$proc_rom.cc:155:do_switch$1897$rdmux[0][3][2]$b$18839 [17] $memory$auto$proc_rom.cc:155:do_switch$1897$rdmux[0][3][2]$b$18839 [20] $memory$auto$proc_rom.cc:155:do_switch$1897$rdmux[0][3][2]$b$18839 [20] $memory$auto$proc_rom.cc:155:do_switch$1897$rdmux[0][3][2]$b$18839 [20] $memory$auto$proc_rom.cc:155:do_switch$1897$rdmux[0][3][2]$b$18839 [20] 1'0 $memory$auto$proc_rom.cc:155:do_switch$1897$rdmux[0][3][2]$b$18839 [17] $memory$auto$proc_rom.cc:155:do_switch$1897$rdmux[0][3][2]$b$18839 [11] 3'000 $memory$auto$proc_rom.cc:155:do_switch$1897$rdmux[0][3][2]$b$18839 [6] $memory$auto$proc_rom.cc:155:do_switch$1897$rdmux[0][3][2]$b$18839 [4] 1'1 $memory$auto$proc_rom.cc:155:do_switch$1897$rdmux[0][3][2]$b$18839 [2] $memory$auto$proc_rom.cc:155:do_switch$1897$rdmux[0][3][2]$b$18839 [6] 3'011 }
    Consolidated identical input bits for $mux cell $memory$auto$proc_rom.cc:155:do_switch$1897$rdmux[0][4][4]$18867:
      Old ports: A=$memory$auto$proc_rom.cc:155:do_switch$1897$rdmux[0][4][4]$a$18868, B=$memory$auto$proc_rom.cc:155:do_switch$1897$rdmux[0][4][4]$b$18869, Y=$memory$auto$proc_rom.cc:155:do_switch$1897$rdmux[0][3][2]$a$18838
      New ports: A={ $memory$auto$proc_rom.cc:155:do_switch$1897$rdmux[0][4][4]$a$18868 [17] $memory$auto$proc_rom.cc:155:do_switch$1897$rdmux[0][4][4]$a$18868 [17] 4'0101 }, B={ 2'01 $memory$auto$proc_rom.cc:155:do_switch$1897$rdmux[0][4][4]$b$18869 [8] $memory$auto$proc_rom.cc:155:do_switch$1897$rdmux[0][4][4]$b$18869 [8] $memory$auto$proc_rom.cc:155:do_switch$1897$rdmux[0][4][4]$b$18869 [5] 1'0 }, Y={ $memory$auto$proc_rom.cc:155:do_switch$1897$rdmux[0][3][2]$a$18838 [20] $memory$auto$proc_rom.cc:155:do_switch$1897$rdmux[0][3][2]$a$18838 [17] $memory$auto$proc_rom.cc:155:do_switch$1897$rdmux[0][3][2]$a$18838 [14] $memory$auto$proc_rom.cc:155:do_switch$1897$rdmux[0][3][2]$a$18838 [8] $memory$auto$proc_rom.cc:155:do_switch$1897$rdmux[0][3][2]$a$18838 [5:4] }
      New connections: { $memory$auto$proc_rom.cc:155:do_switch$1897$rdmux[0][3][2]$a$18838 [31:21] $memory$auto$proc_rom.cc:155:do_switch$1897$rdmux[0][3][2]$a$18838 [19:18] $memory$auto$proc_rom.cc:155:do_switch$1897$rdmux[0][3][2]$a$18838 [16:15] $memory$auto$proc_rom.cc:155:do_switch$1897$rdmux[0][3][2]$a$18838 [13:9] $memory$auto$proc_rom.cc:155:do_switch$1897$rdmux[0][3][2]$a$18838 [7:6] $memory$auto$proc_rom.cc:155:do_switch$1897$rdmux[0][3][2]$a$18838 [3:0] } = { 8'00000000 $memory$auto$proc_rom.cc:155:do_switch$1897$rdmux[0][3][2]$a$18838 [5] $memory$auto$proc_rom.cc:155:do_switch$1897$rdmux[0][3][2]$a$18838 [5] $memory$auto$proc_rom.cc:155:do_switch$1897$rdmux[0][3][2]$a$18838 [5] 2'01 $memory$auto$proc_rom.cc:155:do_switch$1897$rdmux[0][3][2]$a$18838 [8] 4'1000 $memory$auto$proc_rom.cc:155:do_switch$1897$rdmux[0][3][2]$a$18838 [8] $memory$auto$proc_rom.cc:155:do_switch$1897$rdmux[0][3][2]$a$18838 [8] $memory$auto$proc_rom.cc:155:do_switch$1897$rdmux[0][3][2]$a$18838 [4] 5'00011 }
    Consolidated identical input bits for $mux cell $memory$auto$proc_rom.cc:155:do_switch$1897$rdmux[0][4][3]$18864:
      Old ports: A=$memory$auto$proc_rom.cc:155:do_switch$1897$rdmux[0][4][3]$a$18865, B=$memory$auto$proc_rom.cc:155:do_switch$1897$rdmux[0][4][3]$b$18866, Y=$memory$auto$proc_rom.cc:155:do_switch$1897$rdmux[0][3][1]$b$18836
      New ports: A={ 2'01 $memory$auto$proc_rom.cc:155:do_switch$1897$rdmux[0][4][3]$a$18865 [7] $memory$auto$proc_rom.cc:155:do_switch$1897$rdmux[0][4][3]$a$18865 [9] $memory$auto$proc_rom.cc:155:do_switch$1897$rdmux[0][4][3]$a$18865 [9] $memory$auto$proc_rom.cc:155:do_switch$1897$rdmux[0][4][3]$a$18865 [7] $memory$auto$proc_rom.cc:155:do_switch$1897$rdmux[0][4][3]$a$18865 [7] 1'0 }, B={ $memory$auto$proc_rom.cc:155:do_switch$1897$rdmux[0][4][3]$b$18866 [8] $memory$auto$proc_rom.cc:155:do_switch$1897$rdmux[0][4][3]$b$18866 [8] 3'001 $memory$auto$proc_rom.cc:155:do_switch$1897$rdmux[0][4][3]$b$18866 [8] $memory$auto$proc_rom.cc:155:do_switch$1897$rdmux[0][4][3]$b$18866 [2] $memory$auto$proc_rom.cc:155:do_switch$1897$rdmux[0][4][3]$b$18866 [2] }, Y={ $memory$auto$proc_rom.cc:155:do_switch$1897$rdmux[0][3][1]$b$18836 [26] $memory$auto$proc_rom.cc:155:do_switch$1897$rdmux[0][3][1]$b$18836 [23:21] $memory$auto$proc_rom.cc:155:do_switch$1897$rdmux[0][3][1]$b$18836 [9:7] $memory$auto$proc_rom.cc:155:do_switch$1897$rdmux[0][3][1]$b$18836 [2] }
      New connections: { $memory$auto$proc_rom.cc:155:do_switch$1897$rdmux[0][3][1]$b$18836 [31:27] $memory$auto$proc_rom.cc:155:do_switch$1897$rdmux[0][3][1]$b$18836 [25:24] $memory$auto$proc_rom.cc:155:do_switch$1897$rdmux[0][3][1]$b$18836 [20:10] $memory$auto$proc_rom.cc:155:do_switch$1897$rdmux[0][3][1]$b$18836 [6:3] $memory$auto$proc_rom.cc:155:do_switch$1897$rdmux[0][3][1]$b$18836 [1:0] } = { 3'000 $memory$auto$proc_rom.cc:155:do_switch$1897$rdmux[0][3][1]$b$18836 [2] $memory$auto$proc_rom.cc:155:do_switch$1897$rdmux[0][3][1]$b$18836 [22] 14'00000000000010 $memory$auto$proc_rom.cc:155:do_switch$1897$rdmux[0][3][1]$b$18836 [2] 4'1011 }
    Consolidated identical input bits for $mux cell $memory$auto$proc_rom.cc:155:do_switch$1897$rdmux[0][4][2]$18861:
      Old ports: A=$memory$auto$proc_rom.cc:155:do_switch$1897$rdmux[0][4][2]$a$18862, B=$memory$auto$proc_rom.cc:155:do_switch$1897$rdmux[0][4][2]$b$18863, Y=$memory$auto$proc_rom.cc:155:do_switch$1897$rdmux[0][3][1]$a$18835
      New ports: A={ 2'01 $memory$auto$proc_rom.cc:155:do_switch$1897$rdmux[0][4][2]$a$18862 [2] $memory$auto$proc_rom.cc:155:do_switch$1897$rdmux[0][4][2]$a$18862 [4] $memory$auto$proc_rom.cc:155:do_switch$1897$rdmux[0][4][2]$a$18862 [4] $memory$auto$proc_rom.cc:155:do_switch$1897$rdmux[0][4][2]$a$18862 [2] }, B={ $memory$auto$proc_rom.cc:155:do_switch$1897$rdmux[0][4][2]$b$18863 [7] 2'00 $memory$auto$proc_rom.cc:155:do_switch$1897$rdmux[0][4][2]$b$18863 [7] 2'01 }, Y={ $memory$auto$proc_rom.cc:155:do_switch$1897$rdmux[0][3][1]$a$18835 [23] $memory$auto$proc_rom.cc:155:do_switch$1897$rdmux[0][3][1]$a$18835 [15] $memory$auto$proc_rom.cc:155:do_switch$1897$rdmux[0][3][1]$a$18835 [12] $memory$auto$proc_rom.cc:155:do_switch$1897$rdmux[0][3][1]$a$18835 [7] $memory$auto$proc_rom.cc:155:do_switch$1897$rdmux[0][3][1]$a$18835 [4] $memory$auto$proc_rom.cc:155:do_switch$1897$rdmux[0][3][1]$a$18835 [2] }
      New connections: { $memory$auto$proc_rom.cc:155:do_switch$1897$rdmux[0][3][1]$a$18835 [31:24] $memory$auto$proc_rom.cc:155:do_switch$1897$rdmux[0][3][1]$a$18835 [22:16] $memory$auto$proc_rom.cc:155:do_switch$1897$rdmux[0][3][1]$a$18835 [14:13] $memory$auto$proc_rom.cc:155:do_switch$1897$rdmux[0][3][1]$a$18835 [11:8] $memory$auto$proc_rom.cc:155:do_switch$1897$rdmux[0][3][1]$a$18835 [6:5] $memory$auto$proc_rom.cc:155:do_switch$1897$rdmux[0][3][1]$a$18835 [3] $memory$auto$proc_rom.cc:155:do_switch$1897$rdmux[0][3][1]$a$18835 [1:0] } = { $memory$auto$proc_rom.cc:155:do_switch$1897$rdmux[0][3][1]$a$18835 [12] $memory$auto$proc_rom.cc:155:do_switch$1897$rdmux[0][3][1]$a$18835 [12] $memory$auto$proc_rom.cc:155:do_switch$1897$rdmux[0][3][1]$a$18835 [12] $memory$auto$proc_rom.cc:155:do_switch$1897$rdmux[0][3][1]$a$18835 [12] $memory$auto$proc_rom.cc:155:do_switch$1897$rdmux[0][3][1]$a$18835 [12] $memory$auto$proc_rom.cc:155:do_switch$1897$rdmux[0][3][1]$a$18835 [12] $memory$auto$proc_rom.cc:155:do_switch$1897$rdmux[0][3][1]$a$18835 [12] $memory$auto$proc_rom.cc:155:do_switch$1897$rdmux[0][3][1]$a$18835 [12] $memory$auto$proc_rom.cc:155:do_switch$1897$rdmux[0][3][1]$a$18835 [15] 1'0 $memory$auto$proc_rom.cc:155:do_switch$1897$rdmux[0][3][1]$a$18835 [12] $memory$auto$proc_rom.cc:155:do_switch$1897$rdmux[0][3][1]$a$18835 [12] $memory$auto$proc_rom.cc:155:do_switch$1897$rdmux[0][3][1]$a$18835 [12] $memory$auto$proc_rom.cc:155:do_switch$1897$rdmux[0][3][1]$a$18835 [15] $memory$auto$proc_rom.cc:155:do_switch$1897$rdmux[0][3][1]$a$18835 [12] $memory$auto$proc_rom.cc:155:do_switch$1897$rdmux[0][3][1]$a$18835 [12] $memory$auto$proc_rom.cc:155:do_switch$1897$rdmux[0][3][1]$a$18835 [12] 2'00 $memory$auto$proc_rom.cc:155:do_switch$1897$rdmux[0][3][1]$a$18835 [4] 1'0 $memory$auto$proc_rom.cc:155:do_switch$1897$rdmux[0][3][1]$a$18835 [2] $memory$auto$proc_rom.cc:155:do_switch$1897$rdmux[0][3][1]$a$18835 [2] $memory$auto$proc_rom.cc:155:do_switch$1897$rdmux[0][3][1]$a$18835 [2] 2'11 }
    Consolidated identical input bits for $mux cell $memory$auto$proc_rom.cc:155:do_switch$1897$rdmux[0][4][1]$18858:
      Old ports: A=$memory$auto$proc_rom.cc:155:do_switch$1897$rdmux[0][4][1]$a$18859, B=$memory$auto$proc_rom.cc:155:do_switch$1897$rdmux[0][4][1]$b$18860, Y=$memory$auto$proc_rom.cc:155:do_switch$1897$rdmux[0][3][0]$b$18833
      New ports: A={ $memory$auto$proc_rom.cc:155:do_switch$1897$rdmux[0][4][1]$a$18859 [17] $memory$auto$proc_rom.cc:155:do_switch$1897$rdmux[0][4][1]$a$18859 [17] 4'0001 $memory$auto$proc_rom.cc:155:do_switch$1897$rdmux[0][4][1]$a$18859 [2] }, B={ 2'01 $memory$auto$proc_rom.cc:155:do_switch$1897$rdmux[0][4][1]$b$18860 [13] $memory$auto$proc_rom.cc:155:do_switch$1897$rdmux[0][4][1]$b$18860 [6] 3'100 }, Y={ $memory$auto$proc_rom.cc:155:do_switch$1897$rdmux[0][3][0]$b$18833 [24] $memory$auto$proc_rom.cc:155:do_switch$1897$rdmux[0][3][0]$b$18833 [17] $memory$auto$proc_rom.cc:155:do_switch$1897$rdmux[0][3][0]$b$18833 [13] $memory$auto$proc_rom.cc:155:do_switch$1897$rdmux[0][3][0]$b$18833 [6:4] $memory$auto$proc_rom.cc:155:do_switch$1897$rdmux[0][3][0]$b$18833 [2] }
      New connections: { $memory$auto$proc_rom.cc:155:do_switch$1897$rdmux[0][3][0]$b$18833 [31:25] $memory$auto$proc_rom.cc:155:do_switch$1897$rdmux[0][3][0]$b$18833 [23:18] $memory$auto$proc_rom.cc:155:do_switch$1897$rdmux[0][3][0]$b$18833 [16:14] $memory$auto$proc_rom.cc:155:do_switch$1897$rdmux[0][3][0]$b$18833 [12:7] $memory$auto$proc_rom.cc:155:do_switch$1897$rdmux[0][3][0]$b$18833 [3] $memory$auto$proc_rom.cc:155:do_switch$1897$rdmux[0][3][0]$b$18833 [1:0] } = { $memory$auto$proc_rom.cc:155:do_switch$1897$rdmux[0][3][0]$b$18833 [24] $memory$auto$proc_rom.cc:155:do_switch$1897$rdmux[0][3][0]$b$18833 [24] $memory$auto$proc_rom.cc:155:do_switch$1897$rdmux[0][3][0]$b$18833 [24] $memory$auto$proc_rom.cc:155:do_switch$1897$rdmux[0][3][0]$b$18833 [24] $memory$auto$proc_rom.cc:155:do_switch$1897$rdmux[0][3][0]$b$18833 [24] $memory$auto$proc_rom.cc:155:do_switch$1897$rdmux[0][3][0]$b$18833 [24] $memory$auto$proc_rom.cc:155:do_switch$1897$rdmux[0][3][0]$b$18833 [24] 1'0 $memory$auto$proc_rom.cc:155:do_switch$1897$rdmux[0][3][0]$b$18833 [6] $memory$auto$proc_rom.cc:155:do_switch$1897$rdmux[0][3][0]$b$18833 [6] 3'000 $memory$auto$proc_rom.cc:155:do_switch$1897$rdmux[0][3][0]$b$18833 [4] $memory$auto$proc_rom.cc:155:do_switch$1897$rdmux[0][3][0]$b$18833 [5] $memory$auto$proc_rom.cc:155:do_switch$1897$rdmux[0][3][0]$b$18833 [6] $memory$auto$proc_rom.cc:155:do_switch$1897$rdmux[0][3][0]$b$18833 [6] $memory$auto$proc_rom.cc:155:do_switch$1897$rdmux[0][3][0]$b$18833 [6] 1'0 $memory$auto$proc_rom.cc:155:do_switch$1897$rdmux[0][3][0]$b$18833 [4] $memory$auto$proc_rom.cc:155:do_switch$1897$rdmux[0][3][0]$b$18833 [4] 4'0011 }
    Consolidated identical input bits for $mux cell $memory$auto$proc_rom.cc:155:do_switch$1897$rdmux[0][4][0]$18855:
      Old ports: A=$memory$auto$proc_rom.cc:155:do_switch$1897$rdmux[0][4][0]$a$18856, B=$memory$auto$proc_rom.cc:155:do_switch$1897$rdmux[0][4][0]$b$18857, Y=$memory$auto$proc_rom.cc:155:do_switch$1897$rdmux[0][3][0]$a$18832
      New ports: A={ $memory$auto$proc_rom.cc:155:do_switch$1897$rdmux[0][4][0]$a$18856 [16] $memory$auto$proc_rom.cc:155:do_switch$1897$rdmux[0][4][0]$a$18856 [16] $memory$auto$proc_rom.cc:155:do_switch$1897$rdmux[0][4][0]$a$18856 [2] $memory$auto$proc_rom.cc:155:do_switch$1897$rdmux[0][4][0]$a$18856 [16] 3'010 $memory$auto$proc_rom.cc:155:do_switch$1897$rdmux[0][4][0]$a$18856 [2] $memory$auto$proc_rom.cc:155:do_switch$1897$rdmux[0][4][0]$a$18856 [2] }, B={ $memory$auto$proc_rom.cc:155:do_switch$1897$rdmux[0][4][0]$b$18857 [15] 1'0 $memory$auto$proc_rom.cc:155:do_switch$1897$rdmux[0][4][0]$b$18857 [15] $memory$auto$proc_rom.cc:155:do_switch$1897$rdmux[0][4][0]$b$18857 [2] $memory$auto$proc_rom.cc:155:do_switch$1897$rdmux[0][4][0]$b$18857 [15] 3'010 $memory$auto$proc_rom.cc:155:do_switch$1897$rdmux[0][4][0]$b$18857 [2] }, Y={ $memory$auto$proc_rom.cc:155:do_switch$1897$rdmux[0][3][0]$a$18832 [23:22] $memory$auto$proc_rom.cc:155:do_switch$1897$rdmux[0][3][0]$a$18832 [17:15] $memory$auto$proc_rom.cc:155:do_switch$1897$rdmux[0][3][0]$a$18832 [8:7] $memory$auto$proc_rom.cc:155:do_switch$1897$rdmux[0][3][0]$a$18832 [5] $memory$auto$proc_rom.cc:155:do_switch$1897$rdmux[0][3][0]$a$18832 [2] }
      New connections: { $memory$auto$proc_rom.cc:155:do_switch$1897$rdmux[0][3][0]$a$18832 [31:24] $memory$auto$proc_rom.cc:155:do_switch$1897$rdmux[0][3][0]$a$18832 [21:18] $memory$auto$proc_rom.cc:155:do_switch$1897$rdmux[0][3][0]$a$18832 [14:9] $memory$auto$proc_rom.cc:155:do_switch$1897$rdmux[0][3][0]$a$18832 [6] $memory$auto$proc_rom.cc:155:do_switch$1897$rdmux[0][3][0]$a$18832 [4:3] $memory$auto$proc_rom.cc:155:do_switch$1897$rdmux[0][3][0]$a$18832 [1:0] } = { $memory$auto$proc_rom.cc:155:do_switch$1897$rdmux[0][3][0]$a$18832 [23] $memory$auto$proc_rom.cc:155:do_switch$1897$rdmux[0][3][0]$a$18832 [23] $memory$auto$proc_rom.cc:155:do_switch$1897$rdmux[0][3][0]$a$18832 [23] $memory$auto$proc_rom.cc:155:do_switch$1897$rdmux[0][3][0]$a$18832 [23] $memory$auto$proc_rom.cc:155:do_switch$1897$rdmux[0][3][0]$a$18832 [23] $memory$auto$proc_rom.cc:155:do_switch$1897$rdmux[0][3][0]$a$18832 [23] $memory$auto$proc_rom.cc:155:do_switch$1897$rdmux[0][3][0]$a$18832 [23] $memory$auto$proc_rom.cc:155:do_switch$1897$rdmux[0][3][0]$a$18832 [23] 9'000000000 $memory$auto$proc_rom.cc:155:do_switch$1897$rdmux[0][3][0]$a$18832 [7] 5'01011 }
  Optimizing cells in module $paramod$edcaa0cfb453980d1e33a3c938c1a32918b9f1d7\rom.
    Consolidated identical input bits for $mux cell $memory$auto$proc_rom.cc:155:do_switch$1897$rdmux[0][3][5]$18846:
      Old ports: A=$memory$auto$proc_rom.cc:155:do_switch$1897$rdmux[0][3][5]$a$18847, B=19, Y=$memory$auto$proc_rom.cc:155:do_switch$1897$rdmux[0][2][2]$b$18827
      New ports: A={ $memory$auto$proc_rom.cc:155:do_switch$1897$rdmux[0][3][5]$a$18847 [9] $memory$auto$proc_rom.cc:155:do_switch$1897$rdmux[0][3][5]$a$18847 [5] $memory$auto$proc_rom.cc:155:do_switch$1897$rdmux[0][3][5]$a$18847 [2:1] }, B=4'0001, Y={ $memory$auto$proc_rom.cc:155:do_switch$1897$rdmux[0][2][2]$b$18827 [9] $memory$auto$proc_rom.cc:155:do_switch$1897$rdmux[0][2][2]$b$18827 [5] $memory$auto$proc_rom.cc:155:do_switch$1897$rdmux[0][2][2]$b$18827 [2:1] }
      New connections: { $memory$auto$proc_rom.cc:155:do_switch$1897$rdmux[0][2][2]$b$18827 [31:10] $memory$auto$proc_rom.cc:155:do_switch$1897$rdmux[0][2][2]$b$18827 [8:6] $memory$auto$proc_rom.cc:155:do_switch$1897$rdmux[0][2][2]$b$18827 [4:3] $memory$auto$proc_rom.cc:155:do_switch$1897$rdmux[0][2][2]$b$18827 [0] } = { 1'0 $memory$auto$proc_rom.cc:155:do_switch$1897$rdmux[0][2][2]$b$18827 [2] $memory$auto$proc_rom.cc:155:do_switch$1897$rdmux[0][2][2]$b$18827 [2] $memory$auto$proc_rom.cc:155:do_switch$1897$rdmux[0][2][2]$b$18827 [2] 1'0 $memory$auto$proc_rom.cc:155:do_switch$1897$rdmux[0][2][2]$b$18827 [2] 3'000 $memory$auto$proc_rom.cc:155:do_switch$1897$rdmux[0][2][2]$b$18827 [2] $memory$auto$proc_rom.cc:155:do_switch$1897$rdmux[0][2][2]$b$18827 [2] 1'0 $memory$auto$proc_rom.cc:155:do_switch$1897$rdmux[0][2][2]$b$18827 [2] 2'00 $memory$auto$proc_rom.cc:155:do_switch$1897$rdmux[0][2][2]$b$18827 [2] 1'0 $memory$auto$proc_rom.cc:155:do_switch$1897$rdmux[0][2][2]$b$18827 [2] $memory$auto$proc_rom.cc:155:do_switch$1897$rdmux[0][2][2]$b$18827 [2] 1'0 $memory$auto$proc_rom.cc:155:do_switch$1897$rdmux[0][2][2]$b$18827 [5] $memory$auto$proc_rom.cc:155:do_switch$1897$rdmux[0][2][2]$b$18827 [2] 2'00 $memory$auto$proc_rom.cc:155:do_switch$1897$rdmux[0][2][2]$b$18827 [2:1] 2'01 }
    Consolidated identical input bits for $mux cell $memory$auto$proc_rom.cc:155:do_switch$1897$rdmux[0][3][4]$18843:
      Old ports: A=$memory$auto$proc_rom.cc:155:do_switch$1897$rdmux[0][3][4]$a$18844, B=$memory$auto$proc_rom.cc:155:do_switch$1897$rdmux[0][3][4]$b$18845, Y=$memory$auto$proc_rom.cc:155:do_switch$1897$rdmux[0][2][2]$a$18826
      New ports: A={ $memory$auto$proc_rom.cc:155:do_switch$1897$rdmux[0][3][4]$a$18844 [3:2] $memory$auto$proc_rom.cc:155:do_switch$1897$rdmux[0][3][4]$a$18844 [13] $memory$auto$proc_rom.cc:155:do_switch$1897$rdmux[0][3][4]$a$18844 [13:12] $memory$auto$proc_rom.cc:155:do_switch$1897$rdmux[0][3][4]$a$18844 [4] $memory$auto$proc_rom.cc:155:do_switch$1897$rdmux[0][3][4]$a$18844 [0] $memory$auto$proc_rom.cc:155:do_switch$1897$rdmux[0][3][4]$a$18844 [21] $memory$auto$proc_rom.cc:155:do_switch$1897$rdmux[0][3][4]$a$18844 [21] $memory$auto$proc_rom.cc:155:do_switch$1897$rdmux[0][3][4]$a$18844 [0] $memory$auto$proc_rom.cc:155:do_switch$1897$rdmux[0][3][4]$a$18844 [3] 1'1 $memory$auto$proc_rom.cc:155:do_switch$1897$rdmux[0][3][4]$a$18844 [0] $memory$auto$proc_rom.cc:155:do_switch$1897$rdmux[0][3][4]$a$18844 [12] $memory$auto$proc_rom.cc:155:do_switch$1897$rdmux[0][3][4]$a$18844 [13] $memory$auto$proc_rom.cc:155:do_switch$1897$rdmux[0][3][4]$a$18844 [13:12] $memory$auto$proc_rom.cc:155:do_switch$1897$rdmux[0][3][4]$a$18844 [8] $memory$auto$proc_rom.cc:155:do_switch$1897$rdmux[0][3][4]$a$18844 [4] $memory$auto$proc_rom.cc:155:do_switch$1897$rdmux[0][3][4]$a$18844 [8] $memory$auto$proc_rom.cc:155:do_switch$1897$rdmux[0][3][4]$a$18844 [3] $memory$auto$proc_rom.cc:155:do_switch$1897$rdmux[0][3][4]$a$18844 [5:2] $memory$auto$proc_rom.cc:155:do_switch$1897$rdmux[0][3][4]$a$18844 [0] $memory$auto$proc_rom.cc:155:do_switch$1897$rdmux[0][3][4]$a$18844 [0] }, B={ 2'10 $memory$auto$proc_rom.cc:155:do_switch$1897$rdmux[0][3][4]$b$18845 [27:26] $memory$auto$proc_rom.cc:155:do_switch$1897$rdmux[0][3][4]$b$18845 [14] 3'101 $memory$auto$proc_rom.cc:155:do_switch$1897$rdmux[0][3][4]$b$18845 [14] $memory$auto$proc_rom.cc:155:do_switch$1897$rdmux[0][3][4]$b$18845 [9] $memory$auto$proc_rom.cc:155:do_switch$1897$rdmux[0][3][4]$b$18845 [19] $memory$auto$proc_rom.cc:155:do_switch$1897$rdmux[0][3][4]$b$18845 [3] $memory$auto$proc_rom.cc:155:do_switch$1897$rdmux[0][3][4]$b$18845 [17] 1'0 $memory$auto$proc_rom.cc:155:do_switch$1897$rdmux[0][3][4]$b$18845 [14] 1'1 $memory$auto$proc_rom.cc:155:do_switch$1897$rdmux[0][3][4]$b$18845 [12] $memory$auto$proc_rom.cc:155:do_switch$1897$rdmux[0][3][4]$b$18845 [9] $memory$auto$proc_rom.cc:155:do_switch$1897$rdmux[0][3][4]$b$18845 [9] 1'0 $memory$auto$proc_rom.cc:155:do_switch$1897$rdmux[0][3][4]$b$18845 [0] 2'10 $memory$auto$proc_rom.cc:155:do_switch$1897$rdmux[0][3][4]$b$18845 [3] $memory$auto$proc_rom.cc:155:do_switch$1897$rdmux[0][3][4]$b$18845 [0] $memory$auto$proc_rom.cc:155:do_switch$1897$rdmux[0][3][4]$b$18845 [1:0] }, Y={ $memory$auto$proc_rom.cc:155:do_switch$1897$rdmux[0][2][2]$a$18826 [29:17] $memory$auto$proc_rom.cc:155:do_switch$1897$rdmux[0][2][2]$a$18826 [15:12] $memory$auto$proc_rom.cc:155:do_switch$1897$rdmux[0][2][2]$a$18826 [10:8] $memory$auto$proc_rom.cc:155:do_switch$1897$rdmux[0][2][2]$a$18826 [6:0] }
      New connections: { $memory$auto$proc_rom.cc:155:do_switch$1897$rdmux[0][2][2]$a$18826 [31:30] $memory$auto$proc_rom.cc:155:do_switch$1897$rdmux[0][2][2]$a$18826 [16] $memory$auto$proc_rom.cc:155:do_switch$1897$rdmux[0][2][2]$a$18826 [11] $memory$auto$proc_rom.cc:155:do_switch$1897$rdmux[0][2][2]$a$18826 [7] } = { $memory$auto$proc_rom.cc:155:do_switch$1897$rdmux[0][2][2]$a$18826 [28] $memory$auto$proc_rom.cc:155:do_switch$1897$rdmux[0][2][2]$a$18826 [29] $memory$auto$proc_rom.cc:155:do_switch$1897$rdmux[0][2][2]$a$18826 [12] 1'0 $memory$auto$proc_rom.cc:155:do_switch$1897$rdmux[0][2][2]$a$18826 [4] }
    Consolidated identical input bits for $mux cell $memory$auto$proc_rom.cc:155:do_switch$1897$rdmux[0][3][3]$18840:
      Old ports: A=$memory$auto$proc_rom.cc:155:do_switch$1897$rdmux[0][3][3]$a$18841, B=$memory$auto$proc_rom.cc:155:do_switch$1897$rdmux[0][3][3]$b$18842, Y=$memory$auto$proc_rom.cc:155:do_switch$1897$rdmux[0][2][1]$b$18824
      New ports: A={ $memory$auto$proc_rom.cc:155:do_switch$1897$rdmux[0][3][3]$a$18841 [8] $memory$auto$proc_rom.cc:155:do_switch$1897$rdmux[0][3][3]$a$18841 [15] $memory$auto$proc_rom.cc:155:do_switch$1897$rdmux[0][3][3]$a$18841 [17] $memory$auto$proc_rom.cc:155:do_switch$1897$rdmux[0][3][3]$a$18841 [8] $memory$auto$proc_rom.cc:155:do_switch$1897$rdmux[0][3][3]$a$18841 [15] 4'0001 $memory$auto$proc_rom.cc:155:do_switch$1897$rdmux[0][3][3]$a$18841 [8:7] 1'0 $memory$auto$proc_rom.cc:155:do_switch$1897$rdmux[0][3][3]$a$18841 [2] 1'1 $memory$auto$proc_rom.cc:155:do_switch$1897$rdmux[0][3][3]$a$18841 [2] }, B={ 3'001 $memory$auto$proc_rom.cc:155:do_switch$1897$rdmux[0][3][3]$b$18842 [16:13] $memory$auto$proc_rom.cc:155:do_switch$1897$rdmux[0][3][3]$b$18842 [4] $memory$auto$proc_rom.cc:155:do_switch$1897$rdmux[0][3][3]$b$18842 [8] $memory$auto$proc_rom.cc:155:do_switch$1897$rdmux[0][3][3]$b$18842 [8] 1'1 $memory$auto$proc_rom.cc:155:do_switch$1897$rdmux[0][3][3]$b$18842 [5] $memory$auto$proc_rom.cc:155:do_switch$1897$rdmux[0][3][3]$b$18842 [5:4] 1'0 }, Y={ $memory$auto$proc_rom.cc:155:do_switch$1897$rdmux[0][2][1]$b$18824 [23:22] $memory$auto$proc_rom.cc:155:do_switch$1897$rdmux[0][2][1]$b$18824 [17:12] $memory$auto$proc_rom.cc:155:do_switch$1897$rdmux[0][2][1]$b$18824 [9:4] $memory$auto$proc_rom.cc:155:do_switch$1897$rdmux[0][2][1]$b$18824 [2] }
      New connections: { $memory$auto$proc_rom.cc:155:do_switch$1897$rdmux[0][2][1]$b$18824 [31:24] $memory$auto$proc_rom.cc:155:do_switch$1897$rdmux[0][2][1]$b$18824 [21:18] $memory$auto$proc_rom.cc:155:do_switch$1897$rdmux[0][2][1]$b$18824 [11:10] $memory$auto$proc_rom.cc:155:do_switch$1897$rdmux[0][2][1]$b$18824 [3] $memory$auto$proc_rom.cc:155:do_switch$1897$rdmux[0][2][1]$b$18824 [1:0] } = { $memory$auto$proc_rom.cc:155:do_switch$1897$rdmux[0][2][1]$b$18824 [6] $memory$auto$proc_rom.cc:155:do_switch$1897$rdmux[0][2][1]$b$18824 [6] $memory$auto$proc_rom.cc:155:do_switch$1897$rdmux[0][2][1]$b$18824 [6:5] $memory$auto$proc_rom.cc:155:do_switch$1897$rdmux[0][2][1]$b$18824 [6] $memory$auto$proc_rom.cc:155:do_switch$1897$rdmux[0][2][1]$b$18824 [6] $memory$auto$proc_rom.cc:155:do_switch$1897$rdmux[0][2][1]$b$18824 [6] 1'0 $memory$auto$proc_rom.cc:155:do_switch$1897$rdmux[0][2][1]$b$18824 [12] 2'00 $memory$auto$proc_rom.cc:155:do_switch$1897$rdmux[0][2][1]$b$18824 [17] $memory$auto$proc_rom.cc:155:do_switch$1897$rdmux[0][2][1]$b$18824 [6] 4'1011 }
    Consolidated identical input bits for $mux cell $memory$auto$proc_rom.cc:155:do_switch$1897$rdmux[0][3][2]$18837:
      Old ports: A=$memory$auto$proc_rom.cc:155:do_switch$1897$rdmux[0][3][2]$a$18838, B=$memory$auto$proc_rom.cc:155:do_switch$1897$rdmux[0][3][2]$b$18839, Y=$memory$auto$proc_rom.cc:155:do_switch$1897$rdmux[0][2][1]$a$18823
      New ports: A={ 3'000 $memory$auto$proc_rom.cc:155:do_switch$1897$rdmux[0][3][2]$a$18838 [5] $memory$auto$proc_rom.cc:155:do_switch$1897$rdmux[0][3][2]$a$18838 [20] 1'1 $memory$auto$proc_rom.cc:155:do_switch$1897$rdmux[0][3][2]$a$18838 [17] $memory$auto$proc_rom.cc:155:do_switch$1897$rdmux[0][3][2]$a$18838 [8] 1'1 $memory$auto$proc_rom.cc:155:do_switch$1897$rdmux[0][3][2]$a$18838 [14] 1'0 $memory$auto$proc_rom.cc:155:do_switch$1897$rdmux[0][3][2]$a$18838 [8] $memory$auto$proc_rom.cc:155:do_switch$1897$rdmux[0][3][2]$a$18838 [8] $memory$auto$proc_rom.cc:155:do_switch$1897$rdmux[0][3][2]$a$18838 [8] $memory$auto$proc_rom.cc:155:do_switch$1897$rdmux[0][3][2]$a$18838 [4] 1'0 $memory$auto$proc_rom.cc:155:do_switch$1897$rdmux[0][3][2]$a$18838 [5:4] 1'0 }, B={ 1'1 $memory$auto$proc_rom.cc:155:do_switch$1897$rdmux[0][3][2]$b$18839 [17] $memory$auto$proc_rom.cc:155:do_switch$1897$rdmux[0][3][2]$b$18839 [20] $memory$auto$proc_rom.cc:155:do_switch$1897$rdmux[0][3][2]$b$18839 [20] $memory$auto$proc_rom.cc:155:do_switch$1897$rdmux[0][3][2]$b$18839 [20] $memory$auto$proc_rom.cc:155:do_switch$1897$rdmux[0][3][2]$b$18839 [17] $memory$auto$proc_rom.cc:155:do_switch$1897$rdmux[0][3][2]$b$18839 [17] $memory$auto$proc_rom.cc:155:do_switch$1897$rdmux[0][3][2]$b$18839 [11] 2'00 $memory$auto$proc_rom.cc:155:do_switch$1897$rdmux[0][3][2]$b$18839 [11] $memory$auto$proc_rom.cc:155:do_switch$1897$rdmux[0][3][2]$b$18839 [4] 1'1 $memory$auto$proc_rom.cc:155:do_switch$1897$rdmux[0][3][2]$b$18839 [2] $memory$auto$proc_rom.cc:155:do_switch$1897$rdmux[0][3][2]$b$18839 [6] $memory$auto$proc_rom.cc:155:do_switch$1897$rdmux[0][3][2]$b$18839 [6:4] $memory$auto$proc_rom.cc:155:do_switch$1897$rdmux[0][3][2]$b$18839 [2] }, Y={ $memory$auto$proc_rom.cc:155:do_switch$1897$rdmux[0][2][1]$a$18823 [28] $memory$auto$proc_rom.cc:155:do_switch$1897$rdmux[0][2][1]$a$18823 [25:24] $memory$auto$proc_rom.cc:155:do_switch$1897$rdmux[0][2][1]$a$18823 [21:20] $memory$auto$proc_rom.cc:155:do_switch$1897$rdmux[0][2][1]$a$18823 [18:14] $memory$auto$proc_rom.cc:155:do_switch$1897$rdmux[0][2][1]$a$18823 [11:4] $memory$auto$proc_rom.cc:155:do_switch$1897$rdmux[0][2][1]$a$18823 [2] }
      New connections: { $memory$auto$proc_rom.cc:155:do_switch$1897$rdmux[0][2][1]$a$18823 [31:29] $memory$auto$proc_rom.cc:155:do_switch$1897$rdmux[0][2][1]$a$18823 [27:26] $memory$auto$proc_rom.cc:155:do_switch$1897$rdmux[0][2][1]$a$18823 [23:22] $memory$auto$proc_rom.cc:155:do_switch$1897$rdmux[0][2][1]$a$18823 [19] $memory$auto$proc_rom.cc:155:do_switch$1897$rdmux[0][2][1]$a$18823 [13:12] $memory$auto$proc_rom.cc:155:do_switch$1897$rdmux[0][2][1]$a$18823 [3] $memory$auto$proc_rom.cc:155:do_switch$1897$rdmux[0][2][1]$a$18823 [1:0] } = { $memory$auto$proc_rom.cc:155:do_switch$1897$rdmux[0][2][1]$a$18823 [25] $memory$auto$proc_rom.cc:155:do_switch$1897$rdmux[0][2][1]$a$18823 [25] $memory$auto$proc_rom.cc:155:do_switch$1897$rdmux[0][2][1]$a$18823 [25] $memory$auto$proc_rom.cc:155:do_switch$1897$rdmux[0][2][1]$a$18823 [25] $memory$auto$proc_rom.cc:155:do_switch$1897$rdmux[0][2][1]$a$18823 [25] $memory$auto$proc_rom.cc:155:do_switch$1897$rdmux[0][2][1]$a$18823 [21] $memory$auto$proc_rom.cc:155:do_switch$1897$rdmux[0][2][1]$a$18823 [21] 2'00 $memory$auto$proc_rom.cc:155:do_switch$1897$rdmux[0][2][1]$a$18823 [6] 3'011 }
    Consolidated identical input bits for $mux cell $memory$auto$proc_rom.cc:155:do_switch$1897$rdmux[0][3][1]$18834:
      Old ports: A=$memory$auto$proc_rom.cc:155:do_switch$1897$rdmux[0][3][1]$a$18835, B=$memory$auto$proc_rom.cc:155:do_switch$1897$rdmux[0][3][1]$b$18836, Y=$memory$auto$proc_rom.cc:155:do_switch$1897$rdmux[0][2][0]$b$18821
      New ports: A={ $memory$auto$proc_rom.cc:155:do_switch$1897$rdmux[0][3][1]$a$18835 [12] $memory$auto$proc_rom.cc:155:do_switch$1897$rdmux[0][3][1]$a$18835 [12] $memory$auto$proc_rom.cc:155:do_switch$1897$rdmux[0][3][1]$a$18835 [12] $memory$auto$proc_rom.cc:155:do_switch$1897$rdmux[0][3][1]$a$18835 [23] $memory$auto$proc_rom.cc:155:do_switch$1897$rdmux[0][3][1]$a$18835 [15] 1'0 $memory$auto$proc_rom.cc:155:do_switch$1897$rdmux[0][3][1]$a$18835 [15] $memory$auto$proc_rom.cc:155:do_switch$1897$rdmux[0][3][1]$a$18835 [12] 1'0 $memory$auto$proc_rom.cc:155:do_switch$1897$rdmux[0][3][1]$a$18835 [4] 1'0 $memory$auto$proc_rom.cc:155:do_switch$1897$rdmux[0][3][1]$a$18835 [7] $memory$auto$proc_rom.cc:155:do_switch$1897$rdmux[0][3][1]$a$18835 [4] $memory$auto$proc_rom.cc:155:do_switch$1897$rdmux[0][3][1]$a$18835 [2] $memory$auto$proc_rom.cc:155:do_switch$1897$rdmux[0][3][1]$a$18835 [2] }, B={ $memory$auto$proc_rom.cc:155:do_switch$1897$rdmux[0][3][1]$b$18836 [2] $memory$auto$proc_rom.cc:155:do_switch$1897$rdmux[0][3][1]$b$18836 [22] $memory$auto$proc_rom.cc:155:do_switch$1897$rdmux[0][3][1]$b$18836 [26] $memory$auto$proc_rom.cc:155:do_switch$1897$rdmux[0][3][1]$b$18836 [23:21] 3'001 $memory$auto$proc_rom.cc:155:do_switch$1897$rdmux[0][3][1]$b$18836 [9:7] 2'10 $memory$auto$proc_rom.cc:155:do_switch$1897$rdmux[0][3][1]$b$18836 [2] }, Y={ $memory$auto$proc_rom.cc:155:do_switch$1897$rdmux[0][2][0]$b$18821 [28:26] $memory$auto$proc_rom.cc:155:do_switch$1897$rdmux[0][2][0]$b$18821 [23:21] $memory$auto$proc_rom.cc:155:do_switch$1897$rdmux[0][2][0]$b$18821 [15] $memory$auto$proc_rom.cc:155:do_switch$1897$rdmux[0][2][0]$b$18821 [12] $memory$auto$proc_rom.cc:155:do_switch$1897$rdmux[0][2][0]$b$18821 [10:7] $memory$auto$proc_rom.cc:155:do_switch$1897$rdmux[0][2][0]$b$18821 [4:2] }
      New connections: { $memory$auto$proc_rom.cc:155:do_switch$1897$rdmux[0][2][0]$b$18821 [31:29] $memory$auto$proc_rom.cc:155:do_switch$1897$rdmux[0][2][0]$b$18821 [25:24] $memory$auto$proc_rom.cc:155:do_switch$1897$rdmux[0][2][0]$b$18821 [20:16] $memory$auto$proc_rom.cc:155:do_switch$1897$rdmux[0][2][0]$b$18821 [14:13] $memory$auto$proc_rom.cc:155:do_switch$1897$rdmux[0][2][0]$b$18821 [11] $memory$auto$proc_rom.cc:155:do_switch$1897$rdmux[0][2][0]$b$18821 [6:5] $memory$auto$proc_rom.cc:155:do_switch$1897$rdmux[0][2][0]$b$18821 [1:0] } = { $memory$auto$proc_rom.cc:155:do_switch$1897$rdmux[0][2][0]$b$18821 [12] $memory$auto$proc_rom.cc:155:do_switch$1897$rdmux[0][2][0]$b$18821 [12] $memory$auto$proc_rom.cc:155:do_switch$1897$rdmux[0][2][0]$b$18821 [12] $memory$auto$proc_rom.cc:155:do_switch$1897$rdmux[0][2][0]$b$18821 [12] $memory$auto$proc_rom.cc:155:do_switch$1897$rdmux[0][2][0]$b$18821 [12] $memory$auto$proc_rom.cc:155:do_switch$1897$rdmux[0][2][0]$b$18821 [12] $memory$auto$proc_rom.cc:155:do_switch$1897$rdmux[0][2][0]$b$18821 [12] $memory$auto$proc_rom.cc:155:do_switch$1897$rdmux[0][2][0]$b$18821 [12] $memory$auto$proc_rom.cc:155:do_switch$1897$rdmux[0][2][0]$b$18821 [15] $memory$auto$proc_rom.cc:155:do_switch$1897$rdmux[0][2][0]$b$18821 [12] $memory$auto$proc_rom.cc:155:do_switch$1897$rdmux[0][2][0]$b$18821 [12] $memory$auto$proc_rom.cc:155:do_switch$1897$rdmux[0][2][0]$b$18821 [12] 1'0 $memory$auto$proc_rom.cc:155:do_switch$1897$rdmux[0][2][0]$b$18821 [3:2] 2'11 }
    Consolidated identical input bits for $mux cell $memory$auto$proc_rom.cc:155:do_switch$1897$rdmux[0][3][0]$18831:
      Old ports: A=$memory$auto$proc_rom.cc:155:do_switch$1897$rdmux[0][3][0]$a$18832, B=$memory$auto$proc_rom.cc:155:do_switch$1897$rdmux[0][3][0]$b$18833, Y=$memory$auto$proc_rom.cc:155:do_switch$1897$rdmux[0][2][0]$a$18820
      New ports: A={ $memory$auto$proc_rom.cc:155:do_switch$1897$rdmux[0][3][0]$a$18832 [23] $memory$auto$proc_rom.cc:155:do_switch$1897$rdmux[0][3][0]$a$18832 [23:22] $memory$auto$proc_rom.cc:155:do_switch$1897$rdmux[0][3][0]$a$18832 [17:15] 1'0 $memory$auto$proc_rom.cc:155:do_switch$1897$rdmux[0][3][0]$a$18832 [7] $memory$auto$proc_rom.cc:155:do_switch$1897$rdmux[0][3][0]$a$18832 [8:7] 1'0 $memory$auto$proc_rom.cc:155:do_switch$1897$rdmux[0][3][0]$a$18832 [5] 1'1 $memory$auto$proc_rom.cc:155:do_switch$1897$rdmux[0][3][0]$a$18832 [2] }, B={ $memory$auto$proc_rom.cc:155:do_switch$1897$rdmux[0][3][0]$b$18833 [24] 1'0 $memory$auto$proc_rom.cc:155:do_switch$1897$rdmux[0][3][0]$b$18833 [6] $memory$auto$proc_rom.cc:155:do_switch$1897$rdmux[0][3][0]$b$18833 [17] $memory$auto$proc_rom.cc:155:do_switch$1897$rdmux[0][3][0]$b$18833 [4] $memory$auto$proc_rom.cc:155:do_switch$1897$rdmux[0][3][0]$b$18833 [5] $memory$auto$proc_rom.cc:155:do_switch$1897$rdmux[0][3][0]$b$18833 [13] $memory$auto$proc_rom.cc:155:do_switch$1897$rdmux[0][3][0]$b$18833 [4] $memory$auto$proc_rom.cc:155:do_switch$1897$rdmux[0][3][0]$b$18833 [4] 1'0 $memory$auto$proc_rom.cc:155:do_switch$1897$rdmux[0][3][0]$b$18833 [6:4] $memory$auto$proc_rom.cc:155:do_switch$1897$rdmux[0][3][0]$b$18833 [2] }, Y={ $memory$auto$proc_rom.cc:155:do_switch$1897$rdmux[0][2][0]$a$18820 [24:22] $memory$auto$proc_rom.cc:155:do_switch$1897$rdmux[0][2][0]$a$18820 [17:15] $memory$auto$proc_rom.cc:155:do_switch$1897$rdmux[0][2][0]$a$18820 [13] $memory$auto$proc_rom.cc:155:do_switch$1897$rdmux[0][2][0]$a$18820 [9:4] $memory$auto$proc_rom.cc:155:do_switch$1897$rdmux[0][2][0]$a$18820 [2] }
      New connections: { $memory$auto$proc_rom.cc:155:do_switch$1897$rdmux[0][2][0]$a$18820 [31:25] $memory$auto$proc_rom.cc:155:do_switch$1897$rdmux[0][2][0]$a$18820 [21:18] $memory$auto$proc_rom.cc:155:do_switch$1897$rdmux[0][2][0]$a$18820 [14] $memory$auto$proc_rom.cc:155:do_switch$1897$rdmux[0][2][0]$a$18820 [12:10] $memory$auto$proc_rom.cc:155:do_switch$1897$rdmux[0][2][0]$a$18820 [3] $memory$auto$proc_rom.cc:155:do_switch$1897$rdmux[0][2][0]$a$18820 [1:0] } = { $memory$auto$proc_rom.cc:155:do_switch$1897$rdmux[0][2][0]$a$18820 [24] $memory$auto$proc_rom.cc:155:do_switch$1897$rdmux[0][2][0]$a$18820 [24] $memory$auto$proc_rom.cc:155:do_switch$1897$rdmux[0][2][0]$a$18820 [24] $memory$auto$proc_rom.cc:155:do_switch$1897$rdmux[0][2][0]$a$18820 [24] $memory$auto$proc_rom.cc:155:do_switch$1897$rdmux[0][2][0]$a$18820 [24] $memory$auto$proc_rom.cc:155:do_switch$1897$rdmux[0][2][0]$a$18820 [24] $memory$auto$proc_rom.cc:155:do_switch$1897$rdmux[0][2][0]$a$18820 [24] $memory$auto$proc_rom.cc:155:do_switch$1897$rdmux[0][2][0]$a$18820 [6] 3'000 $memory$auto$proc_rom.cc:155:do_switch$1897$rdmux[0][2][0]$a$18820 [6] $memory$auto$proc_rom.cc:155:do_switch$1897$rdmux[0][2][0]$a$18820 [6] $memory$auto$proc_rom.cc:155:do_switch$1897$rdmux[0][2][0]$a$18820 [6] 4'0011 }
  Optimizing cells in module $paramod$edcaa0cfb453980d1e33a3c938c1a32918b9f1d7\rom.
    Consolidated identical input bits for $mux cell $memory$auto$proc_rom.cc:155:do_switch$1897$rdmux[0][2][2]$18825:
      Old ports: A=$memory$auto$proc_rom.cc:155:do_switch$1897$rdmux[0][2][2]$a$18826, B=$memory$auto$proc_rom.cc:155:do_switch$1897$rdmux[0][2][2]$b$18827, Y=$memory$auto$proc_rom.cc:155:do_switch$1897$rdmux[0][1][1]$a$18817
      New ports: A={ $memory$auto$proc_rom.cc:155:do_switch$1897$rdmux[0][2][2]$a$18826 [28] $memory$auto$proc_rom.cc:155:do_switch$1897$rdmux[0][2][2]$a$18826 [29:17] $memory$auto$proc_rom.cc:155:do_switch$1897$rdmux[0][2][2]$a$18826 [12] $memory$auto$proc_rom.cc:155:do_switch$1897$rdmux[0][2][2]$a$18826 [15:12] 1'0 $memory$auto$proc_rom.cc:155:do_switch$1897$rdmux[0][2][2]$a$18826 [10:8] $memory$auto$proc_rom.cc:155:do_switch$1897$rdmux[0][2][2]$a$18826 [4] $memory$auto$proc_rom.cc:155:do_switch$1897$rdmux[0][2][2]$a$18826 [6:0] }, B={ 1'0 $memory$auto$proc_rom.cc:155:do_switch$1897$rdmux[0][2][2]$b$18827 [2] $memory$auto$proc_rom.cc:155:do_switch$1897$rdmux[0][2][2]$b$18827 [2] 1'0 $memory$auto$proc_rom.cc:155:do_switch$1897$rdmux[0][2][2]$b$18827 [2] 3'000 $memory$auto$proc_rom.cc:155:do_switch$1897$rdmux[0][2][2]$b$18827 [2] $memory$auto$proc_rom.cc:155:do_switch$1897$rdmux[0][2][2]$b$18827 [2] 1'0 $memory$auto$proc_rom.cc:155:do_switch$1897$rdmux[0][2][2]$b$18827 [2] 2'00 $memory$auto$proc_rom.cc:155:do_switch$1897$rdmux[0][2][2]$b$18827 [2] 1'0 $memory$auto$proc_rom.cc:155:do_switch$1897$rdmux[0][2][2]$b$18827 [2] $memory$auto$proc_rom.cc:155:do_switch$1897$rdmux[0][2][2]$b$18827 [2] 1'0 $memory$auto$proc_rom.cc:155:do_switch$1897$rdmux[0][2][2]$b$18827 [5] $memory$auto$proc_rom.cc:155:do_switch$1897$rdmux[0][2][2]$b$18827 [2] $memory$auto$proc_rom.cc:155:do_switch$1897$rdmux[0][2][2]$b$18827 [9] 2'00 $memory$auto$proc_rom.cc:155:do_switch$1897$rdmux[0][2][2]$b$18827 [2] $memory$auto$proc_rom.cc:155:do_switch$1897$rdmux[0][2][2]$b$18827 [5] $memory$auto$proc_rom.cc:155:do_switch$1897$rdmux[0][2][2]$b$18827 [1] 1'0 $memory$auto$proc_rom.cc:155:do_switch$1897$rdmux[0][2][2]$b$18827 [2:1] 1'1 }, Y={ $memory$auto$proc_rom.cc:155:do_switch$1897$rdmux[0][1][1]$a$18817 [31] $memory$auto$proc_rom.cc:155:do_switch$1897$rdmux[0][1][1]$a$18817 [29:0] }
      New connections: $memory$auto$proc_rom.cc:155:do_switch$1897$rdmux[0][1][1]$a$18817 [30] = $memory$auto$proc_rom.cc:155:do_switch$1897$rdmux[0][1][1]$a$18817 [29]
    Consolidated identical input bits for $mux cell $memory$auto$proc_rom.cc:155:do_switch$1897$rdmux[0][2][1]$18822:
      Old ports: A=$memory$auto$proc_rom.cc:155:do_switch$1897$rdmux[0][2][1]$a$18823, B=$memory$auto$proc_rom.cc:155:do_switch$1897$rdmux[0][2][1]$b$18824, Y=$memory$auto$proc_rom.cc:155:do_switch$1897$rdmux[0][1][0]$b$18815
      New ports: A={ $memory$auto$proc_rom.cc:155:do_switch$1897$rdmux[0][2][1]$a$18823 [28] $memory$auto$proc_rom.cc:155:do_switch$1897$rdmux[0][2][1]$a$18823 [25:24] $memory$auto$proc_rom.cc:155:do_switch$1897$rdmux[0][2][1]$a$18823 [21] $memory$auto$proc_rom.cc:155:do_switch$1897$rdmux[0][2][1]$a$18823 [21] $memory$auto$proc_rom.cc:155:do_switch$1897$rdmux[0][2][1]$a$18823 [21:20] $memory$auto$proc_rom.cc:155:do_switch$1897$rdmux[0][2][1]$a$18823 [18:14] 1'0 $memory$auto$proc_rom.cc:155:do_switch$1897$rdmux[0][2][1]$a$18823 [6] $memory$auto$proc_rom.cc:155:do_switch$1897$rdmux[0][2][1]$a$18823 [11:4] $memory$auto$proc_rom.cc:155:do_switch$1897$rdmux[0][2][1]$a$18823 [2] }, B={ $memory$auto$proc_rom.cc:155:do_switch$1897$rdmux[0][2][1]$b$18824 [5] $memory$auto$proc_rom.cc:155:do_switch$1897$rdmux[0][2][1]$b$18824 [6] 1'0 $memory$auto$proc_rom.cc:155:do_switch$1897$rdmux[0][2][1]$b$18824 [23:22] $memory$auto$proc_rom.cc:155:do_switch$1897$rdmux[0][2][1]$b$18824 [12] 1'0 $memory$auto$proc_rom.cc:155:do_switch$1897$rdmux[0][2][1]$b$18824 [17] $memory$auto$proc_rom.cc:155:do_switch$1897$rdmux[0][2][1]$b$18824 [17:12] $memory$auto$proc_rom.cc:155:do_switch$1897$rdmux[0][2][1]$b$18824 [6] 1'1 $memory$auto$proc_rom.cc:155:do_switch$1897$rdmux[0][2][1]$b$18824 [9:4] $memory$auto$proc_rom.cc:155:do_switch$1897$rdmux[0][2][1]$b$18824 [2] }, Y={ $memory$auto$proc_rom.cc:155:do_switch$1897$rdmux[0][1][0]$b$18815 [28] $memory$auto$proc_rom.cc:155:do_switch$1897$rdmux[0][1][0]$b$18815 [25:20] $memory$auto$proc_rom.cc:155:do_switch$1897$rdmux[0][1][0]$b$18815 [18:4] $memory$auto$proc_rom.cc:155:do_switch$1897$rdmux[0][1][0]$b$18815 [2] }
      New connections: { $memory$auto$proc_rom.cc:155:do_switch$1897$rdmux[0][1][0]$b$18815 [31:29] $memory$auto$proc_rom.cc:155:do_switch$1897$rdmux[0][1][0]$b$18815 [27:26] $memory$auto$proc_rom.cc:155:do_switch$1897$rdmux[0][1][0]$b$18815 [19] $memory$auto$proc_rom.cc:155:do_switch$1897$rdmux[0][1][0]$b$18815 [3] $memory$auto$proc_rom.cc:155:do_switch$1897$rdmux[0][1][0]$b$18815 [1:0] } = { $memory$auto$proc_rom.cc:155:do_switch$1897$rdmux[0][1][0]$b$18815 [25] $memory$auto$proc_rom.cc:155:do_switch$1897$rdmux[0][1][0]$b$18815 [25] $memory$auto$proc_rom.cc:155:do_switch$1897$rdmux[0][1][0]$b$18815 [25] $memory$auto$proc_rom.cc:155:do_switch$1897$rdmux[0][1][0]$b$18815 [25] $memory$auto$proc_rom.cc:155:do_switch$1897$rdmux[0][1][0]$b$18815 [25] 4'0011 }
    Consolidated identical input bits for $mux cell $memory$auto$proc_rom.cc:155:do_switch$1897$rdmux[0][2][0]$18819:
      Old ports: A=$memory$auto$proc_rom.cc:155:do_switch$1897$rdmux[0][2][0]$a$18820, B=$memory$auto$proc_rom.cc:155:do_switch$1897$rdmux[0][2][0]$b$18821, Y=$memory$auto$proc_rom.cc:155:do_switch$1897$rdmux[0][1][0]$a$18814
      New ports: A={ $memory$auto$proc_rom.cc:155:do_switch$1897$rdmux[0][2][0]$a$18820 [24] $memory$auto$proc_rom.cc:155:do_switch$1897$rdmux[0][2][0]$a$18820 [24] $memory$auto$proc_rom.cc:155:do_switch$1897$rdmux[0][2][0]$a$18820 [24] $memory$auto$proc_rom.cc:155:do_switch$1897$rdmux[0][2][0]$a$18820 [24:22] $memory$auto$proc_rom.cc:155:do_switch$1897$rdmux[0][2][0]$a$18820 [6] 1'0 $memory$auto$proc_rom.cc:155:do_switch$1897$rdmux[0][2][0]$a$18820 [17:15] $memory$auto$proc_rom.cc:155:do_switch$1897$rdmux[0][2][0]$a$18820 [13] $memory$auto$proc_rom.cc:155:do_switch$1897$rdmux[0][2][0]$a$18820 [6] $memory$auto$proc_rom.cc:155:do_switch$1897$rdmux[0][2][0]$a$18820 [6] 1'0 $memory$auto$proc_rom.cc:155:do_switch$1897$rdmux[0][2][0]$a$18820 [9:4] 1'0 $memory$auto$proc_rom.cc:155:do_switch$1897$rdmux[0][2][0]$a$18820 [2] }, B={ $memory$auto$proc_rom.cc:155:do_switch$1897$rdmux[0][2][0]$b$18821 [28:26] $memory$auto$proc_rom.cc:155:do_switch$1897$rdmux[0][2][0]$b$18821 [12] $memory$auto$proc_rom.cc:155:do_switch$1897$rdmux[0][2][0]$b$18821 [23:21] $memory$auto$proc_rom.cc:155:do_switch$1897$rdmux[0][2][0]$b$18821 [12] $memory$auto$proc_rom.cc:155:do_switch$1897$rdmux[0][2][0]$b$18821 [15] $memory$auto$proc_rom.cc:155:do_switch$1897$rdmux[0][2][0]$b$18821 [12] $memory$auto$proc_rom.cc:155:do_switch$1897$rdmux[0][2][0]$b$18821 [15] $memory$auto$proc_rom.cc:155:do_switch$1897$rdmux[0][2][0]$b$18821 [12] $memory$auto$proc_rom.cc:155:do_switch$1897$rdmux[0][2][0]$b$18821 [12] 1'0 $memory$auto$proc_rom.cc:155:do_switch$1897$rdmux[0][2][0]$b$18821 [10:7] $memory$auto$proc_rom.cc:155:do_switch$1897$rdmux[0][2][0]$b$18821 [3:2] $memory$auto$proc_rom.cc:155:do_switch$1897$rdmux[0][2][0]$b$18821 [4:2] }, Y={ $memory$auto$proc_rom.cc:155:do_switch$1897$rdmux[0][1][0]$a$18814 [28:26] $memory$auto$proc_rom.cc:155:do_switch$1897$rdmux[0][1][0]$a$18814 [24:21] $memory$auto$proc_rom.cc:155:do_switch$1897$rdmux[0][1][0]$a$18814 [18:15] $memory$auto$proc_rom.cc:155:do_switch$1897$rdmux[0][1][0]$a$18814 [13:2] }
      New connections: { $memory$auto$proc_rom.cc:155:do_switch$1897$rdmux[0][1][0]$a$18814 [31:29] $memory$auto$proc_rom.cc:155:do_switch$1897$rdmux[0][1][0]$a$18814 [25] $memory$auto$proc_rom.cc:155:do_switch$1897$rdmux[0][1][0]$a$18814 [20:19] $memory$auto$proc_rom.cc:155:do_switch$1897$rdmux[0][1][0]$a$18814 [14] $memory$auto$proc_rom.cc:155:do_switch$1897$rdmux[0][1][0]$a$18814 [1:0] } = { $memory$auto$proc_rom.cc:155:do_switch$1897$rdmux[0][1][0]$a$18814 [24] $memory$auto$proc_rom.cc:155:do_switch$1897$rdmux[0][1][0]$a$18814 [24] $memory$auto$proc_rom.cc:155:do_switch$1897$rdmux[0][1][0]$a$18814 [24] $memory$auto$proc_rom.cc:155:do_switch$1897$rdmux[0][1][0]$a$18814 [24] $memory$auto$proc_rom.cc:155:do_switch$1897$rdmux[0][1][0]$a$18814 [18] $memory$auto$proc_rom.cc:155:do_switch$1897$rdmux[0][1][0]$a$18814 [18] $memory$auto$proc_rom.cc:155:do_switch$1897$rdmux[0][1][0]$a$18814 [12] 2'11 }
  Optimizing cells in module $paramod$edcaa0cfb453980d1e33a3c938c1a32918b9f1d7\rom.
    Consolidated identical input bits for $mux cell $memory$auto$proc_rom.cc:155:do_switch$1897$rdmux[0][1][1]$18816:
      Old ports: A=$memory$auto$proc_rom.cc:155:do_switch$1897$rdmux[0][1][1]$a$18817, B=19, Y=$memory$auto$proc_rom.cc:155:do_switch$1897$rdmux[0][0][0]$b$18812
      New ports: A={ $memory$auto$proc_rom.cc:155:do_switch$1897$rdmux[0][1][1]$a$18817 [31] $memory$auto$proc_rom.cc:155:do_switch$1897$rdmux[0][1][1]$a$18817 [29:0] }, B=31'0000000000000000000000000010011, Y={ $memory$auto$proc_rom.cc:155:do_switch$1897$rdmux[0][0][0]$b$18812 [31] $memory$auto$proc_rom.cc:155:do_switch$1897$rdmux[0][0][0]$b$18812 [29:0] }
      New connections: $memory$auto$proc_rom.cc:155:do_switch$1897$rdmux[0][0][0]$b$18812 [30] = $memory$auto$proc_rom.cc:155:do_switch$1897$rdmux[0][0][0]$b$18812 [29]
    Consolidated identical input bits for $mux cell $memory$auto$proc_rom.cc:155:do_switch$1897$rdmux[0][1][0]$18813:
      Old ports: A=$memory$auto$proc_rom.cc:155:do_switch$1897$rdmux[0][1][0]$a$18814, B=$memory$auto$proc_rom.cc:155:do_switch$1897$rdmux[0][1][0]$b$18815, Y=$memory$auto$proc_rom.cc:155:do_switch$1897$rdmux[0][0][0]$a$18811
      New ports: A={ $memory$auto$proc_rom.cc:155:do_switch$1897$rdmux[0][1][0]$a$18814 [28:26] $memory$auto$proc_rom.cc:155:do_switch$1897$rdmux[0][1][0]$a$18814 [24] $memory$auto$proc_rom.cc:155:do_switch$1897$rdmux[0][1][0]$a$18814 [24:21] $memory$auto$proc_rom.cc:155:do_switch$1897$rdmux[0][1][0]$a$18814 [18] $memory$auto$proc_rom.cc:155:do_switch$1897$rdmux[0][1][0]$a$18814 [18] $memory$auto$proc_rom.cc:155:do_switch$1897$rdmux[0][1][0]$a$18814 [18:15] $memory$auto$proc_rom.cc:155:do_switch$1897$rdmux[0][1][0]$a$18814 [12] $memory$auto$proc_rom.cc:155:do_switch$1897$rdmux[0][1][0]$a$18814 [13:2] }, B={ $memory$auto$proc_rom.cc:155:do_switch$1897$rdmux[0][1][0]$b$18815 [28] $memory$auto$proc_rom.cc:155:do_switch$1897$rdmux[0][1][0]$b$18815 [25] $memory$auto$proc_rom.cc:155:do_switch$1897$rdmux[0][1][0]$b$18815 [25] $memory$auto$proc_rom.cc:155:do_switch$1897$rdmux[0][1][0]$b$18815 [25:20] 1'0 $memory$auto$proc_rom.cc:155:do_switch$1897$rdmux[0][1][0]$b$18815 [18:4] 1'0 $memory$auto$proc_rom.cc:155:do_switch$1897$rdmux[0][1][0]$b$18815 [2] }, Y=$memory$auto$proc_rom.cc:155:do_switch$1897$rdmux[0][0][0]$a$18811 [28:2]
      New connections: { $memory$auto$proc_rom.cc:155:do_switch$1897$rdmux[0][0][0]$a$18811 [31:29] $memory$auto$proc_rom.cc:155:do_switch$1897$rdmux[0][0][0]$a$18811 [1:0] } = { $memory$auto$proc_rom.cc:155:do_switch$1897$rdmux[0][0][0]$a$18811 [25] $memory$auto$proc_rom.cc:155:do_switch$1897$rdmux[0][0][0]$a$18811 [25] $memory$auto$proc_rom.cc:155:do_switch$1897$rdmux[0][0][0]$a$18811 [25] 2'11 }
  Optimizing cells in module $paramod$edcaa0cfb453980d1e33a3c938c1a32918b9f1d7\rom.
    Consolidated identical input bits for $mux cell $memory$auto$proc_rom.cc:155:do_switch$1897$rdmux[0][0][0]$18810:
      Old ports: A=$memory$auto$proc_rom.cc:155:do_switch$1897$rdmux[0][0][0]$a$18811, B=$memory$auto$proc_rom.cc:155:do_switch$1897$rdmux[0][0][0]$b$18812, Y=$auto$proc_rom.cc:154:do_switch$1896
      New ports: A={ $memory$auto$proc_rom.cc:155:do_switch$1897$rdmux[0][0][0]$a$18811 [25] $memory$auto$proc_rom.cc:155:do_switch$1897$rdmux[0][0][0]$a$18811 [25] $memory$auto$proc_rom.cc:155:do_switch$1897$rdmux[0][0][0]$a$18811 [28:2] 2'11 }, B={ $memory$auto$proc_rom.cc:155:do_switch$1897$rdmux[0][0][0]$b$18812 [31] $memory$auto$proc_rom.cc:155:do_switch$1897$rdmux[0][0][0]$b$18812 [29:0] }, Y={ $auto$proc_rom.cc:154:do_switch$1896 [31] $auto$proc_rom.cc:154:do_switch$1896 [29:0] }
      New connections: $auto$proc_rom.cc:154:do_switch$1896 [30] = $auto$proc_rom.cc:154:do_switch$1896 [29]
  Optimizing cells in module $paramod$edcaa0cfb453980d1e33a3c938c1a32918b9f1d7\rom.
    Consolidated identical input bits for $mux cell $procmux$4852:
      Old ports: A=19, B=$auto$proc_rom.cc:154:do_switch$1896, Y=$procmux$4852_Y
      New ports: A=31'0000000000000000000000000010011, B={ $auto$proc_rom.cc:154:do_switch$1896 [31] $auto$proc_rom.cc:154:do_switch$1896 [29:0] }, Y={ $procmux$4852_Y [31] $procmux$4852_Y [29:0] }
      New connections: $procmux$4852_Y [30] = $procmux$4852_Y [29]
  Optimizing cells in module $paramod$edcaa0cfb453980d1e33a3c938c1a32918b9f1d7\rom.
  Optimizing cells in module $paramod\sram\MEM_DEPTH=s32'00000000000000000000000001000000.
  Optimizing cells in module \top.
Performed a total of 58 changes.

10.19.5. Executing OPT_MERGE pass (detect identical cells).
Finding identical cells in module `$paramod$d40569e2e5029e2dde4c9be19ab6c750b8104d07\uart_axi'.
Computing hashes of 50 cells of `$paramod$d40569e2e5029e2dde4c9be19ab6c750b8104d07\uart_axi'.
Finding duplicate cells in `$paramod$d40569e2e5029e2dde4c9be19ab6c750b8104d07\uart_axi'.
Finding identical cells in module `$paramod$d40569e2e5029e2dde4c9be19ab6c750b8104d07\uart_tx'.
Computing hashes of 43 cells of `$paramod$d40569e2e5029e2dde4c9be19ab6c750b8104d07\uart_tx'.
Finding duplicate cells in `$paramod$d40569e2e5029e2dde4c9be19ab6c750b8104d07\uart_tx'.
Finding identical cells in module `$paramod$d40569e2e5029e2dde4c9be19ab6c750b8104d07\uart_rx'.
Computing hashes of 51 cells of `$paramod$d40569e2e5029e2dde4c9be19ab6c750b8104d07\uart_rx'.
Finding duplicate cells in `$paramod$d40569e2e5029e2dde4c9be19ab6c750b8104d07\uart_rx'.
Finding identical cells in module `\axi_decoder'.
Computing hashes of 3 cells of `\axi_decoder'.
Finding duplicate cells in `\axi_decoder'.
Finding identical cells in module `\axi_lite_interconnect'.
Computing hashes of 69 cells of `\axi_lite_interconnect'.
Finding duplicate cells in `\axi_lite_interconnect'.
Finding identical cells in module `$paramod$5f39f8b646aa95582e6f088ce64c0e154e784a4a\picorv32'.
Computing hashes of 757 cells of `$paramod$5f39f8b646aa95582e6f088ce64c0e154e784a4a\picorv32'.
Finding duplicate cells in `$paramod$5f39f8b646aa95582e6f088ce64c0e154e784a4a\picorv32'.
Computing hashes of 756 cells of `$paramod$5f39f8b646aa95582e6f088ce64c0e154e784a4a\picorv32'.
Finding duplicate cells in `$paramod$5f39f8b646aa95582e6f088ce64c0e154e784a4a\picorv32'.
<suppressed ~3 debug messages>
Finding identical cells in module `$paramod$edcaa0cfb453980d1e33a3c938c1a32918b9f1d7\rom'.
Computing hashes of 69 cells of `$paramod$edcaa0cfb453980d1e33a3c938c1a32918b9f1d7\rom'.
Finding duplicate cells in `$paramod$edcaa0cfb453980d1e33a3c938c1a32918b9f1d7\rom'.
Computing hashes of 52 cells of `$paramod$edcaa0cfb453980d1e33a3c938c1a32918b9f1d7\rom'.
Finding duplicate cells in `$paramod$edcaa0cfb453980d1e33a3c938c1a32918b9f1d7\rom'.
<suppressed ~51 debug messages>
Finding identical cells in module `$paramod\sram\MEM_DEPTH=s32'00000000000000000000000001000000'.
Computing hashes of 667 cells of `$paramod\sram\MEM_DEPTH=s32'00000000000000000000000001000000'.
Finding duplicate cells in `$paramod\sram\MEM_DEPTH=s32'00000000000000000000000001000000'.
Finding identical cells in module `\top'.
Computing hashes of 83 cells of `\top'.
Finding duplicate cells in `\top'.
Removed a total of 18 cells.

10.19.6. Executing OPT_SHARE pass.

10.19.7. Executing OPT_DFF pass (perform DFF optimizations).

10.19.8. Executing OPT_CLEAN pass (remove unused cells and wires).
Finding unused cells or wires in module $paramod$d40569e2e5029e2dde4c9be19ab6c750b8104d07\uart_axi..
Finding unused cells or wires in module $paramod$d40569e2e5029e2dde4c9be19ab6c750b8104d07\uart_tx..
Finding unused cells or wires in module $paramod$d40569e2e5029e2dde4c9be19ab6c750b8104d07\uart_rx..
Finding unused cells or wires in module \axi_decoder..
Finding unused cells or wires in module \axi_lite_interconnect..
Finding unused cells or wires in module $paramod$5f39f8b646aa95582e6f088ce64c0e154e784a4a\picorv32..
Finding unused cells or wires in module $paramod$edcaa0cfb453980d1e33a3c938c1a32918b9f1d7\rom..
Finding unused cells or wires in module $paramod\sram\MEM_DEPTH=s32'00000000000000000000000001000000..
Finding unused cells or wires in module \top..
Removed 0 unused cells and 202 unused wires.
<suppressed ~2 debug messages>

10.19.9. Executing OPT_EXPR pass (perform const folding).
Optimizing module $paramod$d40569e2e5029e2dde4c9be19ab6c750b8104d07\uart_axi.
Optimizing module $paramod$d40569e2e5029e2dde4c9be19ab6c750b8104d07\uart_tx.
Optimizing module $paramod$d40569e2e5029e2dde4c9be19ab6c750b8104d07\uart_rx.
Optimizing module axi_decoder.
Optimizing module axi_lite_interconnect.
Optimizing module $paramod$5f39f8b646aa95582e6f088ce64c0e154e784a4a\picorv32.
<suppressed ~1 debug messages>
Optimizing module $paramod$edcaa0cfb453980d1e33a3c938c1a32918b9f1d7\rom.
<suppressed ~2 debug messages>
Optimizing module $paramod\sram\MEM_DEPTH=s32'00000000000000000000000001000000.
Optimizing module top.

10.19.10. Rerunning OPT passes. (Maybe there is more to do..)

10.19.11. Executing OPT_MUXTREE pass (detect dead branches in mux trees).
Running muxtree optimizer on module $paramod$d40569e2e5029e2dde4c9be19ab6c750b8104d07\uart_axi..
  Creating internal representation of mux trees.
  Evaluating internal representation of mux trees.
  Analyzing evaluation results.
Running muxtree optimizer on module $paramod$d40569e2e5029e2dde4c9be19ab6c750b8104d07\uart_tx..
  Creating internal representation of mux trees.
  Evaluating internal representation of mux trees.
  Analyzing evaluation results.
Running muxtree optimizer on module $paramod$d40569e2e5029e2dde4c9be19ab6c750b8104d07\uart_rx..
  Creating internal representation of mux trees.
  Evaluating internal representation of mux trees.
  Analyzing evaluation results.
Running muxtree optimizer on module \axi_decoder..
  Creating internal representation of mux trees.
  Evaluating internal representation of mux trees.
  Analyzing evaluation results.
Running muxtree optimizer on module \axi_lite_interconnect..
  Creating internal representation of mux trees.
  Evaluating internal representation of mux trees.
  Analyzing evaluation results.
Running muxtree optimizer on module $paramod$5f39f8b646aa95582e6f088ce64c0e154e784a4a\picorv32..
  Creating internal representation of mux trees.
  Evaluating internal representation of mux trees.
  Analyzing evaluation results.
Running muxtree optimizer on module $paramod$edcaa0cfb453980d1e33a3c938c1a32918b9f1d7\rom..
  Creating internal representation of mux trees.
  Evaluating internal representation of mux trees.
  Analyzing evaluation results.
Running muxtree optimizer on module $paramod\sram\MEM_DEPTH=s32'00000000000000000000000001000000..
  Creating internal representation of mux trees.
  Evaluating internal representation of mux trees.
  Analyzing evaluation results.
Running muxtree optimizer on module \top..
  Creating internal representation of mux trees.
  Evaluating internal representation of mux trees.
  Analyzing evaluation results.
Removed 0 multiplexer ports.
<suppressed ~442 debug messages>

10.19.12. Executing OPT_REDUCE pass (consolidate $*mux and $reduce_* inputs).
  Optimizing cells in module $paramod$d40569e2e5029e2dde4c9be19ab6c750b8104d07\uart_axi.
  Optimizing cells in module $paramod$d40569e2e5029e2dde4c9be19ab6c750b8104d07\uart_tx.
  Optimizing cells in module $paramod$d40569e2e5029e2dde4c9be19ab6c750b8104d07\uart_rx.
  Optimizing cells in module \axi_decoder.
  Optimizing cells in module \axi_lite_interconnect.
  Optimizing cells in module $paramod$5f39f8b646aa95582e6f088ce64c0e154e784a4a\picorv32.
  Optimizing cells in module $paramod$edcaa0cfb453980d1e33a3c938c1a32918b9f1d7\rom.
    Consolidated identical input bits for $mux cell $memory$auto$proc_rom.cc:155:do_switch$1897$rdmux[0][4][8]$18879:
      Old ports: A={ 1'1 $memory$auto$proc_rom.cc:155:do_switch$1897$rdmux[0][4][0]$a$18856 [2] $memory$auto$proc_rom.cc:155:do_switch$1897$rdmux[0][4][0]$a$18856 [2] $memory$auto$proc_rom.cc:155:do_switch$1897$rdmux[0][4][0]$a$18856 [2] $memory$auto$proc_rom.cc:155:do_switch$1897$rdmux[0][4][0]$a$18856 [16] $memory$auto$proc_rom.cc:155:do_switch$1897$rdmux[0][4][0]$a$18856 [2] 3'001 }, B={ $memory$auto$proc_rom.cc:155:do_switch$1897$rdmux[0][4][0]$a$18856 [16] 1'1 $memory$auto$proc_rom.cc:155:do_switch$1897$rdmux[0][4][0]$a$18856 [2] $memory$auto$proc_rom.cc:155:do_switch$1897$rdmux[0][4][0]$a$18856 [16] $memory$auto$proc_rom.cc:155:do_switch$1897$rdmux[0][4][0]$a$18856 [2] 2'01 $memory$auto$proc_rom.cc:155:do_switch$1897$rdmux[0][4][0]$a$18856 [2] $memory$auto$proc_rom.cc:155:do_switch$1897$rdmux[0][4][0]$a$18856 [2] }, Y={ $memory$auto$proc_rom.cc:155:do_switch$1897$rdmux[0][3][4]$a$18844 [21] $memory$auto$proc_rom.cc:155:do_switch$1897$rdmux[0][3][4]$a$18844 [13:12] $memory$auto$proc_rom.cc:155:do_switch$1897$rdmux[0][3][4]$a$18844 [8] $memory$auto$proc_rom.cc:155:do_switch$1897$rdmux[0][3][4]$a$18844 [5:2] $memory$auto$proc_rom.cc:155:do_switch$1897$rdmux[0][3][4]$a$18844 [0] }
      New ports: A={ 1'1 $memory$auto$proc_rom.cc:155:do_switch$1897$rdmux[0][4][0]$a$18856 [2] $memory$auto$proc_rom.cc:155:do_switch$1897$rdmux[0][4][0]$a$18856 [2] $memory$auto$proc_rom.cc:155:do_switch$1897$rdmux[0][4][0]$a$18856 [16] $memory$auto$proc_rom.cc:155:do_switch$1897$rdmux[0][4][0]$a$18856 [2] 3'001 }, B={ $memory$auto$proc_rom.cc:155:do_switch$1897$rdmux[0][4][0]$a$18856 [16] 1'1 $memory$auto$proc_rom.cc:155:do_switch$1897$rdmux[0][4][0]$a$18856 [16] $memory$auto$proc_rom.cc:155:do_switch$1897$rdmux[0][4][0]$a$18856 [2] 2'01 $memory$auto$proc_rom.cc:155:do_switch$1897$rdmux[0][4][0]$a$18856 [2] $memory$auto$proc_rom.cc:155:do_switch$1897$rdmux[0][4][0]$a$18856 [2] }, Y={ $memory$auto$proc_rom.cc:155:do_switch$1897$rdmux[0][3][4]$a$18844 [21] $memory$auto$proc_rom.cc:155:do_switch$1897$rdmux[0][3][4]$a$18844 [13] $memory$auto$proc_rom.cc:155:do_switch$1897$rdmux[0][3][4]$a$18844 [8] $memory$auto$proc_rom.cc:155:do_switch$1897$rdmux[0][3][4]$a$18844 [5:2] $memory$auto$proc_rom.cc:155:do_switch$1897$rdmux[0][3][4]$a$18844 [0] }
      New connections: $memory$auto$proc_rom.cc:155:do_switch$1897$rdmux[0][3][4]$a$18844 [12] = $memory$auto$proc_rom.cc:155:do_switch$1897$rdmux[0][4][0]$a$18856 [2]
    Consolidated identical input bits for $mux cell $memory$auto$proc_rom.cc:155:do_switch$1897$rdmux[0][4][5]$18870:
      Old ports: A={ $memory$auto$proc_rom.cc:155:do_switch$1897$rdmux[0][4][2]$a$18862 [2] 1'1 $memory$auto$proc_rom.cc:155:do_switch$1897$rdmux[0][4][2]$a$18862 [4] $memory$auto$proc_rom.cc:155:do_switch$1897$rdmux[0][4][2]$a$18862 [4] $memory$auto$proc_rom.cc:155:do_switch$1897$rdmux[0][4][2]$a$18862 [4] $memory$auto$proc_rom.cc:155:do_switch$1897$rdmux[0][4][2]$a$18862 [2] 1'0 }, B={ 1'0 $memory$auto$proc_rom.cc:155:do_switch$1897$rdmux[0][4][2]$a$18862 [4] 1'0 $memory$auto$proc_rom.cc:155:do_switch$1897$rdmux[0][4][2]$a$18862 [4] 1'1 $memory$auto$proc_rom.cc:155:do_switch$1897$rdmux[0][4][2]$a$18862 [2] $memory$auto$proc_rom.cc:155:do_switch$1897$rdmux[0][4][2]$a$18862 [2] }, Y={ $memory$auto$proc_rom.cc:155:do_switch$1897$rdmux[0][3][2]$b$18839 [20] $memory$auto$proc_rom.cc:155:do_switch$1897$rdmux[0][3][2]$b$18839 [17] $memory$auto$proc_rom.cc:155:do_switch$1897$rdmux[0][3][2]$b$18839 [11] $memory$auto$proc_rom.cc:155:do_switch$1897$rdmux[0][3][2]$b$18839 [6:4] $memory$auto$proc_rom.cc:155:do_switch$1897$rdmux[0][3][2]$b$18839 [2] }
      New ports: A={ $memory$auto$proc_rom.cc:155:do_switch$1897$rdmux[0][4][2]$a$18862 [2] 1'1 $memory$auto$proc_rom.cc:155:do_switch$1897$rdmux[0][4][2]$a$18862 [4] $memory$auto$proc_rom.cc:155:do_switch$1897$rdmux[0][4][2]$a$18862 [4] 1'0 }, B={ 1'0 $memory$auto$proc_rom.cc:155:do_switch$1897$rdmux[0][4][2]$a$18862 [4] 2'01 $memory$auto$proc_rom.cc:155:do_switch$1897$rdmux[0][4][2]$a$18862 [2] }, Y={ $memory$auto$proc_rom.cc:155:do_switch$1897$rdmux[0][3][2]$b$18839 [20] $memory$auto$proc_rom.cc:155:do_switch$1897$rdmux[0][3][2]$b$18839 [17] $memory$auto$proc_rom.cc:155:do_switch$1897$rdmux[0][3][2]$b$18839 [11] $memory$auto$proc_rom.cc:155:do_switch$1897$rdmux[0][3][2]$b$18839 [5] $memory$auto$proc_rom.cc:155:do_switch$1897$rdmux[0][3][2]$b$18839 [2] }
      New connections: { $memory$auto$proc_rom.cc:155:do_switch$1897$rdmux[0][3][2]$b$18839 [6] $memory$auto$proc_rom.cc:155:do_switch$1897$rdmux[0][3][2]$b$18839 [4] } = { $memory$auto$proc_rom.cc:155:do_switch$1897$rdmux[0][4][2]$a$18862 [4] $memory$auto$proc_rom.cc:155:do_switch$1897$rdmux[0][4][2]$a$18862 [2] }
    Consolidated identical input bits for $mux cell $memory$auto$proc_rom.cc:155:do_switch$1897$rdmux[0][4][0]$18855:
      Old ports: A={ $memory$auto$proc_rom.cc:155:do_switch$1897$rdmux[0][4][0]$a$18856 [16] $memory$auto$proc_rom.cc:155:do_switch$1897$rdmux[0][4][0]$a$18856 [16] $memory$auto$proc_rom.cc:155:do_switch$1897$rdmux[0][4][0]$a$18856 [2] $memory$auto$proc_rom.cc:155:do_switch$1897$rdmux[0][4][0]$a$18856 [16] 3'010 $memory$auto$proc_rom.cc:155:do_switch$1897$rdmux[0][4][0]$a$18856 [2] $memory$auto$proc_rom.cc:155:do_switch$1897$rdmux[0][4][0]$a$18856 [2] }, B={ $memory$auto$proc_rom.cc:155:do_switch$1897$rdmux[0][4][0]$a$18856 [16] 1'0 $memory$auto$proc_rom.cc:155:do_switch$1897$rdmux[0][4][0]$a$18856 [16] $memory$auto$proc_rom.cc:155:do_switch$1897$rdmux[0][4][0]$a$18856 [2] $memory$auto$proc_rom.cc:155:do_switch$1897$rdmux[0][4][0]$a$18856 [16] 3'010 $memory$auto$proc_rom.cc:155:do_switch$1897$rdmux[0][4][0]$a$18856 [2] }, Y={ $memory$auto$proc_rom.cc:155:do_switch$1897$rdmux[0][3][0]$a$18832 [23:22] $memory$auto$proc_rom.cc:155:do_switch$1897$rdmux[0][3][0]$a$18832 [17:15] $memory$auto$proc_rom.cc:155:do_switch$1897$rdmux[0][3][0]$a$18832 [8:7] $memory$auto$proc_rom.cc:155:do_switch$1897$rdmux[0][3][0]$a$18832 [5] $memory$auto$proc_rom.cc:155:do_switch$1897$rdmux[0][3][0]$a$18832 [2] }
      New ports: A={ $memory$auto$proc_rom.cc:155:do_switch$1897$rdmux[0][4][0]$a$18856 [16] $memory$auto$proc_rom.cc:155:do_switch$1897$rdmux[0][4][0]$a$18856 [2] $memory$auto$proc_rom.cc:155:do_switch$1897$rdmux[0][4][0]$a$18856 [16] 3'010 $memory$auto$proc_rom.cc:155:do_switch$1897$rdmux[0][4][0]$a$18856 [2] }, B={ 1'0 $memory$auto$proc_rom.cc:155:do_switch$1897$rdmux[0][4][0]$a$18856 [16] $memory$auto$proc_rom.cc:155:do_switch$1897$rdmux[0][4][0]$a$18856 [2] $memory$auto$proc_rom.cc:155:do_switch$1897$rdmux[0][4][0]$a$18856 [16] 3'010 }, Y={ $memory$auto$proc_rom.cc:155:do_switch$1897$rdmux[0][3][0]$a$18832 [22] $memory$auto$proc_rom.cc:155:do_switch$1897$rdmux[0][3][0]$a$18832 [17:15] $memory$auto$proc_rom.cc:155:do_switch$1897$rdmux[0][3][0]$a$18832 [8:7] $memory$auto$proc_rom.cc:155:do_switch$1897$rdmux[0][3][0]$a$18832 [5] }
      New connections: { $memory$auto$proc_rom.cc:155:do_switch$1897$rdmux[0][3][0]$a$18832 [23] $memory$auto$proc_rom.cc:155:do_switch$1897$rdmux[0][3][0]$a$18832 [2] } = { $memory$auto$proc_rom.cc:155:do_switch$1897$rdmux[0][4][0]$a$18856 [16] $memory$auto$proc_rom.cc:155:do_switch$1897$rdmux[0][4][0]$a$18856 [2] }
  Optimizing cells in module $paramod$edcaa0cfb453980d1e33a3c938c1a32918b9f1d7\rom.
  Optimizing cells in module $paramod\sram\MEM_DEPTH=s32'00000000000000000000000001000000.
  Optimizing cells in module \top.
Performed a total of 3 changes.

10.19.13. Executing OPT_MERGE pass (detect identical cells).
Finding identical cells in module `$paramod$d40569e2e5029e2dde4c9be19ab6c750b8104d07\uart_axi'.
Computing hashes of 50 cells of `$paramod$d40569e2e5029e2dde4c9be19ab6c750b8104d07\uart_axi'.
Finding duplicate cells in `$paramod$d40569e2e5029e2dde4c9be19ab6c750b8104d07\uart_axi'.
Finding identical cells in module `$paramod$d40569e2e5029e2dde4c9be19ab6c750b8104d07\uart_tx'.
Computing hashes of 43 cells of `$paramod$d40569e2e5029e2dde4c9be19ab6c750b8104d07\uart_tx'.
Finding duplicate cells in `$paramod$d40569e2e5029e2dde4c9be19ab6c750b8104d07\uart_tx'.
Finding identical cells in module `$paramod$d40569e2e5029e2dde4c9be19ab6c750b8104d07\uart_rx'.
Computing hashes of 51 cells of `$paramod$d40569e2e5029e2dde4c9be19ab6c750b8104d07\uart_rx'.
Finding duplicate cells in `$paramod$d40569e2e5029e2dde4c9be19ab6c750b8104d07\uart_rx'.
Finding identical cells in module `\axi_decoder'.
Computing hashes of 3 cells of `\axi_decoder'.
Finding duplicate cells in `\axi_decoder'.
Finding identical cells in module `\axi_lite_interconnect'.
Computing hashes of 69 cells of `\axi_lite_interconnect'.
Finding duplicate cells in `\axi_lite_interconnect'.
Finding identical cells in module `$paramod$5f39f8b646aa95582e6f088ce64c0e154e784a4a\picorv32'.
Computing hashes of 756 cells of `$paramod$5f39f8b646aa95582e6f088ce64c0e154e784a4a\picorv32'.
Finding duplicate cells in `$paramod$5f39f8b646aa95582e6f088ce64c0e154e784a4a\picorv32'.
Finding identical cells in module `$paramod$edcaa0cfb453980d1e33a3c938c1a32918b9f1d7\rom'.
Computing hashes of 51 cells of `$paramod$edcaa0cfb453980d1e33a3c938c1a32918b9f1d7\rom'.
Finding duplicate cells in `$paramod$edcaa0cfb453980d1e33a3c938c1a32918b9f1d7\rom'.
Finding identical cells in module `$paramod\sram\MEM_DEPTH=s32'00000000000000000000000001000000'.
Computing hashes of 667 cells of `$paramod\sram\MEM_DEPTH=s32'00000000000000000000000001000000'.
Finding duplicate cells in `$paramod\sram\MEM_DEPTH=s32'00000000000000000000000001000000'.
Finding identical cells in module `\top'.
Computing hashes of 83 cells of `\top'.
Finding duplicate cells in `\top'.
Removed a total of 0 cells.

10.19.14. Executing OPT_SHARE pass.

10.19.15. Executing OPT_DFF pass (perform DFF optimizations).
Adding EN signal on $memory\cpuregs[0]$18316 ($dff) from module $paramod$5f39f8b646aa95582e6f088ce64c0e154e784a4a\picorv32 (D = \cpuregs_wrdata, Q = \cpuregs[0]).
Adding EN signal on $memory\cpuregs[1]$18318 ($dff) from module $paramod$5f39f8b646aa95582e6f088ce64c0e154e784a4a\picorv32 (D = \cpuregs_wrdata, Q = \cpuregs[1]).
Adding EN signal on $memory\cpuregs[2]$18320 ($dff) from module $paramod$5f39f8b646aa95582e6f088ce64c0e154e784a4a\picorv32 (D = \cpuregs_wrdata, Q = \cpuregs[2]).
Adding EN signal on $memory\cpuregs[3]$18322 ($dff) from module $paramod$5f39f8b646aa95582e6f088ce64c0e154e784a4a\picorv32 (D = \cpuregs_wrdata, Q = \cpuregs[3]).
Adding EN signal on $memory\cpuregs[4]$18324 ($dff) from module $paramod$5f39f8b646aa95582e6f088ce64c0e154e784a4a\picorv32 (D = \cpuregs_wrdata, Q = \cpuregs[4]).
Adding EN signal on $memory\cpuregs[5]$18326 ($dff) from module $paramod$5f39f8b646aa95582e6f088ce64c0e154e784a4a\picorv32 (D = \cpuregs_wrdata, Q = \cpuregs[5]).
Adding EN signal on $memory\cpuregs[6]$18328 ($dff) from module $paramod$5f39f8b646aa95582e6f088ce64c0e154e784a4a\picorv32 (D = \cpuregs_wrdata, Q = \cpuregs[6]).
Adding EN signal on $memory\cpuregs[7]$18330 ($dff) from module $paramod$5f39f8b646aa95582e6f088ce64c0e154e784a4a\picorv32 (D = \cpuregs_wrdata, Q = \cpuregs[7]).
Adding EN signal on $memory\cpuregs[8]$18332 ($dff) from module $paramod$5f39f8b646aa95582e6f088ce64c0e154e784a4a\picorv32 (D = \cpuregs_wrdata, Q = \cpuregs[8]).
Adding EN signal on $memory\cpuregs[9]$18334 ($dff) from module $paramod$5f39f8b646aa95582e6f088ce64c0e154e784a4a\picorv32 (D = \cpuregs_wrdata, Q = \cpuregs[9]).
Adding EN signal on $memory\cpuregs[10]$18336 ($dff) from module $paramod$5f39f8b646aa95582e6f088ce64c0e154e784a4a\picorv32 (D = \cpuregs_wrdata, Q = \cpuregs[10]).
Adding EN signal on $memory\cpuregs[11]$18338 ($dff) from module $paramod$5f39f8b646aa95582e6f088ce64c0e154e784a4a\picorv32 (D = \cpuregs_wrdata, Q = \cpuregs[11]).
Adding EN signal on $memory\cpuregs[12]$18340 ($dff) from module $paramod$5f39f8b646aa95582e6f088ce64c0e154e784a4a\picorv32 (D = \cpuregs_wrdata, Q = \cpuregs[12]).
Adding EN signal on $memory\cpuregs[13]$18342 ($dff) from module $paramod$5f39f8b646aa95582e6f088ce64c0e154e784a4a\picorv32 (D = \cpuregs_wrdata, Q = \cpuregs[13]).
Adding EN signal on $memory\cpuregs[14]$18344 ($dff) from module $paramod$5f39f8b646aa95582e6f088ce64c0e154e784a4a\picorv32 (D = \cpuregs_wrdata, Q = \cpuregs[14]).
Adding EN signal on $memory\cpuregs[15]$18346 ($dff) from module $paramod$5f39f8b646aa95582e6f088ce64c0e154e784a4a\picorv32 (D = \cpuregs_wrdata, Q = \cpuregs[15]).
Adding EN signal on $memory\cpuregs[16]$18348 ($dff) from module $paramod$5f39f8b646aa95582e6f088ce64c0e154e784a4a\picorv32 (D = \cpuregs_wrdata, Q = \cpuregs[16]).
Adding EN signal on $memory\cpuregs[17]$18350 ($dff) from module $paramod$5f39f8b646aa95582e6f088ce64c0e154e784a4a\picorv32 (D = \cpuregs_wrdata, Q = \cpuregs[17]).
Adding EN signal on $memory\cpuregs[18]$18352 ($dff) from module $paramod$5f39f8b646aa95582e6f088ce64c0e154e784a4a\picorv32 (D = \cpuregs_wrdata, Q = \cpuregs[18]).
Adding EN signal on $memory\cpuregs[19]$18354 ($dff) from module $paramod$5f39f8b646aa95582e6f088ce64c0e154e784a4a\picorv32 (D = \cpuregs_wrdata, Q = \cpuregs[19]).
Adding EN signal on $memory\cpuregs[20]$18356 ($dff) from module $paramod$5f39f8b646aa95582e6f088ce64c0e154e784a4a\picorv32 (D = \cpuregs_wrdata, Q = \cpuregs[20]).
Adding EN signal on $memory\cpuregs[21]$18358 ($dff) from module $paramod$5f39f8b646aa95582e6f088ce64c0e154e784a4a\picorv32 (D = \cpuregs_wrdata, Q = \cpuregs[21]).
Adding EN signal on $memory\cpuregs[22]$18360 ($dff) from module $paramod$5f39f8b646aa95582e6f088ce64c0e154e784a4a\picorv32 (D = \cpuregs_wrdata, Q = \cpuregs[22]).
Adding EN signal on $memory\cpuregs[23]$18362 ($dff) from module $paramod$5f39f8b646aa95582e6f088ce64c0e154e784a4a\picorv32 (D = \cpuregs_wrdata, Q = \cpuregs[23]).
Adding EN signal on $memory\cpuregs[24]$18364 ($dff) from module $paramod$5f39f8b646aa95582e6f088ce64c0e154e784a4a\picorv32 (D = \cpuregs_wrdata, Q = \cpuregs[24]).
Adding EN signal on $memory\cpuregs[25]$18366 ($dff) from module $paramod$5f39f8b646aa95582e6f088ce64c0e154e784a4a\picorv32 (D = \cpuregs_wrdata, Q = \cpuregs[25]).
Adding EN signal on $memory\cpuregs[26]$18368 ($dff) from module $paramod$5f39f8b646aa95582e6f088ce64c0e154e784a4a\picorv32 (D = \cpuregs_wrdata, Q = \cpuregs[26]).
Adding EN signal on $memory\cpuregs[27]$18370 ($dff) from module $paramod$5f39f8b646aa95582e6f088ce64c0e154e784a4a\picorv32 (D = \cpuregs_wrdata, Q = \cpuregs[27]).
Adding EN signal on $memory\cpuregs[28]$18372 ($dff) from module $paramod$5f39f8b646aa95582e6f088ce64c0e154e784a4a\picorv32 (D = \cpuregs_wrdata, Q = \cpuregs[28]).
Adding EN signal on $memory\cpuregs[29]$18374 ($dff) from module $paramod$5f39f8b646aa95582e6f088ce64c0e154e784a4a\picorv32 (D = \cpuregs_wrdata, Q = \cpuregs[29]).
Adding EN signal on $memory\cpuregs[30]$18376 ($dff) from module $paramod$5f39f8b646aa95582e6f088ce64c0e154e784a4a\picorv32 (D = \cpuregs_wrdata, Q = \cpuregs[30]).
Adding EN signal on $memory\cpuregs[31]$18378 ($dff) from module $paramod$5f39f8b646aa95582e6f088ce64c0e154e784a4a\picorv32 (D = \cpuregs_wrdata, Q = \cpuregs[31]).
Setting constant 0-bit at position 0 on $auto$ff.cc:337:slice$16590 ($dffe) from module $paramod$5f39f8b646aa95582e6f088ce64c0e154e784a4a\picorv32.
Setting constant 0-bit at position 1 on $auto$ff.cc:337:slice$16590 ($dffe) from module $paramod$5f39f8b646aa95582e6f088ce64c0e154e784a4a\picorv32.

10.19.16. Executing OPT_CLEAN pass (remove unused cells and wires).
Finding unused cells or wires in module $paramod$d40569e2e5029e2dde4c9be19ab6c750b8104d07\uart_axi..
Finding unused cells or wires in module $paramod$d40569e2e5029e2dde4c9be19ab6c750b8104d07\uart_tx..
Finding unused cells or wires in module $paramod$d40569e2e5029e2dde4c9be19ab6c750b8104d07\uart_rx..
Finding unused cells or wires in module \axi_decoder..
Finding unused cells or wires in module \axi_lite_interconnect..
Finding unused cells or wires in module $paramod$5f39f8b646aa95582e6f088ce64c0e154e784a4a\picorv32..
Finding unused cells or wires in module $paramod$edcaa0cfb453980d1e33a3c938c1a32918b9f1d7\rom..
Finding unused cells or wires in module $paramod\sram\MEM_DEPTH=s32'00000000000000000000000001000000..
Finding unused cells or wires in module \top..
Removed 32 unused cells and 35 unused wires.
<suppressed ~34 debug messages>

10.19.17. Executing OPT_EXPR pass (perform const folding).
Optimizing module $paramod$d40569e2e5029e2dde4c9be19ab6c750b8104d07\uart_axi.
Optimizing module $paramod$d40569e2e5029e2dde4c9be19ab6c750b8104d07\uart_tx.
Optimizing module $paramod$d40569e2e5029e2dde4c9be19ab6c750b8104d07\uart_rx.
Optimizing module axi_decoder.
Optimizing module axi_lite_interconnect.
Optimizing module $paramod$5f39f8b646aa95582e6f088ce64c0e154e784a4a\picorv32.
Optimizing module $paramod$edcaa0cfb453980d1e33a3c938c1a32918b9f1d7\rom.
Optimizing module $paramod\sram\MEM_DEPTH=s32'00000000000000000000000001000000.
Optimizing module top.

10.19.18. Rerunning OPT passes. (Maybe there is more to do..)

10.19.19. Executing OPT_MUXTREE pass (detect dead branches in mux trees).
Running muxtree optimizer on module $paramod$d40569e2e5029e2dde4c9be19ab6c750b8104d07\uart_axi..
  Creating internal representation of mux trees.
  Evaluating internal representation of mux trees.
  Analyzing evaluation results.
Running muxtree optimizer on module $paramod$d40569e2e5029e2dde4c9be19ab6c750b8104d07\uart_tx..
  Creating internal representation of mux trees.
  Evaluating internal representation of mux trees.
  Analyzing evaluation results.
Running muxtree optimizer on module $paramod$d40569e2e5029e2dde4c9be19ab6c750b8104d07\uart_rx..
  Creating internal representation of mux trees.
  Evaluating internal representation of mux trees.
  Analyzing evaluation results.
Running muxtree optimizer on module \axi_decoder..
  Creating internal representation of mux trees.
  Evaluating internal representation of mux trees.
  Analyzing evaluation results.
Running muxtree optimizer on module \axi_lite_interconnect..
  Creating internal representation of mux trees.
  Evaluating internal representation of mux trees.
  Analyzing evaluation results.
Running muxtree optimizer on module $paramod$5f39f8b646aa95582e6f088ce64c0e154e784a4a\picorv32..
  Creating internal representation of mux trees.
  Evaluating internal representation of mux trees.
  Analyzing evaluation results.
Running muxtree optimizer on module $paramod$edcaa0cfb453980d1e33a3c938c1a32918b9f1d7\rom..
  Creating internal representation of mux trees.
  Evaluating internal representation of mux trees.
  Analyzing evaluation results.
Running muxtree optimizer on module $paramod\sram\MEM_DEPTH=s32'00000000000000000000000001000000..
  Creating internal representation of mux trees.
  Evaluating internal representation of mux trees.
  Analyzing evaluation results.
Running muxtree optimizer on module \top..
  Creating internal representation of mux trees.
  Evaluating internal representation of mux trees.
  Analyzing evaluation results.
Removed 0 multiplexer ports.
<suppressed ~311 debug messages>

10.19.20. Executing OPT_REDUCE pass (consolidate $*mux and $reduce_* inputs).
  Optimizing cells in module $paramod$d40569e2e5029e2dde4c9be19ab6c750b8104d07\uart_axi.
  Optimizing cells in module $paramod$d40569e2e5029e2dde4c9be19ab6c750b8104d07\uart_tx.
  Optimizing cells in module $paramod$d40569e2e5029e2dde4c9be19ab6c750b8104d07\uart_rx.
  Optimizing cells in module \axi_decoder.
  Optimizing cells in module \axi_lite_interconnect.
  Optimizing cells in module $paramod$5f39f8b646aa95582e6f088ce64c0e154e784a4a\picorv32.
  Optimizing cells in module $paramod$edcaa0cfb453980d1e33a3c938c1a32918b9f1d7\rom.
  Optimizing cells in module $paramod\sram\MEM_DEPTH=s32'00000000000000000000000001000000.
  Optimizing cells in module \top.
Performed a total of 0 changes.

10.19.21. Executing OPT_MERGE pass (detect identical cells).
Finding identical cells in module `$paramod$d40569e2e5029e2dde4c9be19ab6c750b8104d07\uart_axi'.
Computing hashes of 50 cells of `$paramod$d40569e2e5029e2dde4c9be19ab6c750b8104d07\uart_axi'.
Finding duplicate cells in `$paramod$d40569e2e5029e2dde4c9be19ab6c750b8104d07\uart_axi'.
Finding identical cells in module `$paramod$d40569e2e5029e2dde4c9be19ab6c750b8104d07\uart_tx'.
Computing hashes of 43 cells of `$paramod$d40569e2e5029e2dde4c9be19ab6c750b8104d07\uart_tx'.
Finding duplicate cells in `$paramod$d40569e2e5029e2dde4c9be19ab6c750b8104d07\uart_tx'.
Finding identical cells in module `$paramod$d40569e2e5029e2dde4c9be19ab6c750b8104d07\uart_rx'.
Computing hashes of 51 cells of `$paramod$d40569e2e5029e2dde4c9be19ab6c750b8104d07\uart_rx'.
Finding duplicate cells in `$paramod$d40569e2e5029e2dde4c9be19ab6c750b8104d07\uart_rx'.
Finding identical cells in module `\axi_decoder'.
Computing hashes of 3 cells of `\axi_decoder'.
Finding duplicate cells in `\axi_decoder'.
Finding identical cells in module `\axi_lite_interconnect'.
Computing hashes of 69 cells of `\axi_lite_interconnect'.
Finding duplicate cells in `\axi_lite_interconnect'.
Finding identical cells in module `$paramod$5f39f8b646aa95582e6f088ce64c0e154e784a4a\picorv32'.
Computing hashes of 724 cells of `$paramod$5f39f8b646aa95582e6f088ce64c0e154e784a4a\picorv32'.
Finding duplicate cells in `$paramod$5f39f8b646aa95582e6f088ce64c0e154e784a4a\picorv32'.
Finding identical cells in module `$paramod$edcaa0cfb453980d1e33a3c938c1a32918b9f1d7\rom'.
Computing hashes of 51 cells of `$paramod$edcaa0cfb453980d1e33a3c938c1a32918b9f1d7\rom'.
Finding duplicate cells in `$paramod$edcaa0cfb453980d1e33a3c938c1a32918b9f1d7\rom'.
Finding identical cells in module `$paramod\sram\MEM_DEPTH=s32'00000000000000000000000001000000'.
Computing hashes of 667 cells of `$paramod\sram\MEM_DEPTH=s32'00000000000000000000000001000000'.
Finding duplicate cells in `$paramod\sram\MEM_DEPTH=s32'00000000000000000000000001000000'.
Finding identical cells in module `\top'.
Computing hashes of 83 cells of `\top'.
Finding duplicate cells in `\top'.
Removed a total of 0 cells.

10.19.22. Executing OPT_SHARE pass.

10.19.23. Executing OPT_DFF pass (perform DFF optimizations).

10.19.24. Executing OPT_CLEAN pass (remove unused cells and wires).
Finding unused cells or wires in module $paramod$d40569e2e5029e2dde4c9be19ab6c750b8104d07\uart_axi..
Finding unused cells or wires in module $paramod$d40569e2e5029e2dde4c9be19ab6c750b8104d07\uart_tx..
Finding unused cells or wires in module $paramod$d40569e2e5029e2dde4c9be19ab6c750b8104d07\uart_rx..
Finding unused cells or wires in module \axi_decoder..
Finding unused cells or wires in module \axi_lite_interconnect..
Finding unused cells or wires in module $paramod$5f39f8b646aa95582e6f088ce64c0e154e784a4a\picorv32..
Finding unused cells or wires in module $paramod$edcaa0cfb453980d1e33a3c938c1a32918b9f1d7\rom..
Finding unused cells or wires in module $paramod\sram\MEM_DEPTH=s32'00000000000000000000000001000000..
Finding unused cells or wires in module \top..

10.19.25. Executing OPT_EXPR pass (perform const folding).
Optimizing module $paramod$d40569e2e5029e2dde4c9be19ab6c750b8104d07\uart_axi.
Optimizing module $paramod$d40569e2e5029e2dde4c9be19ab6c750b8104d07\uart_tx.
Optimizing module $paramod$d40569e2e5029e2dde4c9be19ab6c750b8104d07\uart_rx.
Optimizing module axi_decoder.
Optimizing module axi_lite_interconnect.
Optimizing module $paramod$5f39f8b646aa95582e6f088ce64c0e154e784a4a\picorv32.
Optimizing module $paramod$edcaa0cfb453980d1e33a3c938c1a32918b9f1d7\rom.
Optimizing module $paramod\sram\MEM_DEPTH=s32'00000000000000000000000001000000.
Optimizing module top.

10.19.26. Finished fast OPT passes. (There is nothing left to do.)

10.20. Executing TECHMAP pass (map to technology primitives).

10.20.1. Executing Verilog-2005 frontend: /home/deep/oss/lib/../share/yosys/techmap.v
Parsing Verilog input from `/home/deep/oss/lib/../share/yosys/techmap.v' to AST representation.
Generating RTLIL representation for module `\_90_simplemap_bool_ops'.
Generating RTLIL representation for module `\_90_simplemap_reduce_ops'.
Generating RTLIL representation for module `\_90_simplemap_logic_ops'.
Generating RTLIL representation for module `\_90_simplemap_compare_ops'.
Generating RTLIL representation for module `\_90_simplemap_various'.
Generating RTLIL representation for module `\_90_simplemap_registers'.
Generating RTLIL representation for module `\_90_shift_ops_shr_shl_sshl_sshr'.
Generating RTLIL representation for module `\_90_shift_shiftx'.
Generating RTLIL representation for module `\_90_fa'.
Generating RTLIL representation for module `\_90_lcu_brent_kung'.
Generating RTLIL representation for module `\_90_alu'.
Generating RTLIL representation for module `\_90_macc'.
Generating RTLIL representation for module `\_90_alumacc'.
Generating RTLIL representation for module `$__div_mod_u'.
Generating RTLIL representation for module `$__div_mod_trunc'.
Generating RTLIL representation for module `\_90_div'.
Generating RTLIL representation for module `\_90_mod'.
Generating RTLIL representation for module `$__div_mod_floor'.
Generating RTLIL representation for module `\_90_divfloor'.
Generating RTLIL representation for module `\_90_modfloor'.
Generating RTLIL representation for module `\_90_pow'.
Generating RTLIL representation for module `\_90_pmux'.
Generating RTLIL representation for module `\_90_demux'.
Generating RTLIL representation for module `\_90_lut'.
Generating RTLIL representation for module `$connect'.
Generating RTLIL representation for module `$input_port'.
Successfully finished Verilog frontend.

10.20.2. Continuing TECHMAP pass.
Using extmapper simplemap for cells of type $adffe.
Using extmapper simplemap for cells of type $reduce_and.
Using extmapper simplemap for cells of type $ne.
Using extmapper simplemap for cells of type $reduce_bool.
Using extmapper simplemap for cells of type $not.
Using extmapper simplemap for cells of type $reduce_or.
Using extmapper simplemap for cells of type $and.
Using extmapper simplemap for cells of type $eq.
Using extmapper simplemap for cells of type $logic_not.
Using extmapper simplemap for cells of type $adff.
Using extmapper simplemap for cells of type $logic_and.
Using template $paramod$d629d85c8826a74239b9178d1930215a43b0ceb0\_90_pmux for cells of type $pmux.
Using extmapper simplemap for cells of type $mux.
Using extmapper simplemap for cells of type $dffe.
Using template $paramod$dcd17738bbcecd83f7938b6b79f55a32aabd6959\_90_pmux for cells of type $pmux.
Using extmapper simplemap for cells of type $dff.
Using extmapper simplemap for cells of type $sdffce.
Using template $paramod$dc04b7d98e503a7bab16fce2df70e6e2c5ca34d6\_90_alu for cells of type $alu.
Using extmapper simplemap for cells of type $or.
Using template $paramod$b8c0a997bce700f23568a5ada79cc6781d1f5ca0\_90_alu for cells of type $alu.
Using template $paramod$fbc7873bff55778c0b3173955b7e4bce1d9d6834\_90_alu for cells of type $alu.
Using extmapper simplemap for cells of type $xor.
Using template $paramod$44a13d10af618e7fbe7b9aad2f6151ffcee1e2fa\_90_alu for cells of type $alu.
Using template $paramod$6a42b6fefed750f8a1c58eab59479d960557103c\_90_alu for cells of type $alu.
Using template $paramod$ebf89ea36a793f0f77858f212141d47c833068ad\_90_alu for cells of type $alu.
Using extmapper simplemap for cells of type $sdffe.
Using extmapper simplemap for cells of type $sdff.
Using extmapper simplemap for cells of type $logic_or.
Using template $paramod$constmap:574a95964644c704a7e64c257267b27c2c48aa52$paramod$77562a466236eb4a6d905351a0995599b75075cb\_90_shift_ops_shr_shl_sshl_sshr for cells of type $shl.
Using template $paramod$c5c783b17ab1d780abfad8cfe6563a0a7b47a3b0\_90_pmux for cells of type $pmux.
Using template $paramod$645fe0cc96ae5edb83bff90cc2c78f4a20ca3e3c\_90_pmux for cells of type $pmux.
Using template $paramod$8fabc56b80a569262acfc42757a02ca0b8e91278\_90_pmux for cells of type $pmux.
Using template $paramod$cc1e387d9d5ac1d3f6e6bed180038d9c0ac48d0c\_90_pmux for cells of type $pmux.
Using template $paramod$54d740639e1393b22262823179ff783ea9f17a35\_90_pmux for cells of type $pmux.
Using template $paramod$2407ada40cc3dda6c6015be2b49b748cddb5a800\_90_pmux for cells of type $pmux.
Using template $paramod$b098bc6f249c0ac91c4d6e19d54b23c285914115\_90_pmux for cells of type $pmux.
Using template $paramod$59b03ae2620a41577de8da5f5c97b2919e82362b\_90_pmux for cells of type $pmux.
Using template $paramod$521ce43182eecb9f60c72393a788160d2c356bf5\_90_pmux for cells of type $pmux.
Using template $paramod$bf2533632d512eac76dd186c0da49367e29b8e98\_90_pmux for cells of type $pmux.
Using extmapper simplemap for cells of type $pos.
Using template $paramod\_90_fa\WIDTH=32'00000000000000000000000000100000 for cells of type $fa.
Using template $paramod\_90_lcu_brent_kung\WIDTH=32'00000000000000000000000000100000 for cells of type $lcu.
Using template $paramod\_90_fa\WIDTH=32'00000000000000000000000000011111 for cells of type $fa.
Using template $paramod\_90_lcu_brent_kung\WIDTH=32'00000000000000000000000000011111 for cells of type $lcu.
Using template $paramod\_90_fa\WIDTH=32'00000000000000000000000000011110 for cells of type $fa.
Using template $paramod\_90_lcu_brent_kung\WIDTH=32'00000000000000000000000000011110 for cells of type $lcu.
Using template $paramod\_90_fa\WIDTH=32'00000000000000000000000000000011 for cells of type $fa.
Using template $paramod\_90_lcu_brent_kung\WIDTH=32'00000000000000000000000000000011 for cells of type $lcu.
Using template $paramod\_90_fa\WIDTH=32'00000000000000000000000000000101 for cells of type $fa.
Using template $paramod\_90_lcu_brent_kung\WIDTH=32'00000000000000000000000000000101 for cells of type $lcu.
Using template $paramod$32e7c4d6f92ff4337599ece53082d2e88a82a9f2\_90_pmux for cells of type $pmux.
Using template $paramod$3ef7d3dd227da7627a99c5e5a6a4deb817573e39\_90_alu for cells of type $alu.
Using template $paramod$754650b284649a026620fc6856e5b6886cbfe794\_90_alu for cells of type $alu.
Using template $paramod$5fa769bd6f6ca230a24c9bbc0e120f15bcfea838\_90_pmux for cells of type $pmux.
Using template $paramod\_90_fa\WIDTH=32'00000000000000000000000000001010 for cells of type $fa.
Using template $paramod\_90_lcu_brent_kung\WIDTH=32'00000000000000000000000000001010 for cells of type $lcu.
No more expansions possible.
<suppressed ~5100 debug messages>

10.21. Executing OPT pass (performing simple optimizations).

10.21.1. Executing OPT_EXPR pass (perform const folding).
Optimizing module $paramod$d40569e2e5029e2dde4c9be19ab6c750b8104d07\uart_axi.
<suppressed ~13 debug messages>
Optimizing module $paramod$d40569e2e5029e2dde4c9be19ab6c750b8104d07\uart_tx.
<suppressed ~148 debug messages>
Optimizing module $paramod$d40569e2e5029e2dde4c9be19ab6c750b8104d07\uart_rx.
<suppressed ~174 debug messages>
Optimizing module axi_decoder.
<suppressed ~53 debug messages>
Optimizing module axi_lite_interconnect.
Optimizing module $paramod$5f39f8b646aa95582e6f088ce64c0e154e784a4a\picorv32.
<suppressed ~2532 debug messages>
Optimizing module $paramod$edcaa0cfb453980d1e33a3c938c1a32918b9f1d7\rom.
<suppressed ~43 debug messages>
Optimizing module $paramod\sram\MEM_DEPTH=s32'00000000000000000000000001000000.
<suppressed ~756 debug messages>
Optimizing module top.
<suppressed ~20 debug messages>

10.21.2. Executing OPT_MERGE pass (detect identical cells).
Finding identical cells in module `$paramod$d40569e2e5029e2dde4c9be19ab6c750b8104d07\uart_axi'.
Computing hashes of 119 cells of `$paramod$d40569e2e5029e2dde4c9be19ab6c750b8104d07\uart_axi'.
Finding duplicate cells in `$paramod$d40569e2e5029e2dde4c9be19ab6c750b8104d07\uart_axi'.
Finding identical cells in module `$paramod$d40569e2e5029e2dde4c9be19ab6c750b8104d07\uart_tx'.
Computing hashes of 163 cells of `$paramod$d40569e2e5029e2dde4c9be19ab6c750b8104d07\uart_tx'.
Finding duplicate cells in `$paramod$d40569e2e5029e2dde4c9be19ab6c750b8104d07\uart_tx'.
Computing hashes of 151 cells of `$paramod$d40569e2e5029e2dde4c9be19ab6c750b8104d07\uart_tx'.
Finding duplicate cells in `$paramod$d40569e2e5029e2dde4c9be19ab6c750b8104d07\uart_tx'.
<suppressed ~36 debug messages>
Finding identical cells in module `$paramod$d40569e2e5029e2dde4c9be19ab6c750b8104d07\uart_rx'.
Computing hashes of 235 cells of `$paramod$d40569e2e5029e2dde4c9be19ab6c750b8104d07\uart_rx'.
Finding duplicate cells in `$paramod$d40569e2e5029e2dde4c9be19ab6c750b8104d07\uart_rx'.
Computing hashes of 216 cells of `$paramod$d40569e2e5029e2dde4c9be19ab6c750b8104d07\uart_rx'.
Finding duplicate cells in `$paramod$d40569e2e5029e2dde4c9be19ab6c750b8104d07\uart_rx'.
<suppressed ~57 debug messages>
Finding identical cells in module `\axi_decoder'.
Computing hashes of 50 cells of `\axi_decoder'.
Finding duplicate cells in `\axi_decoder'.
Computing hashes of 44 cells of `\axi_decoder'.
Finding duplicate cells in `\axi_decoder'.
Computing hashes of 42 cells of `\axi_decoder'.
Finding duplicate cells in `\axi_decoder'.
<suppressed ~24 debug messages>
Finding identical cells in module `\axi_lite_interconnect'.
Computing hashes of 176 cells of `\axi_lite_interconnect'.
Finding duplicate cells in `\axi_lite_interconnect'.
Finding identical cells in module `$paramod$5f39f8b646aa95582e6f088ce64c0e154e784a4a\picorv32'.
Computing hashes of 8830 cells of `$paramod$5f39f8b646aa95582e6f088ce64c0e154e784a4a\picorv32'.
Finding duplicate cells in `$paramod$5f39f8b646aa95582e6f088ce64c0e154e784a4a\picorv32'.
Computing hashes of 8165 cells of `$paramod$5f39f8b646aa95582e6f088ce64c0e154e784a4a\picorv32'.
Finding duplicate cells in `$paramod$5f39f8b646aa95582e6f088ce64c0e154e784a4a\picorv32'.
Computing hashes of 8000 cells of `$paramod$5f39f8b646aa95582e6f088ce64c0e154e784a4a\picorv32'.
Finding duplicate cells in `$paramod$5f39f8b646aa95582e6f088ce64c0e154e784a4a\picorv32'.
Computing hashes of 7977 cells of `$paramod$5f39f8b646aa95582e6f088ce64c0e154e784a4a\picorv32'.
Finding duplicate cells in `$paramod$5f39f8b646aa95582e6f088ce64c0e154e784a4a\picorv32'.
Computing hashes of 7973 cells of `$paramod$5f39f8b646aa95582e6f088ce64c0e154e784a4a\picorv32'.
Finding duplicate cells in `$paramod$5f39f8b646aa95582e6f088ce64c0e154e784a4a\picorv32'.
<suppressed ~2571 debug messages>
Finding identical cells in module `$paramod$edcaa0cfb453980d1e33a3c938c1a32918b9f1d7\rom'.
Computing hashes of 416 cells of `$paramod$edcaa0cfb453980d1e33a3c938c1a32918b9f1d7\rom'.
Finding duplicate cells in `$paramod$edcaa0cfb453980d1e33a3c938c1a32918b9f1d7\rom'.
Computing hashes of 365 cells of `$paramod$edcaa0cfb453980d1e33a3c938c1a32918b9f1d7\rom'.
Finding duplicate cells in `$paramod$edcaa0cfb453980d1e33a3c938c1a32918b9f1d7\rom'.
Computing hashes of 345 cells of `$paramod$edcaa0cfb453980d1e33a3c938c1a32918b9f1d7\rom'.
Finding duplicate cells in `$paramod$edcaa0cfb453980d1e33a3c938c1a32918b9f1d7\rom'.
Computing hashes of 341 cells of `$paramod$edcaa0cfb453980d1e33a3c938c1a32918b9f1d7\rom'.
Finding duplicate cells in `$paramod$edcaa0cfb453980d1e33a3c938c1a32918b9f1d7\rom'.
<suppressed ~225 debug messages>
Finding identical cells in module `$paramod\sram\MEM_DEPTH=s32'00000000000000000000000001000000'.
Computing hashes of 8155 cells of `$paramod\sram\MEM_DEPTH=s32'00000000000000000000000001000000'.
Finding duplicate cells in `$paramod\sram\MEM_DEPTH=s32'00000000000000000000000001000000'.
Computing hashes of 7252 cells of `$paramod\sram\MEM_DEPTH=s32'00000000000000000000000001000000'.
Finding duplicate cells in `$paramod\sram\MEM_DEPTH=s32'00000000000000000000000001000000'.
Computing hashes of 6977 cells of `$paramod\sram\MEM_DEPTH=s32'00000000000000000000000001000000'.
Finding duplicate cells in `$paramod\sram\MEM_DEPTH=s32'00000000000000000000000001000000'.
Computing hashes of 6887 cells of `$paramod\sram\MEM_DEPTH=s32'00000000000000000000000001000000'.
Finding duplicate cells in `$paramod\sram\MEM_DEPTH=s32'00000000000000000000000001000000'.
<suppressed ~3804 debug messages>
Finding identical cells in module `\top'.
Computing hashes of 250 cells of `\top'.
Finding duplicate cells in `\top'.
Computing hashes of 235 cells of `\top'.
Finding duplicate cells in `\top'.
<suppressed ~45 debug messages>
Removed a total of 2254 cells.

10.21.3. Executing OPT_DFF pass (perform DFF optimizations).
Adding EN signal on $auto$ff.cc:337:slice$31965 ($_SDFFE_PN0P_) from module $paramod$5f39f8b646aa95582e6f088ce64c0e154e784a4a\picorv32 (D = 1'0, Q = \reg_next_pc [0]).
Setting constant 0-bit at position 0 on $auto$ff.cc:337:slice$46212 ($_SDFFE_PN0P_) from module $paramod$5f39f8b646aa95582e6f088ce64c0e154e784a4a\picorv32.

10.21.4. Executing OPT_CLEAN pass (remove unused cells and wires).
Finding unused cells or wires in module $paramod$d40569e2e5029e2dde4c9be19ab6c750b8104d07\uart_axi..
Finding unused cells or wires in module $paramod$d40569e2e5029e2dde4c9be19ab6c750b8104d07\uart_tx..
Finding unused cells or wires in module $paramod$d40569e2e5029e2dde4c9be19ab6c750b8104d07\uart_rx..
Finding unused cells or wires in module \axi_decoder..
Finding unused cells or wires in module \axi_lite_interconnect..
Finding unused cells or wires in module $paramod$5f39f8b646aa95582e6f088ce64c0e154e784a4a\picorv32..
Finding unused cells or wires in module $paramod$edcaa0cfb453980d1e33a3c938c1a32918b9f1d7\rom..
Finding unused cells or wires in module $paramod\sram\MEM_DEPTH=s32'00000000000000000000000001000000..
Finding unused cells or wires in module \top..
Removed 239 unused cells and 4371 unused wires.
<suppressed ~248 debug messages>

10.21.5. Rerunning OPT passes. (Removed registers in this run.)

10.21.6. Executing OPT_EXPR pass (perform const folding).
Optimizing module $paramod$d40569e2e5029e2dde4c9be19ab6c750b8104d07\uart_axi.
Optimizing module $paramod$d40569e2e5029e2dde4c9be19ab6c750b8104d07\uart_tx.
Optimizing module $paramod$d40569e2e5029e2dde4c9be19ab6c750b8104d07\uart_rx.
Optimizing module axi_decoder.
Optimizing module axi_lite_interconnect.
Optimizing module $paramod$5f39f8b646aa95582e6f088ce64c0e154e784a4a\picorv32.
<suppressed ~7 debug messages>
Optimizing module $paramod$edcaa0cfb453980d1e33a3c938c1a32918b9f1d7\rom.
<suppressed ~3 debug messages>
Optimizing module $paramod\sram\MEM_DEPTH=s32'00000000000000000000000001000000.
Optimizing module top.

10.21.7. Executing OPT_MERGE pass (detect identical cells).
Finding identical cells in module `$paramod$d40569e2e5029e2dde4c9be19ab6c750b8104d07\uart_axi'.
Computing hashes of 119 cells of `$paramod$d40569e2e5029e2dde4c9be19ab6c750b8104d07\uart_axi'.
Finding duplicate cells in `$paramod$d40569e2e5029e2dde4c9be19ab6c750b8104d07\uart_axi'.
Finding identical cells in module `$paramod$d40569e2e5029e2dde4c9be19ab6c750b8104d07\uart_tx'.
Computing hashes of 143 cells of `$paramod$d40569e2e5029e2dde4c9be19ab6c750b8104d07\uart_tx'.
Finding duplicate cells in `$paramod$d40569e2e5029e2dde4c9be19ab6c750b8104d07\uart_tx'.
Finding identical cells in module `$paramod$d40569e2e5029e2dde4c9be19ab6c750b8104d07\uart_rx'.
Computing hashes of 210 cells of `$paramod$d40569e2e5029e2dde4c9be19ab6c750b8104d07\uart_rx'.
Finding duplicate cells in `$paramod$d40569e2e5029e2dde4c9be19ab6c750b8104d07\uart_rx'.
Finding identical cells in module `\axi_decoder'.
Computing hashes of 42 cells of `\axi_decoder'.
Finding duplicate cells in `\axi_decoder'.
Finding identical cells in module `\axi_lite_interconnect'.
Computing hashes of 176 cells of `\axi_lite_interconnect'.
Finding duplicate cells in `\axi_lite_interconnect'.
Finding identical cells in module `$paramod$5f39f8b646aa95582e6f088ce64c0e154e784a4a\picorv32'.
Computing hashes of 7745 cells of `$paramod$5f39f8b646aa95582e6f088ce64c0e154e784a4a\picorv32'.
Finding duplicate cells in `$paramod$5f39f8b646aa95582e6f088ce64c0e154e784a4a\picorv32'.
Finding identical cells in module `$paramod$edcaa0cfb453980d1e33a3c938c1a32918b9f1d7\rom'.
Computing hashes of 337 cells of `$paramod$edcaa0cfb453980d1e33a3c938c1a32918b9f1d7\rom'.
Finding duplicate cells in `$paramod$edcaa0cfb453980d1e33a3c938c1a32918b9f1d7\rom'.
Computing hashes of 336 cells of `$paramod$edcaa0cfb453980d1e33a3c938c1a32918b9f1d7\rom'.
Finding duplicate cells in `$paramod$edcaa0cfb453980d1e33a3c938c1a32918b9f1d7\rom'.
<suppressed ~3 debug messages>
Finding identical cells in module `$paramod\sram\MEM_DEPTH=s32'00000000000000000000000001000000'.
Computing hashes of 6885 cells of `$paramod\sram\MEM_DEPTH=s32'00000000000000000000000001000000'.
Finding duplicate cells in `$paramod\sram\MEM_DEPTH=s32'00000000000000000000000001000000'.
Finding identical cells in module `\top'.
Computing hashes of 235 cells of `\top'.
Finding duplicate cells in `\top'.
Removed a total of 1 cells.

10.21.8. Executing OPT_DFF pass (perform DFF optimizations).
Adding SRST signal on $auto$ff.cc:337:slice$31958 ($_DFFE_PP_) from module $paramod$5f39f8b646aa95582e6f088ce64c0e154e784a4a\picorv32 (D = $procmux$3959.Y_B [31], Q = \decoded_imm [31], rval = 1'0).
Adding SRST signal on $auto$ff.cc:337:slice$31928 ($_DFFE_PP_) from module $paramod$5f39f8b646aa95582e6f088ce64c0e154e784a4a\picorv32 (D = $procmux$3959.Y_B [1], Q = \decoded_imm [1], rval = 1'0).
Adding SRST signal on $auto$ff.cc:337:slice$31929 ($_DFFE_PP_) from module $paramod$5f39f8b646aa95582e6f088ce64c0e154e784a4a\picorv32 (D = $procmux$3959.Y_B [2], Q = \decoded_imm [2], rval = 1'0).
Adding SRST signal on $auto$ff.cc:337:slice$31930 ($_DFFE_PP_) from module $paramod$5f39f8b646aa95582e6f088ce64c0e154e784a4a\picorv32 (D = $procmux$3959.Y_B [3], Q = \decoded_imm [3], rval = 1'0).
Adding SRST signal on $auto$ff.cc:337:slice$31931 ($_DFFE_PP_) from module $paramod$5f39f8b646aa95582e6f088ce64c0e154e784a4a\picorv32 (D = $procmux$3959.Y_B [4], Q = \decoded_imm [4], rval = 1'0).
Adding SRST signal on $auto$ff.cc:337:slice$31932 ($_DFFE_PP_) from module $paramod$5f39f8b646aa95582e6f088ce64c0e154e784a4a\picorv32 (D = $procmux$3959.Y_B [5], Q = \decoded_imm [5], rval = 1'0).
Adding SRST signal on $auto$ff.cc:337:slice$31933 ($_DFFE_PP_) from module $paramod$5f39f8b646aa95582e6f088ce64c0e154e784a4a\picorv32 (D = $procmux$3959.Y_B [6], Q = \decoded_imm [6], rval = 1'0).
Adding SRST signal on $auto$ff.cc:337:slice$31934 ($_DFFE_PP_) from module $paramod$5f39f8b646aa95582e6f088ce64c0e154e784a4a\picorv32 (D = $procmux$3959.Y_B [7], Q = \decoded_imm [7], rval = 1'0).
Adding SRST signal on $auto$ff.cc:337:slice$31935 ($_DFFE_PP_) from module $paramod$5f39f8b646aa95582e6f088ce64c0e154e784a4a\picorv32 (D = $procmux$3959.Y_B [8], Q = \decoded_imm [8], rval = 1'0).
Adding SRST signal on $auto$ff.cc:337:slice$31936 ($_DFFE_PP_) from module $paramod$5f39f8b646aa95582e6f088ce64c0e154e784a4a\picorv32 (D = $procmux$3959.Y_B [9], Q = \decoded_imm [9], rval = 1'0).
Adding SRST signal on $auto$ff.cc:337:slice$31937 ($_DFFE_PP_) from module $paramod$5f39f8b646aa95582e6f088ce64c0e154e784a4a\picorv32 (D = $procmux$3959.Y_B [10], Q = \decoded_imm [10], rval = 1'0).
Adding SRST signal on $auto$ff.cc:337:slice$31938 ($_DFFE_PP_) from module $paramod$5f39f8b646aa95582e6f088ce64c0e154e784a4a\picorv32 (D = $procmux$3959.Y_B [11], Q = \decoded_imm [11], rval = 1'0).
Adding SRST signal on $auto$ff.cc:337:slice$31939 ($_DFFE_PP_) from module $paramod$5f39f8b646aa95582e6f088ce64c0e154e784a4a\picorv32 (D = $procmux$3959.Y_B [12], Q = \decoded_imm [12], rval = 1'0).
Adding SRST signal on $auto$ff.cc:337:slice$31940 ($_DFFE_PP_) from module $paramod$5f39f8b646aa95582e6f088ce64c0e154e784a4a\picorv32 (D = $procmux$3959.Y_B [13], Q = \decoded_imm [13], rval = 1'0).
Adding SRST signal on $auto$ff.cc:337:slice$31941 ($_DFFE_PP_) from module $paramod$5f39f8b646aa95582e6f088ce64c0e154e784a4a\picorv32 (D = $procmux$3959.Y_B [14], Q = \decoded_imm [14], rval = 1'0).
Adding SRST signal on $auto$ff.cc:337:slice$31942 ($_DFFE_PP_) from module $paramod$5f39f8b646aa95582e6f088ce64c0e154e784a4a\picorv32 (D = $procmux$3959.Y_B [15], Q = \decoded_imm [15], rval = 1'0).
Adding SRST signal on $auto$ff.cc:337:slice$31943 ($_DFFE_PP_) from module $paramod$5f39f8b646aa95582e6f088ce64c0e154e784a4a\picorv32 (D = $procmux$3959.Y_B [16], Q = \decoded_imm [16], rval = 1'0).
Adding SRST signal on $auto$ff.cc:337:slice$31944 ($_DFFE_PP_) from module $paramod$5f39f8b646aa95582e6f088ce64c0e154e784a4a\picorv32 (D = $procmux$3959.Y_B [17], Q = \decoded_imm [17], rval = 1'0).
Adding SRST signal on $auto$ff.cc:337:slice$31945 ($_DFFE_PP_) from module $paramod$5f39f8b646aa95582e6f088ce64c0e154e784a4a\picorv32 (D = $procmux$3959.Y_B [18], Q = \decoded_imm [18], rval = 1'0).
Adding SRST signal on $auto$ff.cc:337:slice$31946 ($_DFFE_PP_) from module $paramod$5f39f8b646aa95582e6f088ce64c0e154e784a4a\picorv32 (D = $procmux$3959.Y_B [19], Q = \decoded_imm [19], rval = 1'0).
Adding SRST signal on $auto$ff.cc:337:slice$31947 ($_DFFE_PP_) from module $paramod$5f39f8b646aa95582e6f088ce64c0e154e784a4a\picorv32 (D = $procmux$3959.Y_B [20], Q = \decoded_imm [20], rval = 1'0).
Adding SRST signal on $auto$ff.cc:337:slice$31948 ($_DFFE_PP_) from module $paramod$5f39f8b646aa95582e6f088ce64c0e154e784a4a\picorv32 (D = $procmux$3959.Y_B [21], Q = \decoded_imm [21], rval = 1'0).
Adding SRST signal on $auto$ff.cc:337:slice$31949 ($_DFFE_PP_) from module $paramod$5f39f8b646aa95582e6f088ce64c0e154e784a4a\picorv32 (D = $procmux$3959.Y_B [22], Q = \decoded_imm [22], rval = 1'0).
Adding SRST signal on $auto$ff.cc:337:slice$31950 ($_DFFE_PP_) from module $paramod$5f39f8b646aa95582e6f088ce64c0e154e784a4a\picorv32 (D = $procmux$3959.Y_B [23], Q = \decoded_imm [23], rval = 1'0).
Adding SRST signal on $auto$ff.cc:337:slice$31951 ($_DFFE_PP_) from module $paramod$5f39f8b646aa95582e6f088ce64c0e154e784a4a\picorv32 (D = $procmux$3959.Y_B [24], Q = \decoded_imm [24], rval = 1'0).
Adding SRST signal on $auto$ff.cc:337:slice$31952 ($_DFFE_PP_) from module $paramod$5f39f8b646aa95582e6f088ce64c0e154e784a4a\picorv32 (D = $procmux$3959.Y_B [25], Q = \decoded_imm [25], rval = 1'0).
Adding SRST signal on $auto$ff.cc:337:slice$31953 ($_DFFE_PP_) from module $paramod$5f39f8b646aa95582e6f088ce64c0e154e784a4a\picorv32 (D = $procmux$3959.Y_B [26], Q = \decoded_imm [26], rval = 1'0).
Adding SRST signal on $auto$ff.cc:337:slice$31954 ($_DFFE_PP_) from module $paramod$5f39f8b646aa95582e6f088ce64c0e154e784a4a\picorv32 (D = $procmux$3959.Y_B [27], Q = \decoded_imm [27], rval = 1'0).
Adding SRST signal on $auto$ff.cc:337:slice$31955 ($_DFFE_PP_) from module $paramod$5f39f8b646aa95582e6f088ce64c0e154e784a4a\picorv32 (D = $procmux$3959.Y_B [28], Q = \decoded_imm [28], rval = 1'0).
Adding SRST signal on $auto$ff.cc:337:slice$31956 ($_DFFE_PP_) from module $paramod$5f39f8b646aa95582e6f088ce64c0e154e784a4a\picorv32 (D = $procmux$3959.Y_B [29], Q = \decoded_imm [29], rval = 1'0).
Adding SRST signal on $auto$ff.cc:337:slice$31957 ($_DFFE_PP_) from module $paramod$5f39f8b646aa95582e6f088ce64c0e154e784a4a\picorv32 (D = $procmux$3959.Y_B [30], Q = \decoded_imm [30], rval = 1'0).

10.21.9. Executing OPT_CLEAN pass (remove unused cells and wires).
Finding unused cells or wires in module $paramod$d40569e2e5029e2dde4c9be19ab6c750b8104d07\uart_axi..
Finding unused cells or wires in module $paramod$d40569e2e5029e2dde4c9be19ab6c750b8104d07\uart_tx..
Finding unused cells or wires in module $paramod$d40569e2e5029e2dde4c9be19ab6c750b8104d07\uart_rx..
Finding unused cells or wires in module \axi_decoder..
Finding unused cells or wires in module \axi_lite_interconnect..
Finding unused cells or wires in module $paramod$5f39f8b646aa95582e6f088ce64c0e154e784a4a\picorv32..
Finding unused cells or wires in module $paramod$edcaa0cfb453980d1e33a3c938c1a32918b9f1d7\rom..
Finding unused cells or wires in module $paramod\sram\MEM_DEPTH=s32'00000000000000000000000001000000..
Finding unused cells or wires in module \top..
Removed 31 unused cells and 3 unused wires.
<suppressed ~33 debug messages>

10.21.10. Rerunning OPT passes. (Removed registers in this run.)

10.21.11. Executing OPT_EXPR pass (perform const folding).
Optimizing module $paramod$d40569e2e5029e2dde4c9be19ab6c750b8104d07\uart_axi.
Optimizing module $paramod$d40569e2e5029e2dde4c9be19ab6c750b8104d07\uart_tx.
Optimizing module $paramod$d40569e2e5029e2dde4c9be19ab6c750b8104d07\uart_rx.
Optimizing module axi_decoder.
Optimizing module axi_lite_interconnect.
Optimizing module $paramod$5f39f8b646aa95582e6f088ce64c0e154e784a4a\picorv32.
Optimizing module $paramod$edcaa0cfb453980d1e33a3c938c1a32918b9f1d7\rom.
Optimizing module $paramod\sram\MEM_DEPTH=s32'00000000000000000000000001000000.
Optimizing module top.

10.21.12. Executing OPT_MERGE pass (detect identical cells).
Finding identical cells in module `$paramod$d40569e2e5029e2dde4c9be19ab6c750b8104d07\uart_axi'.
Computing hashes of 119 cells of `$paramod$d40569e2e5029e2dde4c9be19ab6c750b8104d07\uart_axi'.
Finding duplicate cells in `$paramod$d40569e2e5029e2dde4c9be19ab6c750b8104d07\uart_axi'.
Finding identical cells in module `$paramod$d40569e2e5029e2dde4c9be19ab6c750b8104d07\uart_tx'.
Computing hashes of 143 cells of `$paramod$d40569e2e5029e2dde4c9be19ab6c750b8104d07\uart_tx'.
Finding duplicate cells in `$paramod$d40569e2e5029e2dde4c9be19ab6c750b8104d07\uart_tx'.
Finding identical cells in module `$paramod$d40569e2e5029e2dde4c9be19ab6c750b8104d07\uart_rx'.
Computing hashes of 210 cells of `$paramod$d40569e2e5029e2dde4c9be19ab6c750b8104d07\uart_rx'.
Finding duplicate cells in `$paramod$d40569e2e5029e2dde4c9be19ab6c750b8104d07\uart_rx'.
Finding identical cells in module `\axi_decoder'.
Computing hashes of 42 cells of `\axi_decoder'.
Finding duplicate cells in `\axi_decoder'.
Finding identical cells in module `\axi_lite_interconnect'.
Computing hashes of 176 cells of `\axi_lite_interconnect'.
Finding duplicate cells in `\axi_lite_interconnect'.
Finding identical cells in module `$paramod$5f39f8b646aa95582e6f088ce64c0e154e784a4a\picorv32'.
Computing hashes of 7714 cells of `$paramod$5f39f8b646aa95582e6f088ce64c0e154e784a4a\picorv32'.
Finding duplicate cells in `$paramod$5f39f8b646aa95582e6f088ce64c0e154e784a4a\picorv32'.
Finding identical cells in module `$paramod$edcaa0cfb453980d1e33a3c938c1a32918b9f1d7\rom'.
Computing hashes of 336 cells of `$paramod$edcaa0cfb453980d1e33a3c938c1a32918b9f1d7\rom'.
Finding duplicate cells in `$paramod$edcaa0cfb453980d1e33a3c938c1a32918b9f1d7\rom'.
Finding identical cells in module `$paramod\sram\MEM_DEPTH=s32'00000000000000000000000001000000'.
Computing hashes of 6885 cells of `$paramod\sram\MEM_DEPTH=s32'00000000000000000000000001000000'.
Finding duplicate cells in `$paramod\sram\MEM_DEPTH=s32'00000000000000000000000001000000'.
Finding identical cells in module `\top'.
Computing hashes of 235 cells of `\top'.
Finding duplicate cells in `\top'.
Removed a total of 0 cells.

10.21.13. Executing OPT_DFF pass (perform DFF optimizations).

10.21.14. Executing OPT_CLEAN pass (remove unused cells and wires).
Finding unused cells or wires in module $paramod$d40569e2e5029e2dde4c9be19ab6c750b8104d07\uart_axi..
Finding unused cells or wires in module $paramod$d40569e2e5029e2dde4c9be19ab6c750b8104d07\uart_tx..
Finding unused cells or wires in module $paramod$d40569e2e5029e2dde4c9be19ab6c750b8104d07\uart_rx..
Finding unused cells or wires in module \axi_decoder..
Finding unused cells or wires in module \axi_lite_interconnect..
Finding unused cells or wires in module $paramod$5f39f8b646aa95582e6f088ce64c0e154e784a4a\picorv32..
Finding unused cells or wires in module $paramod$edcaa0cfb453980d1e33a3c938c1a32918b9f1d7\rom..
Finding unused cells or wires in module $paramod\sram\MEM_DEPTH=s32'00000000000000000000000001000000..
Finding unused cells or wires in module \top..

10.21.15. Finished fast OPT passes.

10.22. Executing ABC pass (technology mapping using ABC).

10.22.1. Extracting gate netlist of module `$paramod$d40569e2e5029e2dde4c9be19ab6c750b8104d07\uart_axi' to `<abc-temp-dir>/input.blif'..

10.22.1.1. Executed ABC.
Extracted 68 gates and 130 wires to a netlist network with 61 inputs and 35 outputs.
Running ABC script: <abc-temp-dir>/abc.script
ABC: UC Berkeley, ABC 1.01 (compiled Mar 19 2026 03:41:46)
ABC: abc 01> empty
ABC: abc 01> source <abc-temp-dir>/abc.script
ABC: + read_blif <abc-temp-dir>/input.blif 
ABC: + read_library <abc-temp-dir>/stdcells.genlib 
ABC: + strash 
ABC: + &get -n 
ABC: + &fraig -x 
ABC: + &put 
ABC: + scorr 
ABC: Warning: The network is combinational (run "fraig" or "fraig_sweep").
ABC: + dc2 
ABC: + dretime 
ABC: + strash 
ABC: + &get -n 
ABC: + &dch -f 
ABC: + &nf 
ABC: + &put 
ABC: + write_blif <abc-temp-dir>/output.blif 
ABC: 
ABC: YOSYS_ABC_DONE 

10.22.1.2. Re-integrating ABC results.
ABC RESULTS:               AND cells:        9
ABC RESULTS:            ANDNOT cells:        2
ABC RESULTS:               MUX cells:       26
ABC RESULTS:              NAND cells:       11
ABC RESULTS:               NOR cells:        4
ABC RESULTS:               NOT cells:        5
ABC RESULTS:                OR cells:        1
ABC RESULTS:             ORNOT cells:        1
ABC RESULTS:        internal signals:       34
ABC RESULTS:           input signals:       61
ABC RESULTS:          output signals:       35
Removing temp directory.

10.22.2. Extracting gate netlist of module `$paramod$d40569e2e5029e2dde4c9be19ab6c750b8104d07\uart_tx' to `<abc-temp-dir>/input.blif'..

10.22.2.1. Executed ABC.
Extracted 117 gates and 152 wires to a netlist network with 34 inputs and 29 outputs.
Running ABC script: <abc-temp-dir>/abc.script
ABC: UC Berkeley, ABC 1.01 (compiled Mar 19 2026 03:41:46)
ABC: abc 01> empty
ABC: abc 01> source <abc-temp-dir>/abc.script
ABC: + read_blif <abc-temp-dir>/input.blif 
ABC: + read_library <abc-temp-dir>/stdcells.genlib 
ABC: + strash 
ABC: + &get -n 
ABC: + &fraig -x 
ABC: + &put 
ABC: + scorr 
ABC: Warning: The network is combinational (run "fraig" or "fraig_sweep").
ABC: + dc2 
ABC: + dretime 
ABC: + strash 
ABC: + &get -n 
ABC: + &dch -f 
ABC: + &nf 
ABC: + &put 
ABC: + write_blif <abc-temp-dir>/output.blif 
ABC: 
ABC: YOSYS_ABC_DONE 

10.22.2.2. Re-integrating ABC results.
ABC RESULTS:               AND cells:       35
ABC RESULTS:            ANDNOT cells:        7
ABC RESULTS:               MUX cells:       11
ABC RESULTS:              NAND cells:       10
ABC RESULTS:               NOR cells:        5
ABC RESULTS:               NOT cells:        1
ABC RESULTS:                OR cells:        7
ABC RESULTS:             ORNOT cells:        1
ABC RESULTS:              XNOR cells:        1
ABC RESULTS:               XOR cells:        6
ABC RESULTS:        internal signals:       89
ABC RESULTS:           input signals:       34
ABC RESULTS:          output signals:       29
Removing temp directory.

10.22.3. Extracting gate netlist of module `$paramod$d40569e2e5029e2dde4c9be19ab6c750b8104d07\uart_rx' to `<abc-temp-dir>/input.blif'..

10.22.3.1. Executed ABC.
Extracted 174 gates and 193 wires to a netlist network with 18 inputs and 22 outputs.
Running ABC script: <abc-temp-dir>/abc.script
ABC: UC Berkeley, ABC 1.01 (compiled Mar 19 2026 03:41:46)
ABC: abc 01> empty
ABC: abc 01> source <abc-temp-dir>/abc.script
ABC: + read_blif <abc-temp-dir>/input.blif 
ABC: + read_library <abc-temp-dir>/stdcells.genlib 
ABC: + strash 
ABC: + &get -n 
ABC: + &fraig -x 
ABC: + &put 
ABC: + scorr 
ABC: Warning: The network is combinational (run "fraig" or "fraig_sweep").
ABC: + dc2 
ABC: + dretime 
ABC: + strash 
ABC: + &get -n 
ABC: + &dch -f 
ABC: + &nf 
ABC: + &put 
ABC: + write_blif <abc-temp-dir>/output.blif 
ABC: 
ABC: YOSYS_ABC_DONE 

10.22.3.2. Re-integrating ABC results.
ABC RESULTS:               AND cells:       35
ABC RESULTS:            ANDNOT cells:       11
ABC RESULTS:               MUX cells:        3
ABC RESULTS:              NAND cells:       31
ABC RESULTS:               NOR cells:        4
ABC RESULTS:               NOT cells:        5
ABC RESULTS:                OR cells:       15
ABC RESULTS:             ORNOT cells:        5
ABC RESULTS:              XNOR cells:        4
ABC RESULTS:               XOR cells:        1
ABC RESULTS:        internal signals:      153
ABC RESULTS:           input signals:       18
ABC RESULTS:          output signals:       22
Removing temp directory.

10.22.4. Extracting gate netlist of module `\axi_decoder' to `<abc-temp-dir>/input.blif'..

10.22.4.1. Executed ABC.
Extracted 42 gates and 71 wires to a netlist network with 28 inputs and 3 outputs.
Running ABC script: <abc-temp-dir>/abc.script
ABC: UC Berkeley, ABC 1.01 (compiled Mar 19 2026 03:41:46)
ABC: abc 01> empty
ABC: abc 01> source <abc-temp-dir>/abc.script
ABC: + read_blif <abc-temp-dir>/input.blif 
ABC: + read_library <abc-temp-dir>/stdcells.genlib 
ABC: + strash 
ABC: + &get -n 
ABC: + &fraig -x 
ABC: + &put 
ABC: + scorr 
ABC: Warning: The network is combinational (run "fraig" or "fraig_sweep").
ABC: + dc2 
ABC: + dretime 
ABC: + strash 
ABC: + &get -n 
ABC: + &dch -f 
ABC: + &nf 
ABC: + &put 
ABC: + write_blif <abc-temp-dir>/output.blif 
ABC: 
ABC: YOSYS_ABC_DONE 

10.22.4.2. Re-integrating ABC results.
ABC RESULTS:               AND cells:       14
ABC RESULTS:            ANDNOT cells:        5
ABC RESULTS:               NOR cells:       13
ABC RESULTS:        internal signals:       40
ABC RESULTS:           input signals:       28
ABC RESULTS:          output signals:        3
Removing temp directory.

10.22.5. Extracting gate netlist of module `\axi_lite_interconnect' to `<abc-temp-dir>/input.blif'..

10.22.5.1. Executed ABC.
Extracted 166 gates and 310 wires to a netlist network with 142 inputs and 62 outputs.
Running ABC script: <abc-temp-dir>/abc.script
ABC: UC Berkeley, ABC 1.01 (compiled Mar 19 2026 03:41:46)
ABC: abc 01> empty
ABC: abc 01> source <abc-temp-dir>/abc.script
ABC: + read_blif <abc-temp-dir>/input.blif 
ABC: + read_library <abc-temp-dir>/stdcells.genlib 
ABC: + strash 
ABC: + &get -n 
ABC: + &fraig -x 
ABC: + &put 
ABC: + scorr 
ABC: Warning: The network is combinational (run "fraig" or "fraig_sweep").
ABC: + dc2 
ABC: + dretime 
ABC: + strash 
ABC: + &get -n 
ABC: + &dch -f 
ABC: + &nf 
ABC: + &put 
ABC: + write_blif <abc-temp-dir>/output.blif 
ABC: 
ABC: YOSYS_ABC_DONE 

10.22.5.2. Re-integrating ABC results.
ABC RESULTS:               AND cells:       25
ABC RESULTS:            ANDNOT cells:        4
ABC RESULTS:               MUX cells:       42
ABC RESULTS:              NAND cells:      121
ABC RESULTS:             ORNOT cells:        8
ABC RESULTS:        internal signals:      106
ABC RESULTS:           input signals:      142
ABC RESULTS:          output signals:       62
Removing temp directory.

10.22.6. Extracting gate netlist of module `$paramod$5f39f8b646aa95582e6f088ce64c0e154e784a4a\picorv32' to `<abc-temp-dir>/input.blif'..
Replacing 3 occurrences of constant undef bits with constant zero bits

10.22.6.1. Executed ABC.
Extracted 6183 gates and 7688 wires to a netlist network with 1502 inputs and 561 outputs.
Running ABC script: <abc-temp-dir>/abc.script
ABC: UC Berkeley, ABC 1.01 (compiled Mar 19 2026 03:41:46)
ABC: abc 01> empty
ABC: abc 01> source <abc-temp-dir>/abc.script
ABC: + read_blif <abc-temp-dir>/input.blif 
ABC: + read_library <abc-temp-dir>/stdcells.genlib 
ABC: + strash 
ABC: + &get -n 
ABC: + &fraig -x 
ABC: + &put 
ABC: + scorr 
ABC: Warning: The network is combinational (run "fraig" or "fraig_sweep").
ABC: + dc2 
ABC: + dretime 
ABC: + strash 
ABC: + &get -n 
ABC: + &dch -f 
ABC: + &nf 
ABC: + &put 
ABC: + write_blif <abc-temp-dir>/output.blif 
ABC: 
ABC: YOSYS_ABC_DONE 

10.22.6.2. Re-integrating ABC results.
ABC RESULTS:               AND cells:     1455
ABC RESULTS:            ANDNOT cells:      248
ABC RESULTS:               MUX cells:     1354
ABC RESULTS:              NAND cells:     2251
ABC RESULTS:               NOR cells:      270
ABC RESULTS:               NOT cells:       21
ABC RESULTS:                OR cells:      706
ABC RESULTS:             ORNOT cells:      716
ABC RESULTS:              XNOR cells:      119
ABC RESULTS:               XOR cells:      156
ABC RESULTS:              ZERO cells:        1
ABC RESULTS:        internal signals:     5625
ABC RESULTS:           input signals:     1502
ABC RESULTS:          output signals:      561
Removing temp directory.

10.22.7. Extracting gate netlist of module `$paramod$edcaa0cfb453980d1e33a3c938c1a32918b9f1d7\rom' to `<abc-temp-dir>/input.blif'..

10.22.7.1. Executed ABC.
Extracted 301 gates and 323 wires to a netlist network with 20 inputs and 42 outputs.
Running ABC script: <abc-temp-dir>/abc.script
ABC: UC Berkeley, ABC 1.01 (compiled Mar 19 2026 03:41:46)
ABC: abc 01> empty
ABC: abc 01> source <abc-temp-dir>/abc.script
ABC: + read_blif <abc-temp-dir>/input.blif 
ABC: + read_library <abc-temp-dir>/stdcells.genlib 
ABC: + strash 
ABC: + &get -n 
ABC: + &fraig -x 
ABC: + &put 
ABC: + scorr 
ABC: Warning: The network is combinational (run "fraig" or "fraig_sweep").
ABC: + dc2 
ABC: + dretime 
ABC: + strash 
ABC: + &get -n 
ABC: + &dch -f 
ABC: + &nf 
ABC: + &put 
ABC: + write_blif <abc-temp-dir>/output.blif 
ABC: 
ABC: YOSYS_ABC_DONE 

10.22.7.2. Re-integrating ABC results.
ABC RESULTS:               AND cells:       72
ABC RESULTS:            ANDNOT cells:       29
ABC RESULTS:               MUX cells:       16
ABC RESULTS:              NAND cells:      130
ABC RESULTS:               NOR cells:       13
ABC RESULTS:               NOT cells:        6
ABC RESULTS:                OR cells:       33
ABC RESULTS:             ORNOT cells:       37
ABC RESULTS:              XNOR cells:        2
ABC RESULTS:               XOR cells:        1
ABC RESULTS:        internal signals:      261
ABC RESULTS:           input signals:       20
ABC RESULTS:          output signals:       42
Removing temp directory.

10.22.8. Extracting gate netlist of module `$paramod\sram\MEM_DEPTH=s32'00000000000000000000000001000000' to `<abc-temp-dir>/input.blif'..

10.22.8.1. Executed ABC.
Extracted 4759 gates and 6833 wires to a netlist network with 2074 inputs and 301 outputs.
Running ABC script: <abc-temp-dir>/abc.script
ABC: UC Berkeley, ABC 1.01 (compiled Mar 19 2026 03:41:46)
ABC: abc 01> empty
ABC: abc 01> source <abc-temp-dir>/abc.script
ABC: + read_blif <abc-temp-dir>/input.blif 
ABC: + read_library <abc-temp-dir>/stdcells.genlib 
ABC: + strash 
ABC: + &get -n 
ABC: + &fraig -x 
ABC: + &put 
ABC: + scorr 
ABC: Warning: The network is combinational (run "fraig" or "fraig_sweep").
ABC: + dc2 
ABC: + dretime 
ABC: + strash 
ABC: + &get -n 
ABC: + &dch -f 
ABC: + &nf 
ABC: + &put 
ABC: + write_blif <abc-temp-dir>/output.blif 
ABC: 
ABC: YOSYS_ABC_DONE 

10.22.8.2. Re-integrating ABC results.
ABC RESULTS:               AND cells:     2410
ABC RESULTS:            ANDNOT cells:       24
ABC RESULTS:               MUX cells:        2
ABC RESULTS:              NAND cells:     2085
ABC RESULTS:               NOR cells:       10
ABC RESULTS:               NOT cells:        4
ABC RESULTS:             ORNOT cells:        1
ABC RESULTS:        internal signals:     4458
ABC RESULTS:           input signals:     2074
ABC RESULTS:          output signals:      301
Removing temp directory.

10.22.9. Extracting gate netlist of module `\top' to `<abc-temp-dir>/input.blif'..

10.22.9.1. Executed ABC.
Extracted 87 gates and 110 wires to a netlist network with 22 inputs and 19 outputs.
Running ABC script: <abc-temp-dir>/abc.script
ABC: UC Berkeley, ABC 1.01 (compiled Mar 19 2026 03:41:46)
ABC: abc 01> empty
ABC: abc 01> source <abc-temp-dir>/abc.script
ABC: + read_blif <abc-temp-dir>/input.blif 
ABC: + read_library <abc-temp-dir>/stdcells.genlib 
ABC: + strash 
ABC: + &get -n 
ABC: + &fraig -x 
ABC: + &put 
ABC: + scorr 
ABC: Warning: The network is combinational (run "fraig" or "fraig_sweep").
ABC: + dc2 
ABC: + dretime 
ABC: + strash 
ABC: + &get -n 
ABC: + &dch -f 
ABC: + &nf 
ABC: + &put 
ABC: + write_blif <abc-temp-dir>/output.blif 
ABC: 
ABC: YOSYS_ABC_DONE 

10.22.9.2. Re-integrating ABC results.
ABC RESULTS:               AND cells:       11
ABC RESULTS:            ANDNOT cells:        4
ABC RESULTS:               MUX cells:        2
ABC RESULTS:              NAND cells:       15
ABC RESULTS:               NOR cells:        4
ABC RESULTS:               NOT cells:        5
ABC RESULTS:                OR cells:        4
ABC RESULTS:             ORNOT cells:        5
ABC RESULTS:        internal signals:       69
ABC RESULTS:           input signals:       22
ABC RESULTS:          output signals:       19
Removing temp directory.
Removing global temp directory.

10.23. Executing OPT pass (performing simple optimizations).

10.23.1. Executing OPT_EXPR pass (perform const folding).
Optimizing module $paramod$d40569e2e5029e2dde4c9be19ab6c750b8104d07\uart_axi.
Optimizing module $paramod$d40569e2e5029e2dde4c9be19ab6c750b8104d07\uart_tx.
Optimizing module $paramod$d40569e2e5029e2dde4c9be19ab6c750b8104d07\uart_rx.
Optimizing module axi_decoder.
Optimizing module axi_lite_interconnect.
Optimizing module $paramod$5f39f8b646aa95582e6f088ce64c0e154e784a4a\picorv32.
<suppressed ~2 debug messages>
Optimizing module $paramod$edcaa0cfb453980d1e33a3c938c1a32918b9f1d7\rom.
<suppressed ~1 debug messages>
Optimizing module $paramod\sram\MEM_DEPTH=s32'00000000000000000000000001000000.
Optimizing module top.

10.23.2. Executing OPT_MERGE pass (detect identical cells).
Finding identical cells in module `$paramod$d40569e2e5029e2dde4c9be19ab6c750b8104d07\uart_axi'.
Computing hashes of 110 cells of `$paramod$d40569e2e5029e2dde4c9be19ab6c750b8104d07\uart_axi'.
Finding duplicate cells in `$paramod$d40569e2e5029e2dde4c9be19ab6c750b8104d07\uart_axi'.
Finding identical cells in module `$paramod$d40569e2e5029e2dde4c9be19ab6c750b8104d07\uart_tx'.
Computing hashes of 110 cells of `$paramod$d40569e2e5029e2dde4c9be19ab6c750b8104d07\uart_tx'.
Finding duplicate cells in `$paramod$d40569e2e5029e2dde4c9be19ab6c750b8104d07\uart_tx'.
Finding identical cells in module `$paramod$d40569e2e5029e2dde4c9be19ab6c750b8104d07\uart_rx'.
Computing hashes of 150 cells of `$paramod$d40569e2e5029e2dde4c9be19ab6c750b8104d07\uart_rx'.
Finding duplicate cells in `$paramod$d40569e2e5029e2dde4c9be19ab6c750b8104d07\uart_rx'.
Computing hashes of 149 cells of `$paramod$d40569e2e5029e2dde4c9be19ab6c750b8104d07\uart_rx'.
Finding duplicate cells in `$paramod$d40569e2e5029e2dde4c9be19ab6c750b8104d07\uart_rx'.
<suppressed ~3 debug messages>
Finding identical cells in module `\axi_decoder'.
Computing hashes of 32 cells of `\axi_decoder'.
Finding duplicate cells in `\axi_decoder'.
Finding identical cells in module `\axi_lite_interconnect'.
Computing hashes of 210 cells of `\axi_lite_interconnect'.
Finding duplicate cells in `\axi_lite_interconnect'.
Finding identical cells in module `$paramod$5f39f8b646aa95582e6f088ce64c0e154e784a4a\picorv32'.
Computing hashes of 8827 cells of `$paramod$5f39f8b646aa95582e6f088ce64c0e154e784a4a\picorv32'.
Finding duplicate cells in `$paramod$5f39f8b646aa95582e6f088ce64c0e154e784a4a\picorv32'.
Computing hashes of 8826 cells of `$paramod$5f39f8b646aa95582e6f088ce64c0e154e784a4a\picorv32'.
Finding duplicate cells in `$paramod$5f39f8b646aa95582e6f088ce64c0e154e784a4a\picorv32'.
<suppressed ~3 debug messages>
Finding identical cells in module `$paramod$edcaa0cfb453980d1e33a3c938c1a32918b9f1d7\rom'.
Computing hashes of 374 cells of `$paramod$edcaa0cfb453980d1e33a3c938c1a32918b9f1d7\rom'.
Finding duplicate cells in `$paramod$edcaa0cfb453980d1e33a3c938c1a32918b9f1d7\rom'.
Finding identical cells in module `$paramod\sram\MEM_DEPTH=s32'00000000000000000000000001000000'.
Computing hashes of 6662 cells of `$paramod\sram\MEM_DEPTH=s32'00000000000000000000000001000000'.
Finding duplicate cells in `$paramod\sram\MEM_DEPTH=s32'00000000000000000000000001000000'.
Finding identical cells in module `\top'.
Computing hashes of 198 cells of `\top'.
Finding duplicate cells in `\top'.
Removed a total of 2 cells.

10.23.3. Executing OPT_DFF pass (perform DFF optimizations).
Handling never-active EN on $auto$ff.cc:337:slice$31254 ($_DFFE_PP_) from module $paramod$5f39f8b646aa95582e6f088ce64c0e154e784a4a\picorv32 (removing D path).
Handling never-active EN on $auto$ff.cc:337:slice$31255 ($_DFFE_PP_) from module $paramod$5f39f8b646aa95582e6f088ce64c0e154e784a4a\picorv32 (removing D path).
Handling never-active EN on $auto$ff.cc:337:slice$31256 ($_DFFE_PP_) from module $paramod$5f39f8b646aa95582e6f088ce64c0e154e784a4a\picorv32 (removing D path).
Handling never-active EN on $auto$ff.cc:337:slice$31257 ($_DFFE_PP_) from module $paramod$5f39f8b646aa95582e6f088ce64c0e154e784a4a\picorv32 (removing D path).
Handling never-active EN on $auto$ff.cc:337:slice$31258 ($_DFFE_PP_) from module $paramod$5f39f8b646aa95582e6f088ce64c0e154e784a4a\picorv32 (removing D path).
Handling never-active EN on $auto$ff.cc:337:slice$31259 ($_DFFE_PP_) from module $paramod$5f39f8b646aa95582e6f088ce64c0e154e784a4a\picorv32 (removing D path).
Handling never-active EN on $auto$ff.cc:337:slice$31260 ($_DFFE_PP_) from module $paramod$5f39f8b646aa95582e6f088ce64c0e154e784a4a\picorv32 (removing D path).
Handling never-active EN on $auto$ff.cc:337:slice$31261 ($_DFFE_PP_) from module $paramod$5f39f8b646aa95582e6f088ce64c0e154e784a4a\picorv32 (removing D path).
Handling never-active EN on $auto$ff.cc:337:slice$31262 ($_DFFE_PP_) from module $paramod$5f39f8b646aa95582e6f088ce64c0e154e784a4a\picorv32 (removing D path).
Handling never-active EN on $auto$ff.cc:337:slice$31263 ($_DFFE_PP_) from module $paramod$5f39f8b646aa95582e6f088ce64c0e154e784a4a\picorv32 (removing D path).
Handling never-active EN on $auto$ff.cc:337:slice$31264 ($_DFFE_PP_) from module $paramod$5f39f8b646aa95582e6f088ce64c0e154e784a4a\picorv32 (removing D path).
Handling never-active EN on $auto$ff.cc:337:slice$31265 ($_DFFE_PP_) from module $paramod$5f39f8b646aa95582e6f088ce64c0e154e784a4a\picorv32 (removing D path).
Handling never-active EN on $auto$ff.cc:337:slice$31266 ($_DFFE_PP_) from module $paramod$5f39f8b646aa95582e6f088ce64c0e154e784a4a\picorv32 (removing D path).
Handling never-active EN on $auto$ff.cc:337:slice$31267 ($_DFFE_PP_) from module $paramod$5f39f8b646aa95582e6f088ce64c0e154e784a4a\picorv32 (removing D path).
Handling never-active EN on $auto$ff.cc:337:slice$31268 ($_DFFE_PP_) from module $paramod$5f39f8b646aa95582e6f088ce64c0e154e784a4a\picorv32 (removing D path).
Handling never-active EN on $auto$ff.cc:337:slice$31269 ($_DFFE_PP_) from module $paramod$5f39f8b646aa95582e6f088ce64c0e154e784a4a\picorv32 (removing D path).
Handling never-active EN on $auto$ff.cc:337:slice$31270 ($_DFFE_PP_) from module $paramod$5f39f8b646aa95582e6f088ce64c0e154e784a4a\picorv32 (removing D path).
Handling never-active EN on $auto$ff.cc:337:slice$31271 ($_DFFE_PP_) from module $paramod$5f39f8b646aa95582e6f088ce64c0e154e784a4a\picorv32 (removing D path).
Handling never-active EN on $auto$ff.cc:337:slice$31272 ($_DFFE_PP_) from module $paramod$5f39f8b646aa95582e6f088ce64c0e154e784a4a\picorv32 (removing D path).
Handling never-active EN on $auto$ff.cc:337:slice$31273 ($_DFFE_PP_) from module $paramod$5f39f8b646aa95582e6f088ce64c0e154e784a4a\picorv32 (removing D path).
Handling never-active EN on $auto$ff.cc:337:slice$31274 ($_DFFE_PP_) from module $paramod$5f39f8b646aa95582e6f088ce64c0e154e784a4a\picorv32 (removing D path).
Handling never-active EN on $auto$ff.cc:337:slice$31275 ($_DFFE_PP_) from module $paramod$5f39f8b646aa95582e6f088ce64c0e154e784a4a\picorv32 (removing D path).
Handling never-active EN on $auto$ff.cc:337:slice$31276 ($_DFFE_PP_) from module $paramod$5f39f8b646aa95582e6f088ce64c0e154e784a4a\picorv32 (removing D path).
Handling never-active EN on $auto$ff.cc:337:slice$31277 ($_DFFE_PP_) from module $paramod$5f39f8b646aa95582e6f088ce64c0e154e784a4a\picorv32 (removing D path).
Handling never-active EN on $auto$ff.cc:337:slice$31278 ($_DFFE_PP_) from module $paramod$5f39f8b646aa95582e6f088ce64c0e154e784a4a\picorv32 (removing D path).
Handling never-active EN on $auto$ff.cc:337:slice$31279 ($_DFFE_PP_) from module $paramod$5f39f8b646aa95582e6f088ce64c0e154e784a4a\picorv32 (removing D path).
Handling never-active EN on $auto$ff.cc:337:slice$31280 ($_DFFE_PP_) from module $paramod$5f39f8b646aa95582e6f088ce64c0e154e784a4a\picorv32 (removing D path).
Handling never-active EN on $auto$ff.cc:337:slice$31281 ($_DFFE_PP_) from module $paramod$5f39f8b646aa95582e6f088ce64c0e154e784a4a\picorv32 (removing D path).
Handling never-active EN on $auto$ff.cc:337:slice$31282 ($_DFFE_PP_) from module $paramod$5f39f8b646aa95582e6f088ce64c0e154e784a4a\picorv32 (removing D path).
Handling never-active EN on $auto$ff.cc:337:slice$31283 ($_DFFE_PP_) from module $paramod$5f39f8b646aa95582e6f088ce64c0e154e784a4a\picorv32 (removing D path).
Handling never-active EN on $auto$ff.cc:337:slice$31284 ($_DFFE_PP_) from module $paramod$5f39f8b646aa95582e6f088ce64c0e154e784a4a\picorv32 (removing D path).
Handling never-active EN on $auto$ff.cc:337:slice$31285 ($_DFFE_PP_) from module $paramod$5f39f8b646aa95582e6f088ce64c0e154e784a4a\picorv32 (removing D path).

10.23.4. Executing OPT_CLEAN pass (remove unused cells and wires).
Finding unused cells or wires in module $paramod$d40569e2e5029e2dde4c9be19ab6c750b8104d07\uart_axi..
Finding unused cells or wires in module $paramod$d40569e2e5029e2dde4c9be19ab6c750b8104d07\uart_tx..
Finding unused cells or wires in module $paramod$d40569e2e5029e2dde4c9be19ab6c750b8104d07\uart_rx..
Finding unused cells or wires in module \axi_decoder..
Finding unused cells or wires in module \axi_lite_interconnect..
Finding unused cells or wires in module $paramod$5f39f8b646aa95582e6f088ce64c0e154e784a4a\picorv32..
Finding unused cells or wires in module $paramod$edcaa0cfb453980d1e33a3c938c1a32918b9f1d7\rom..
Finding unused cells or wires in module $paramod\sram\MEM_DEPTH=s32'00000000000000000000000001000000..
Finding unused cells or wires in module \top..
Removed 0 unused cells and 7145 unused wires.
<suppressed ~24 debug messages>

10.23.5. Rerunning OPT passes. (Removed registers in this run.)

10.23.6. Executing OPT_EXPR pass (perform const folding).
Optimizing module $paramod$d40569e2e5029e2dde4c9be19ab6c750b8104d07\uart_axi.
Optimizing module $paramod$d40569e2e5029e2dde4c9be19ab6c750b8104d07\uart_tx.
Optimizing module $paramod$d40569e2e5029e2dde4c9be19ab6c750b8104d07\uart_rx.
Optimizing module axi_decoder.
Optimizing module axi_lite_interconnect.
Optimizing module $paramod$5f39f8b646aa95582e6f088ce64c0e154e784a4a\picorv32.
Optimizing module $paramod$edcaa0cfb453980d1e33a3c938c1a32918b9f1d7\rom.
Optimizing module $paramod\sram\MEM_DEPTH=s32'00000000000000000000000001000000.
Optimizing module top.

10.23.7. Executing OPT_MERGE pass (detect identical cells).
Finding identical cells in module `$paramod$d40569e2e5029e2dde4c9be19ab6c750b8104d07\uart_axi'.
Computing hashes of 110 cells of `$paramod$d40569e2e5029e2dde4c9be19ab6c750b8104d07\uart_axi'.
Finding duplicate cells in `$paramod$d40569e2e5029e2dde4c9be19ab6c750b8104d07\uart_axi'.
Finding identical cells in module `$paramod$d40569e2e5029e2dde4c9be19ab6c750b8104d07\uart_tx'.
Computing hashes of 110 cells of `$paramod$d40569e2e5029e2dde4c9be19ab6c750b8104d07\uart_tx'.
Finding duplicate cells in `$paramod$d40569e2e5029e2dde4c9be19ab6c750b8104d07\uart_tx'.
Finding identical cells in module `$paramod$d40569e2e5029e2dde4c9be19ab6c750b8104d07\uart_rx'.
Computing hashes of 149 cells of `$paramod$d40569e2e5029e2dde4c9be19ab6c750b8104d07\uart_rx'.
Finding duplicate cells in `$paramod$d40569e2e5029e2dde4c9be19ab6c750b8104d07\uart_rx'.
Finding identical cells in module `\axi_decoder'.
Computing hashes of 32 cells of `\axi_decoder'.
Finding duplicate cells in `\axi_decoder'.
Finding identical cells in module `\axi_lite_interconnect'.
Computing hashes of 210 cells of `\axi_lite_interconnect'.
Finding duplicate cells in `\axi_lite_interconnect'.
Finding identical cells in module `$paramod$5f39f8b646aa95582e6f088ce64c0e154e784a4a\picorv32'.
Computing hashes of 8794 cells of `$paramod$5f39f8b646aa95582e6f088ce64c0e154e784a4a\picorv32'.
Finding duplicate cells in `$paramod$5f39f8b646aa95582e6f088ce64c0e154e784a4a\picorv32'.
Finding identical cells in module `$paramod$edcaa0cfb453980d1e33a3c938c1a32918b9f1d7\rom'.
Computing hashes of 374 cells of `$paramod$edcaa0cfb453980d1e33a3c938c1a32918b9f1d7\rom'.
Finding duplicate cells in `$paramod$edcaa0cfb453980d1e33a3c938c1a32918b9f1d7\rom'.
Finding identical cells in module `$paramod\sram\MEM_DEPTH=s32'00000000000000000000000001000000'.
Computing hashes of 6662 cells of `$paramod\sram\MEM_DEPTH=s32'00000000000000000000000001000000'.
Finding duplicate cells in `$paramod\sram\MEM_DEPTH=s32'00000000000000000000000001000000'.
Finding identical cells in module `\top'.
Computing hashes of 198 cells of `\top'.
Finding duplicate cells in `\top'.
Removed a total of 0 cells.

10.23.8. Executing OPT_DFF pass (perform DFF optimizations).
Adding EN signal on $auto$ff.cc:337:slice$44428 ($_DFF_PP0_) from module $paramod$d40569e2e5029e2dde4c9be19ab6c750b8104d07\uart_tx (D = $abc$46310$new_n144, Q = \state [3]).

10.23.9. Executing OPT_CLEAN pass (remove unused cells and wires).
Finding unused cells or wires in module $paramod$d40569e2e5029e2dde4c9be19ab6c750b8104d07\uart_axi..
Finding unused cells or wires in module $paramod$d40569e2e5029e2dde4c9be19ab6c750b8104d07\uart_tx..
Finding unused cells or wires in module $paramod$d40569e2e5029e2dde4c9be19ab6c750b8104d07\uart_rx..
Finding unused cells or wires in module \axi_decoder..
Finding unused cells or wires in module \axi_lite_interconnect..
Finding unused cells or wires in module $paramod$5f39f8b646aa95582e6f088ce64c0e154e784a4a\picorv32..
Finding unused cells or wires in module $paramod$edcaa0cfb453980d1e33a3c938c1a32918b9f1d7\rom..
Finding unused cells or wires in module $paramod\sram\MEM_DEPTH=s32'00000000000000000000000001000000..
Finding unused cells or wires in module \top..
Removed 1 unused cells and 1 unused wires.
<suppressed ~2 debug messages>

10.23.10. Rerunning OPT passes. (Removed registers in this run.)

10.23.11. Executing OPT_EXPR pass (perform const folding).
Optimizing module $paramod$d40569e2e5029e2dde4c9be19ab6c750b8104d07\uart_axi.
Optimizing module $paramod$d40569e2e5029e2dde4c9be19ab6c750b8104d07\uart_tx.
Optimizing module $paramod$d40569e2e5029e2dde4c9be19ab6c750b8104d07\uart_rx.
Optimizing module axi_decoder.
Optimizing module axi_lite_interconnect.
Optimizing module $paramod$5f39f8b646aa95582e6f088ce64c0e154e784a4a\picorv32.
Optimizing module $paramod$edcaa0cfb453980d1e33a3c938c1a32918b9f1d7\rom.
Optimizing module $paramod\sram\MEM_DEPTH=s32'00000000000000000000000001000000.
Optimizing module top.

10.23.12. Executing OPT_MERGE pass (detect identical cells).
Finding identical cells in module `$paramod$d40569e2e5029e2dde4c9be19ab6c750b8104d07\uart_axi'.
Computing hashes of 110 cells of `$paramod$d40569e2e5029e2dde4c9be19ab6c750b8104d07\uart_axi'.
Finding duplicate cells in `$paramod$d40569e2e5029e2dde4c9be19ab6c750b8104d07\uart_axi'.
Finding identical cells in module `$paramod$d40569e2e5029e2dde4c9be19ab6c750b8104d07\uart_tx'.
Computing hashes of 109 cells of `$paramod$d40569e2e5029e2dde4c9be19ab6c750b8104d07\uart_tx'.
Finding duplicate cells in `$paramod$d40569e2e5029e2dde4c9be19ab6c750b8104d07\uart_tx'.
Finding identical cells in module `$paramod$d40569e2e5029e2dde4c9be19ab6c750b8104d07\uart_rx'.
Computing hashes of 149 cells of `$paramod$d40569e2e5029e2dde4c9be19ab6c750b8104d07\uart_rx'.
Finding duplicate cells in `$paramod$d40569e2e5029e2dde4c9be19ab6c750b8104d07\uart_rx'.
Finding identical cells in module `\axi_decoder'.
Computing hashes of 32 cells of `\axi_decoder'.
Finding duplicate cells in `\axi_decoder'.
Finding identical cells in module `\axi_lite_interconnect'.
Computing hashes of 210 cells of `\axi_lite_interconnect'.
Finding duplicate cells in `\axi_lite_interconnect'.
Finding identical cells in module `$paramod$5f39f8b646aa95582e6f088ce64c0e154e784a4a\picorv32'.
Computing hashes of 8794 cells of `$paramod$5f39f8b646aa95582e6f088ce64c0e154e784a4a\picorv32'.
Finding duplicate cells in `$paramod$5f39f8b646aa95582e6f088ce64c0e154e784a4a\picorv32'.
Finding identical cells in module `$paramod$edcaa0cfb453980d1e33a3c938c1a32918b9f1d7\rom'.
Computing hashes of 374 cells of `$paramod$edcaa0cfb453980d1e33a3c938c1a32918b9f1d7\rom'.
Finding duplicate cells in `$paramod$edcaa0cfb453980d1e33a3c938c1a32918b9f1d7\rom'.
Finding identical cells in module `$paramod\sram\MEM_DEPTH=s32'00000000000000000000000001000000'.
Computing hashes of 6662 cells of `$paramod\sram\MEM_DEPTH=s32'00000000000000000000000001000000'.
Finding duplicate cells in `$paramod\sram\MEM_DEPTH=s32'00000000000000000000000001000000'.
Finding identical cells in module `\top'.
Computing hashes of 198 cells of `\top'.
Finding duplicate cells in `\top'.
Removed a total of 0 cells.

10.23.13. Executing OPT_DFF pass (perform DFF optimizations).

10.23.14. Executing OPT_CLEAN pass (remove unused cells and wires).
Finding unused cells or wires in module $paramod$d40569e2e5029e2dde4c9be19ab6c750b8104d07\uart_axi..
Finding unused cells or wires in module $paramod$d40569e2e5029e2dde4c9be19ab6c750b8104d07\uart_tx..
Finding unused cells or wires in module $paramod$d40569e2e5029e2dde4c9be19ab6c750b8104d07\uart_rx..
Finding unused cells or wires in module \axi_decoder..
Finding unused cells or wires in module \axi_lite_interconnect..
Finding unused cells or wires in module $paramod$5f39f8b646aa95582e6f088ce64c0e154e784a4a\picorv32..
Finding unused cells or wires in module $paramod$edcaa0cfb453980d1e33a3c938c1a32918b9f1d7\rom..
Finding unused cells or wires in module $paramod\sram\MEM_DEPTH=s32'00000000000000000000000001000000..
Finding unused cells or wires in module \top..

10.23.15. Finished fast OPT passes.

10.24. Executing HIERARCHY pass (managing design hierarchy).
Attribute `top' found on module `top'. Setting top module to top.

10.24.1. Analyzing design hierarchy..
Top module:  \top
Used module:     $paramod$d40569e2e5029e2dde4c9be19ab6c750b8104d07\uart_axi
Used module:         $paramod$d40569e2e5029e2dde4c9be19ab6c750b8104d07\uart_rx
Used module:         $paramod$d40569e2e5029e2dde4c9be19ab6c750b8104d07\uart_tx
Used module:     $paramod\sram\MEM_DEPTH=s32'00000000000000000000000001000000
Used module:     $paramod$edcaa0cfb453980d1e33a3c938c1a32918b9f1d7\rom
Used module:     \axi_lite_interconnect
Used module:         \axi_decoder
Used module:     $paramod$5f39f8b646aa95582e6f088ce64c0e154e784a4a\picorv32

10.24.2. Analyzing design hierarchy..
Top module:  \top
Used module:     $paramod$d40569e2e5029e2dde4c9be19ab6c750b8104d07\uart_axi
Used module:         $paramod$d40569e2e5029e2dde4c9be19ab6c750b8104d07\uart_rx
Used module:         $paramod$d40569e2e5029e2dde4c9be19ab6c750b8104d07\uart_tx
Used module:     $paramod\sram\MEM_DEPTH=s32'00000000000000000000000001000000
Used module:     $paramod$edcaa0cfb453980d1e33a3c938c1a32918b9f1d7\rom
Used module:     \axi_lite_interconnect
Used module:         \axi_decoder
Used module:     $paramod$5f39f8b646aa95582e6f088ce64c0e154e784a4a\picorv32
Removed 0 unused modules.

10.25. Printing statistics.

=== $paramod$d40569e2e5029e2dde4c9be19ab6c750b8104d07\uart_axi ===

        +----------Local Count, excluding submodules.
        | 
       93 wires
      288 wire bits
       37 public wires
      232 public wire bits
       21 ports
      150 port bits
      108 cells
        2   $_ANDNOT_
        9   $_AND_
       48   $_DFFE_PP0P_
        1   $_DFF_PP0_
       26   $_MUX_
       11   $_NAND_
        4   $_NOR_
        5   $_NOT_
        1   $_ORNOT_
        1   $_OR_
        2 submodules
        1   $paramod$d40569e2e5029e2dde4c9be19ab6c750b8104d07\uart_rx
        1   $paramod$d40569e2e5029e2dde4c9be19ab6c750b8104d07\uart_tx

=== $paramod$d40569e2e5029e2dde4c9be19ab6c750b8104d07\uart_tx ===

        +----------Local Count, excluding submodules.
        | 
       75 wires
      121 wire bits
       10 public wires
       38 public wire bits
        6 ports
       13 port bits
      109 cells
        7   $_ANDNOT_
       35   $_AND_
       22   $_DFFE_PP0P_
        2   $_DFF_PP0_
        2   $_DFF_PP1_
       10   $_MUX_
       10   $_NAND_
        5   $_NOR_
        1   $_NOT_
        1   $_ORNOT_
        7   $_OR_
        1   $_XNOR_
        6   $_XOR_

=== $paramod$d40569e2e5029e2dde4c9be19ab6c750b8104d07\uart_rx ===

        +----------Local Count, excluding submodules.
        | 
      114 wires
      153 wire bits
       12 public wires
       40 public wire bits
        5 ports
       12 port bits
      149 cells
       10   $_ANDNOT_
       35   $_AND_
       29   $_DFFE_PP0P_
        4   $_DFF_PP0_
        3   $_DFF_PP1_
        3   $_MUX_
       31   $_NAND_
        4   $_NOR_
        5   $_NOT_
        5   $_ORNOT_
       15   $_OR_
        4   $_XNOR_
        1   $_XOR_

=== axi_decoder ===

        +----------Local Count, excluding submodules.
        | 
       31 wires
       64 wire bits
        2 public wires
       35 public wire bits
        2 ports
       35 port bits
       32 cells
        5   $_ANDNOT_
       14   $_AND_
       13   $_NOR_

=== axi_lite_interconnect ===

        +----------Local Count, excluding submodules.
        | 
      220 wires
      744 wire bits
       76 public wires
      600 public wire bits
       70 ports
      586 port bits
      208 cells
        4   $_ANDNOT_
       25   $_AND_
        6   $_DFFE_PP0P_
        2   $_DFFE_PP1P_
       42   $_MUX_
      121   $_NAND_
        8   $_ORNOT_
        2 submodules
        2   axi_decoder

=== $paramod$5f39f8b646aa95582e6f088ce64c0e154e784a4a\picorv32 ===

        +----------Local Count, excluding submodules.
        | 
     7140 wires
     9492 wire bits
      180 public wires
     2241 public wire bits
       27 ports
      409 port bits
     8794 cells
      247   $_ANDNOT_
     1455   $_AND_
        4   $_DFFE_PN_
     1202   $_DFFE_PP_
       59   $_DFF_P_
     1354   $_MUX_
     2251   $_NAND_
      270   $_NOR_
       21   $_NOT_
      716   $_ORNOT_
      706   $_OR_
       31   $_SDFFCE_PN0P_
        4   $_SDFFCE_PP0P_
      126   $_SDFFE_PN0P_
        2   $_SDFFE_PN1P_
        1   $_SDFFE_PP0P_
        3   $_SDFFE_PP1P_
       59   $_SDFF_PN0_
        7   $_SDFF_PN1_
        1   $_SDFF_PP0_
      119   $_XNOR_
      156   $_XOR_

=== $paramod$edcaa0cfb453980d1e33a3c938c1a32918b9f1d7\rom ===

        +----------Local Count, excluding submodules.
        | 
      360 wires
      520 wire bits
       24 public wires
      184 public wire bits
       19 ports
      148 port bits
      374 cells
       29   $_ANDNOT_
       72   $_AND_
       32   $_DFFE_PP0P_
        3   $_DFFE_PP1P_
       16   $_MUX_
      130   $_NAND_
       13   $_NOR_
        6   $_NOT_
       37   $_ORNOT_
       33   $_OR_
        2   $_XNOR_
        1   $_XOR_

=== $paramod\sram\MEM_DEPTH=s32'00000000000000000000000001000000 ===

        +----------Local Count, excluding submodules.
        | 
     4593 wires
     6809 wire bits
       91 public wires
     2276 public wire bits
       19 ports
      148 port bits
     6662 cells
       24   $_ANDNOT_
     2410   $_AND_
       78   $_DFFE_PP0P_
     2048   $_DFFE_PP_
        2   $_MUX_
     2085   $_NAND_
       10   $_NOR_
        4   $_NOT_
        1   $_ORNOT_

=== top ===

        +----------Local Count, excluding submodules.
        | 
      133 wires
      782 wire bits
       83 public wires
      730 public wire bits
        4 ports
        4 port bits
      193 cells
        4   $_ANDNOT_
       11   $_AND_
      137   $_DFFE_PP0P_
        5   $_DFF_PP0_
        1   $_DFF_PP1_
        2   $_MUX_
       15   $_NAND_
        4   $_NOR_
        5   $_NOT_
        5   $_ORNOT_
        4   $_OR_
        5 submodules
        1   $paramod$5f39f8b646aa95582e6f088ce64c0e154e784a4a\picorv32
        1   $paramod$d40569e2e5029e2dde4c9be19ab6c750b8104d07\uart_axi
        1   $paramod$edcaa0cfb453980d1e33a3c938c1a32918b9f1d7\rom
        1   $paramod\sram\MEM_DEPTH=s32'00000000000000000000000001000000
        1   axi_lite_interconnect

=== design hierarchy ===

        +----------Count including submodules.
        | 
    16661 top
     8794 $paramod$5f39f8b646aa95582e6f088ce64c0e154e784a4a\picorv32
      108 $paramod$d40569e2e5029e2dde4c9be19ab6c750b8104d07\uart_axi
      149   $paramod$d40569e2e5029e2dde4c9be19ab6c750b8104d07\uart_rx
      109   $paramod$d40569e2e5029e2dde4c9be19ab6c750b8104d07\uart_tx
      374 $paramod$edcaa0cfb453980d1e33a3c938c1a32918b9f1d7\rom
     6662 $paramod\sram\MEM_DEPTH=s32'00000000000000000000000001000000
      208 axi_lite_interconnect
       32   axi_decoder

        +----------Count including submodules.
        | 
    12790 wires
    19037 wire bits
      517 public wires
     6411 public wire bits
      175 ports
     1540 port bits
        - memories
        - memory bits
        - processes
    16661 cells
      337   $_ANDNOT_
     4080   $_AND_
        4   $_DFFE_PN_
      352   $_DFFE_PP0P_
        5   $_DFFE_PP1P_
     3250   $_DFFE_PP_
       12   $_DFF_PP0_
        6   $_DFF_PP1_
       59   $_DFF_P_
     1455   $_MUX_
     4654   $_NAND_
      336   $_NOR_
       47   $_NOT_
      774   $_ORNOT_
      766   $_OR_
       31   $_SDFFCE_PN0P_
        4   $_SDFFCE_PP0P_
      126   $_SDFFE_PN0P_
        2   $_SDFFE_PN1P_
        1   $_SDFFE_PP0P_
        3   $_SDFFE_PP1P_
       59   $_SDFF_PN0_
        7   $_SDFF_PN1_
        1   $_SDFF_PP0_
      126   $_XNOR_
      164   $_XOR_
        5 submodules
        1   $paramod$5f39f8b646aa95582e6f088ce64c0e154e784a4a\picorv32
        1   $paramod$d40569e2e5029e2dde4c9be19ab6c750b8104d07\uart_axi
        1   $paramod$edcaa0cfb453980d1e33a3c938c1a32918b9f1d7\rom
        1   $paramod\sram\MEM_DEPTH=s32'00000000000000000000000001000000
        1   axi_lite_interconnect

10.26. Executing CHECK pass (checking for obvious problems).
Checking module $paramod$d40569e2e5029e2dde4c9be19ab6c750b8104d07\uart_axi...
Checking module $paramod$d40569e2e5029e2dde4c9be19ab6c750b8104d07\uart_tx...
Checking module $paramod$d40569e2e5029e2dde4c9be19ab6c750b8104d07\uart_rx...
Checking module axi_decoder...
Checking module axi_lite_interconnect...
Checking module $paramod$5f39f8b646aa95582e6f088ce64c0e154e784a4a\picorv32...
Checking module $paramod$edcaa0cfb453980d1e33a3c938c1a32918b9f1d7\rom...
Checking module $paramod\sram\MEM_DEPTH=s32'00000000000000000000000001000000...
Checking module top...
Found and reported 0 problems.

11. Executing DFFLIBMAP pass (mapping DFF cells to sequential cells from liberty file).
  cell sky130_fd_sc_hd__dfxtp_1 (noninv, pins=3, area=20.02) is a direct match for cell type $_DFF_P_.
  cell sky130_fd_sc_hd__dfrtn_1 (noninv, pins=4, area=25.02) is a direct match for cell type $_DFF_NN0_.
  cell sky130_fd_sc_hd__dfrtp_1 (noninv, pins=4, area=25.02) is a direct match for cell type $_DFF_PN0_.
  cell sky130_fd_sc_hd__dfstp_2 (noninv, pins=4, area=26.28) is a direct match for cell type $_DFF_PN1_.
  cell sky130_fd_sc_hd__edfxtp_1 (noninv, pins=4, area=30.03) is a direct match for cell type $_DFFE_PP_.
  cell sky130_fd_sc_hd__dfbbn_1 (noninv, pins=6, area=32.53) is a direct match for cell type $_DFFSR_NNN_.
  cell sky130_fd_sc_hd__dfbbp_1 (noninv, pins=6, area=32.53) is a direct match for cell type $_DFFSR_PNN_.
  final dff cell mappings:
    unmapped dff cell: $_DFF_N_
    \sky130_fd_sc_hd__dfxtp_1 _DFF_P_ (.CLK( C), .D( D), .Q( Q));
    \sky130_fd_sc_hd__dfrtn_1 _DFF_NN0_ (.CLK_N( C), .D( D), .Q( Q), .RESET_B( R));
    unmapped dff cell: $_DFF_NN1_
    unmapped dff cell: $_DFF_NP0_
    unmapped dff cell: $_DFF_NP1_
    \sky130_fd_sc_hd__dfrtp_1 _DFF_PN0_ (.CLK( C), .D( D), .Q( Q), .RESET_B( R));
    \sky130_fd_sc_hd__dfstp_2 _DFF_PN1_ (.CLK( C), .D( D), .Q( Q), .SET_B( R));
    unmapped dff cell: $_DFF_PP0_
    unmapped dff cell: $_DFF_PP1_
    unmapped dff cell: $_DFFE_NN_
    unmapped dff cell: $_DFFE_NP_
    unmapped dff cell: $_DFFE_PN_
    \sky130_fd_sc_hd__edfxtp_1 _DFFE_PP_ (.CLK( C), .D( D), .DE( E), .Q( Q));
    \sky130_fd_sc_hd__dfbbn_1 _DFFSR_NNN_ (.CLK_N( C), .D( D), .Q( Q), .Q_N(~Q), .RESET_B( R), .SET_B( S));
    unmapped dff cell: $_DFFSR_NNP_
    unmapped dff cell: $_DFFSR_NPN_
    unmapped dff cell: $_DFFSR_NPP_
    \sky130_fd_sc_hd__dfbbp_1 _DFFSR_PNN_ (.CLK( C), .D( D), .Q( Q), .Q_N(~Q), .RESET_B( R), .SET_B( S));
    unmapped dff cell: $_DFFSR_PNP_
    unmapped dff cell: $_DFFSR_PPN_
    unmapped dff cell: $_DFFSR_PPP_

11.1. Executing DFFLEGALIZE pass (convert FFs to types supported by the target).
<suppressed ~24 debug messages>
Mapping DFF cells in module `$paramod$d40569e2e5029e2dde4c9be19ab6c750b8104d07\uart_axi':
  mapped 49 $_DFF_PN0_ cells to \sky130_fd_sc_hd__dfrtp_1 cells.
Mapping DFF cells in module `$paramod$d40569e2e5029e2dde4c9be19ab6c750b8104d07\uart_tx':
  mapped 24 $_DFF_PN0_ cells to \sky130_fd_sc_hd__dfrtp_1 cells.
  mapped 2 $_DFF_PN1_ cells to \sky130_fd_sc_hd__dfstp_2 cells.
Mapping DFF cells in module `$paramod$d40569e2e5029e2dde4c9be19ab6c750b8104d07\uart_rx':
  mapped 33 $_DFF_PN0_ cells to \sky130_fd_sc_hd__dfrtp_1 cells.
  mapped 3 $_DFF_PN1_ cells to \sky130_fd_sc_hd__dfstp_2 cells.
Mapping DFF cells in module `\axi_decoder':
Mapping DFF cells in module `\axi_lite_interconnect':
  mapped 6 $_DFF_PN0_ cells to \sky130_fd_sc_hd__dfrtp_1 cells.
  mapped 2 $_DFF_PN1_ cells to \sky130_fd_sc_hd__dfstp_2 cells.
Mapping DFF cells in module `$paramod$5f39f8b646aa95582e6f088ce64c0e154e784a4a\picorv32':
  mapped 1241 $_DFFE_PP_ cells to \sky130_fd_sc_hd__edfxtp_1 cells.
  mapped 258 $_DFF_P_ cells to \sky130_fd_sc_hd__dfxtp_1 cells.
Mapping DFF cells in module `$paramod$edcaa0cfb453980d1e33a3c938c1a32918b9f1d7\rom':
  mapped 32 $_DFF_PN0_ cells to \sky130_fd_sc_hd__dfrtp_1 cells.
  mapped 3 $_DFF_PN1_ cells to \sky130_fd_sc_hd__dfstp_2 cells.
Mapping DFF cells in module `$paramod\sram\MEM_DEPTH=s32'00000000000000000000000001000000':
  mapped 2048 $_DFFE_PP_ cells to \sky130_fd_sc_hd__edfxtp_1 cells.
  mapped 78 $_DFF_PN0_ cells to \sky130_fd_sc_hd__dfrtp_1 cells.
Mapping DFF cells in module `\top':
  mapped 142 $_DFF_PN0_ cells to \sky130_fd_sc_hd__dfrtp_1 cells.
  mapped 1 $_DFF_PN1_ cells to \sky130_fd_sc_hd__dfstp_2 cells.

12. Executing ABC pass (technology mapping using ABC).

12.1. Extracting gate netlist of module `$paramod$d40569e2e5029e2dde4c9be19ab6c750b8104d07\uart_axi' to `<abc-temp-dir>/input.blif'..

12.1.1. Executed ABC.
Extracted 156 gates and 259 wires to a netlist network with 103 inputs and 101 outputs.
Running ABC script: <abc-temp-dir>/abc.script
ABC: UC Berkeley, ABC 1.01 (compiled Mar 19 2026 03:41:46)
ABC: abc 01> empty
ABC: abc 01> source <abc-temp-dir>/abc.script
ABC: + read_blif <abc-temp-dir>/input.blif 
ABC: + read_lib -w /home/deep/nielit/projects/picorv32_soc_final/openlane_design/src/../../openlane_design/libs/sky130_fd_sc_hd__tt_025C_1v80.lib 
ABC: Parsing finished successfully.  Parsing time =     0.07 sec
ABC: Scl_LibertyReadGenlib() skipped cell "sky130_fd_sc_hd__decap_12" without logic function.
ABC: Scl_LibertyReadGenlib() skipped cell "sky130_fd_sc_hd__decap_3" without logic function.
ABC: Scl_LibertyReadGenlib() skipped cell "sky130_fd_sc_hd__decap_4" without logic function.
ABC: Scl_LibertyReadGenlib() skipped cell "sky130_fd_sc_hd__decap_6" without logic function.
ABC: Scl_LibertyReadGenlib() skipped cell "sky130_fd_sc_hd__decap_8" without logic function.
ABC: Scl_LibertyReadGenlib() skipped sequential cell "sky130_fd_sc_hd__dfbbn_1".
ABC: Scl_LibertyReadGenlib() skipped sequential cell "sky130_fd_sc_hd__dfbbn_2".
ABC: Scl_LibertyReadGenlib() skipped sequential cell "sky130_fd_sc_hd__dfbbp_1".
ABC: Scl_LibertyReadGenlib() skipped sequential cell "sky130_fd_sc_hd__dfrbp_1".
ABC: Scl_LibertyReadGenlib() skipped sequential cell "sky130_fd_sc_hd__dfrbp_2".
ABC: Scl_LibertyReadGenlib() skipped sequential cell "sky130_fd_sc_hd__dfrtn_1".
ABC: Scl_LibertyReadGenlib() skipped sequential cell "sky130_fd_sc_hd__dfrtp_1".
ABC: Scl_LibertyReadGenlib() skipped sequential cell "sky130_fd_sc_hd__dfrtp_2".
ABC: Scl_LibertyReadGenlib() skipped sequential cell "sky130_fd_sc_hd__dfrtp_4".
ABC: Scl_LibertyReadGenlib() skipped sequential cell "sky130_fd_sc_hd__dfsbp_1".
ABC: Scl_LibertyReadGenlib() skipped sequential cell "sky130_fd_sc_hd__dfsbp_2".
ABC: Scl_LibertyReadGenlib() skipped sequential cell "sky130_fd_sc_hd__dfstp_1".
ABC: Scl_LibertyReadGenlib() skipped sequential cell "sky130_fd_sc_hd__dfstp_2".
ABC: Scl_LibertyReadGenlib() skipped sequential cell "sky130_fd_sc_hd__dfstp_4".
ABC: Scl_LibertyReadGenlib() skipped sequential cell "sky130_fd_sc_hd__dfxbp_1".
ABC: Scl_LibertyReadGenlib() skipped sequential cell "sky130_fd_sc_hd__dfxbp_2".
ABC: Scl_LibertyReadGenlib() skipped sequential cell "sky130_fd_sc_hd__dfxtp_1".
ABC: Scl_LibertyReadGenlib() skipped sequential cell "sky130_fd_sc_hd__dfxtp_2".
ABC: Scl_LibertyReadGenlib() skipped sequential cell "sky130_fd_sc_hd__dfxtp_4".
ABC: Scl_LibertyReadGenlib() skipped cell "sky130_fd_sc_hd__diode_2" without logic function.
ABC: Scl_LibertyReadGenlib() skipped cell "sky130_fd_sc_hd__dlclkp_1" without logic function.
ABC: Scl_LibertyReadGenlib() skipped cell "sky130_fd_sc_hd__dlclkp_2" without logic function.
ABC: Scl_LibertyReadGenlib() skipped cell "sky130_fd_sc_hd__dlclkp_4" without logic function.
ABC: Scl_LibertyReadGenlib() skipped sequential cell "sky130_fd_sc_hd__dlrbn_1".
ABC: Scl_LibertyReadGenlib() skipped sequential cell "sky130_fd_sc_hd__dlrbn_2".
ABC: Scl_LibertyReadGenlib() skipped sequential cell "sky130_fd_sc_hd__dlrbp_1".
ABC: Scl_LibertyReadGenlib() skipped sequential cell "sky130_fd_sc_hd__dlrbp_2".
ABC: Scl_LibertyReadGenlib() skipped sequential cell "sky130_fd_sc_hd__dlrtn_1".
ABC: Scl_LibertyReadGenlib() skipped sequential cell "sky130_fd_sc_hd__dlrtn_2".
ABC: Scl_LibertyReadGenlib() skipped sequential cell "sky130_fd_sc_hd__dlrtn_4".
ABC: Scl_LibertyReadGenlib() skipped sequential cell "sky130_fd_sc_hd__dlrtp_1".
ABC: Scl_LibertyReadGenlib() skipped sequential cell "sky130_fd_sc_hd__dlrtp_2".
ABC: Scl_LibertyReadGenlib() skipped sequential cell "sky130_fd_sc_hd__dlrtp_4".
ABC: Scl_LibertyReadGenlib() skipped sequential cell "sky130_fd_sc_hd__dlxbn_1".
ABC: Scl_LibertyReadGenlib() skipped sequential cell "sky130_fd_sc_hd__dlxbn_2".
ABC: Scl_LibertyReadGenlib() skipped sequential cell "sky130_fd_sc_hd__dlxbp_1".
ABC: Scl_LibertyReadGenlib() skipped sequential cell "sky130_fd_sc_hd__dlxtn_1".
ABC: Scl_LibertyReadGenlib() skipped sequential cell "sky130_fd_sc_hd__dlxtn_2".
ABC: Scl_LibertyReadGenlib() skipped sequential cell "sky130_fd_sc_hd__dlxtn_4".
ABC: Scl_LibertyReadGenlib() skipped sequential cell "sky130_fd_sc_hd__dlxtp_1".
ABC: Scl_LibertyReadGenlib() skipped three-state cell "sky130_fd_sc_hd__ebufn_1".
ABC: Scl_LibertyReadGenlib() skipped three-state cell "sky130_fd_sc_hd__ebufn_2".
ABC: Scl_LibertyReadGenlib() skipped three-state cell "sky130_fd_sc_hd__ebufn_4".
ABC: Scl_LibertyReadGenlib() skipped three-state cell "sky130_fd_sc_hd__ebufn_8".
ABC: Scl_LibertyReadGenlib() skipped sequential cell "sky130_fd_sc_hd__edfxbp_1".
ABC: Scl_LibertyReadGenlib() skipped sequential cell "sky130_fd_sc_hd__edfxtp_1".
ABC: Scl_LibertyReadGenlib() skipped three-state cell "sky130_fd_sc_hd__einvn_0".
ABC: Scl_LibertyReadGenlib() skipped three-state cell "sky130_fd_sc_hd__einvn_1".
ABC: Scl_LibertyReadGenlib() skipped three-state cell "sky130_fd_sc_hd__einvn_2".
ABC: Scl_LibertyReadGenlib() skipped three-state cell "sky130_fd_sc_hd__einvn_4".
ABC: Scl_LibertyReadGenlib() skipped three-state cell "sky130_fd_sc_hd__einvn_8".
ABC: Scl_LibertyReadGenlib() skipped three-state cell "sky130_fd_sc_hd__einvp_1".
ABC: Scl_LibertyReadGenlib() skipped three-state cell "sky130_fd_sc_hd__einvp_2".
ABC: Scl_LibertyReadGenlib() skipped three-state cell "sky130_fd_sc_hd__einvp_4".
ABC: Scl_LibertyReadGenlib() skipped three-state cell "sky130_fd_sc_hd__einvp_8".
ABC: Scl_LibertyReadGenlib() skipped cell "sky130_fd_sc_hd__lpflow_bleeder_1" without logic function.
ABC: Scl_LibertyReadGenlib() skipped cell "sky130_fd_sc_hd__lpflow_decapkapwr_12" without logic function.
ABC: Scl_LibertyReadGenlib() skipped cell "sky130_fd_sc_hd__lpflow_decapkapwr_3" without logic function.
ABC: Scl_LibertyReadGenlib() skipped cell "sky130_fd_sc_hd__lpflow_decapkapwr_4" without logic function.
ABC: Scl_LibertyReadGenlib() skipped cell "sky130_fd_sc_hd__lpflow_decapkapwr_6" without logic function.
ABC: Scl_LibertyReadGenlib() skipped cell "sky130_fd_sc_hd__lpflow_decapkapwr_8" without logic function.
ABC: Scl_LibertyReadGenlib() skipped sequential cell "sky130_fd_sc_hd__lpflow_inputisolatch_1".
ABC: Scl_LibertyReadGenlib() skipped sequential cell "sky130_fd_sc_hd__sdfbbn_1".
ABC: Scl_LibertyReadGenlib() skipped sequential cell "sky130_fd_sc_hd__sdfbbn_2".
ABC: Scl_LibertyReadGenlib() skipped sequential cell "sky130_fd_sc_hd__sdfbbp_1".
ABC: Scl_LibertyReadGenlib() skipped sequential cell "sky130_fd_sc_hd__sdfrbp_1".
ABC: Scl_LibertyReadGenlib() skipped sequential cell "sky130_fd_sc_hd__sdfrbp_2".
ABC: Scl_LibertyReadGenlib() skipped sequential cell "sky130_fd_sc_hd__sdfrtn_1".
ABC: Scl_LibertyReadGenlib() skipped sequential cell "sky130_fd_sc_hd__sdfrtp_1".
ABC: Scl_LibertyReadGenlib() skipped sequential cell "sky130_fd_sc_hd__sdfrtp_2".
ABC: Scl_LibertyReadGenlib() skipped sequential cell "sky130_fd_sc_hd__sdfrtp_4".
ABC: Scl_LibertyReadGenlib() skipped sequential cell "sky130_fd_sc_hd__sdfsbp_1".
ABC: Scl_LibertyReadGenlib() skipped sequential cell "sky130_fd_sc_hd__sdfsbp_2".
ABC: Scl_LibertyReadGenlib() skipped sequential cell "sky130_fd_sc_hd__sdfstp_1".
ABC: Scl_LibertyReadGenlib() skipped sequential cell "sky130_fd_sc_hd__sdfstp_2".
ABC: Scl_LibertyReadGenlib() skipped sequential cell "sky130_fd_sc_hd__sdfstp_4".
ABC: Scl_LibertyReadGenlib() skipped sequential cell "sky130_fd_sc_hd__sdfxbp_1".
ABC: Scl_LibertyReadGenlib() skipped sequential cell "sky130_fd_sc_hd__sdfxbp_2".
ABC: Scl_LibertyReadGenlib() skipped sequential cell "sky130_fd_sc_hd__sdfxtp_1".
ABC: Scl_LibertyReadGenlib() skipped sequential cell "sky130_fd_sc_hd__sdfxtp_2".
ABC: Scl_LibertyReadGenlib() skipped sequential cell "sky130_fd_sc_hd__sdfxtp_4".
ABC: Scl_LibertyReadGenlib() skipped cell "sky130_fd_sc_hd__sdlclkp_1" without logic function.
ABC: Scl_LibertyReadGenlib() skipped cell "sky130_fd_sc_hd__sdlclkp_2" without logic function.
ABC: Scl_LibertyReadGenlib() skipped cell "sky130_fd_sc_hd__sdlclkp_4" without logic function.
ABC: Scl_LibertyReadGenlib() skipped sequential cell "sky130_fd_sc_hd__sedfxbp_1".
ABC: Scl_LibertyReadGenlib() skipped sequential cell "sky130_fd_sc_hd__sedfxbp_2".
ABC: Scl_LibertyReadGenlib() skipped sequential cell "sky130_fd_sc_hd__sedfxtp_1".
ABC: Scl_LibertyReadGenlib() skipped sequential cell "sky130_fd_sc_hd__sedfxtp_2".
ABC: Scl_LibertyReadGenlib() skipped sequential cell "sky130_fd_sc_hd__sedfxtp_4".
ABC: Library "sky130_fd_sc_hd__tt_025C_1v80" from "/home/deep/nielit/projects/picorv32_soc_final/openlane_design/src/../../openlane_design/libs/sky130_fd_sc_hd__tt_025C_1v80.lib" has 334 cells (94 skipped: 63 seq; 13 tri-state; 18 no func; 0 dont_use; 0 with 2 outputs; 0 with 3+ outputs).  Time =     0.10 sec
ABC: Memory =   19.85 MB. Time =     0.10 sec
ABC: Warning: Detected 9 multi-output cells (for example, "sky130_fd_sc_hd__fa_1").
ABC: + strash 
ABC: + &get -n 
ABC: + &fraig -x 
ABC: + &put 
ABC: + scorr 
ABC: Warning: The network is combinational (run "fraig" or "fraig_sweep").
ABC: + dc2 
ABC: + dretime 
ABC: + strash 
ABC: + &get -n 
ABC: + &dch -f 
ABC: + &nf 
ABC: + &put 
ABC: + write_blif <abc-temp-dir>/output.blif 
ABC: 
ABC: YOSYS_ABC_DONE 

12.1.2. Re-integrating ABC results.
ABC RESULTS:   sky130_fd_sc_hd__a21o_1 cells:        1
ABC RESULTS:   sky130_fd_sc_hd__a21oi_1 cells:        1
ABC RESULTS:   sky130_fd_sc_hd__a22o_1 cells:        9
ABC RESULTS:   sky130_fd_sc_hd__a31oi_1 cells:        9
ABC RESULTS:   sky130_fd_sc_hd__and3_1 cells:        1
ABC RESULTS:   sky130_fd_sc_hd__clkinv_1 cells:       55
ABC RESULTS:   sky130_fd_sc_hd__mux2_1 cells:       32
ABC RESULTS:   sky130_fd_sc_hd__mux2i_1 cells:        1
ABC RESULTS:   sky130_fd_sc_hd__nand2_1 cells:       10
ABC RESULTS:   sky130_fd_sc_hd__nand2b_1 cells:        9
ABC RESULTS:   sky130_fd_sc_hd__nand3_1 cells:        1
ABC RESULTS:   sky130_fd_sc_hd__nor2_1 cells:       13
ABC RESULTS:   sky130_fd_sc_hd__nor3b_1 cells:        1
ABC RESULTS:   sky130_fd_sc_hd__nor4b_1 cells:        1
ABC RESULTS:   sky130_fd_sc_hd__o211ai_1 cells:        8
ABC RESULTS:   sky130_fd_sc_hd__o21ai_0 cells:        4
ABC RESULTS:        internal signals:       55
ABC RESULTS:           input signals:      103
ABC RESULTS:          output signals:      101
Removing temp directory.

12.2. Extracting gate netlist of module `$paramod$d40569e2e5029e2dde4c9be19ab6c750b8104d07\uart_tx' to `<abc-temp-dir>/input.blif'..

12.2.1. Executed ABC.
Extracted 131 gates and 166 wires to a netlist network with 35 inputs and 52 outputs.
Running ABC script: <abc-temp-dir>/abc.script
ABC: UC Berkeley, ABC 1.01 (compiled Mar 19 2026 03:41:46)
ABC: abc 01> empty
ABC: abc 01> source <abc-temp-dir>/abc.script
ABC: + read_blif <abc-temp-dir>/input.blif 
ABC: + read_lib -w /home/deep/nielit/projects/picorv32_soc_final/openlane_design/src/../../openlane_design/libs/sky130_fd_sc_hd__tt_025C_1v80.lib 
ABC: Parsing finished successfully.  Parsing time =     0.06 sec
ABC: Scl_LibertyReadGenlib() skipped cell "sky130_fd_sc_hd__decap_12" without logic function.
ABC: Scl_LibertyReadGenlib() skipped cell "sky130_fd_sc_hd__decap_3" without logic function.
ABC: Scl_LibertyReadGenlib() skipped cell "sky130_fd_sc_hd__decap_4" without logic function.
ABC: Scl_LibertyReadGenlib() skipped cell "sky130_fd_sc_hd__decap_6" without logic function.
ABC: Scl_LibertyReadGenlib() skipped cell "sky130_fd_sc_hd__decap_8" without logic function.
ABC: Scl_LibertyReadGenlib() skipped sequential cell "sky130_fd_sc_hd__dfbbn_1".
ABC: Scl_LibertyReadGenlib() skipped sequential cell "sky130_fd_sc_hd__dfbbn_2".
ABC: Scl_LibertyReadGenlib() skipped sequential cell "sky130_fd_sc_hd__dfbbp_1".
ABC: Scl_LibertyReadGenlib() skipped sequential cell "sky130_fd_sc_hd__dfrbp_1".
ABC: Scl_LibertyReadGenlib() skipped sequential cell "sky130_fd_sc_hd__dfrbp_2".
ABC: Scl_LibertyReadGenlib() skipped sequential cell "sky130_fd_sc_hd__dfrtn_1".
ABC: Scl_LibertyReadGenlib() skipped sequential cell "sky130_fd_sc_hd__dfrtp_1".
ABC: Scl_LibertyReadGenlib() skipped sequential cell "sky130_fd_sc_hd__dfrtp_2".
ABC: Scl_LibertyReadGenlib() skipped sequential cell "sky130_fd_sc_hd__dfrtp_4".
ABC: Scl_LibertyReadGenlib() skipped sequential cell "sky130_fd_sc_hd__dfsbp_1".
ABC: Scl_LibertyReadGenlib() skipped sequential cell "sky130_fd_sc_hd__dfsbp_2".
ABC: Scl_LibertyReadGenlib() skipped sequential cell "sky130_fd_sc_hd__dfstp_1".
ABC: Scl_LibertyReadGenlib() skipped sequential cell "sky130_fd_sc_hd__dfstp_2".
ABC: Scl_LibertyReadGenlib() skipped sequential cell "sky130_fd_sc_hd__dfstp_4".
ABC: Scl_LibertyReadGenlib() skipped sequential cell "sky130_fd_sc_hd__dfxbp_1".
ABC: Scl_LibertyReadGenlib() skipped sequential cell "sky130_fd_sc_hd__dfxbp_2".
ABC: Scl_LibertyReadGenlib() skipped sequential cell "sky130_fd_sc_hd__dfxtp_1".
ABC: Scl_LibertyReadGenlib() skipped sequential cell "sky130_fd_sc_hd__dfxtp_2".
ABC: Scl_LibertyReadGenlib() skipped sequential cell "sky130_fd_sc_hd__dfxtp_4".
ABC: Scl_LibertyReadGenlib() skipped cell "sky130_fd_sc_hd__diode_2" without logic function.
ABC: Scl_LibertyReadGenlib() skipped cell "sky130_fd_sc_hd__dlclkp_1" without logic function.
ABC: Scl_LibertyReadGenlib() skipped cell "sky130_fd_sc_hd__dlclkp_2" without logic function.
ABC: Scl_LibertyReadGenlib() skipped cell "sky130_fd_sc_hd__dlclkp_4" without logic function.
ABC: Scl_LibertyReadGenlib() skipped sequential cell "sky130_fd_sc_hd__dlrbn_1".
ABC: Scl_LibertyReadGenlib() skipped sequential cell "sky130_fd_sc_hd__dlrbn_2".
ABC: Scl_LibertyReadGenlib() skipped sequential cell "sky130_fd_sc_hd__dlrbp_1".
ABC: Scl_LibertyReadGenlib() skipped sequential cell "sky130_fd_sc_hd__dlrbp_2".
ABC: Scl_LibertyReadGenlib() skipped sequential cell "sky130_fd_sc_hd__dlrtn_1".
ABC: Scl_LibertyReadGenlib() skipped sequential cell "sky130_fd_sc_hd__dlrtn_2".
ABC: Scl_LibertyReadGenlib() skipped sequential cell "sky130_fd_sc_hd__dlrtn_4".
ABC: Scl_LibertyReadGenlib() skipped sequential cell "sky130_fd_sc_hd__dlrtp_1".
ABC: Scl_LibertyReadGenlib() skipped sequential cell "sky130_fd_sc_hd__dlrtp_2".
ABC: Scl_LibertyReadGenlib() skipped sequential cell "sky130_fd_sc_hd__dlrtp_4".
ABC: Scl_LibertyReadGenlib() skipped sequential cell "sky130_fd_sc_hd__dlxbn_1".
ABC: Scl_LibertyReadGenlib() skipped sequential cell "sky130_fd_sc_hd__dlxbn_2".
ABC: Scl_LibertyReadGenlib() skipped sequential cell "sky130_fd_sc_hd__dlxbp_1".
ABC: Scl_LibertyReadGenlib() skipped sequential cell "sky130_fd_sc_hd__dlxtn_1".
ABC: Scl_LibertyReadGenlib() skipped sequential cell "sky130_fd_sc_hd__dlxtn_2".
ABC: Scl_LibertyReadGenlib() skipped sequential cell "sky130_fd_sc_hd__dlxtn_4".
ABC: Scl_LibertyReadGenlib() skipped sequential cell "sky130_fd_sc_hd__dlxtp_1".
ABC: Scl_LibertyReadGenlib() skipped three-state cell "sky130_fd_sc_hd__ebufn_1".
ABC: Scl_LibertyReadGenlib() skipped three-state cell "sky130_fd_sc_hd__ebufn_2".
ABC: Scl_LibertyReadGenlib() skipped three-state cell "sky130_fd_sc_hd__ebufn_4".
ABC: Scl_LibertyReadGenlib() skipped three-state cell "sky130_fd_sc_hd__ebufn_8".
ABC: Scl_LibertyReadGenlib() skipped sequential cell "sky130_fd_sc_hd__edfxbp_1".
ABC: Scl_LibertyReadGenlib() skipped sequential cell "sky130_fd_sc_hd__edfxtp_1".
ABC: Scl_LibertyReadGenlib() skipped three-state cell "sky130_fd_sc_hd__einvn_0".
ABC: Scl_LibertyReadGenlib() skipped three-state cell "sky130_fd_sc_hd__einvn_1".
ABC: Scl_LibertyReadGenlib() skipped three-state cell "sky130_fd_sc_hd__einvn_2".
ABC: Scl_LibertyReadGenlib() skipped three-state cell "sky130_fd_sc_hd__einvn_4".
ABC: Scl_LibertyReadGenlib() skipped three-state cell "sky130_fd_sc_hd__einvn_8".
ABC: Scl_LibertyReadGenlib() skipped three-state cell "sky130_fd_sc_hd__einvp_1".
ABC: Scl_LibertyReadGenlib() skipped three-state cell "sky130_fd_sc_hd__einvp_2".
ABC: Scl_LibertyReadGenlib() skipped three-state cell "sky130_fd_sc_hd__einvp_4".
ABC: Scl_LibertyReadGenlib() skipped three-state cell "sky130_fd_sc_hd__einvp_8".
ABC: Scl_LibertyReadGenlib() skipped cell "sky130_fd_sc_hd__lpflow_bleeder_1" without logic function.
ABC: Scl_LibertyReadGenlib() skipped cell "sky130_fd_sc_hd__lpflow_decapkapwr_12" without logic function.
ABC: Scl_LibertyReadGenlib() skipped cell "sky130_fd_sc_hd__lpflow_decapkapwr_3" without logic function.
ABC: Scl_LibertyReadGenlib() skipped cell "sky130_fd_sc_hd__lpflow_decapkapwr_4" without logic function.
ABC: Scl_LibertyReadGenlib() skipped cell "sky130_fd_sc_hd__lpflow_decapkapwr_6" without logic function.
ABC: Scl_LibertyReadGenlib() skipped cell "sky130_fd_sc_hd__lpflow_decapkapwr_8" without logic function.
ABC: Scl_LibertyReadGenlib() skipped sequential cell "sky130_fd_sc_hd__lpflow_inputisolatch_1".
ABC: Scl_LibertyReadGenlib() skipped sequential cell "sky130_fd_sc_hd__sdfbbn_1".
ABC: Scl_LibertyReadGenlib() skipped sequential cell "sky130_fd_sc_hd__sdfbbn_2".
ABC: Scl_LibertyReadGenlib() skipped sequential cell "sky130_fd_sc_hd__sdfbbp_1".
ABC: Scl_LibertyReadGenlib() skipped sequential cell "sky130_fd_sc_hd__sdfrbp_1".
ABC: Scl_LibertyReadGenlib() skipped sequential cell "sky130_fd_sc_hd__sdfrbp_2".
ABC: Scl_LibertyReadGenlib() skipped sequential cell "sky130_fd_sc_hd__sdfrtn_1".
ABC: Scl_LibertyReadGenlib() skipped sequential cell "sky130_fd_sc_hd__sdfrtp_1".
ABC: Scl_LibertyReadGenlib() skipped sequential cell "sky130_fd_sc_hd__sdfrtp_2".
ABC: Scl_LibertyReadGenlib() skipped sequential cell "sky130_fd_sc_hd__sdfrtp_4".
ABC: Scl_LibertyReadGenlib() skipped sequential cell "sky130_fd_sc_hd__sdfsbp_1".
ABC: Scl_LibertyReadGenlib() skipped sequential cell "sky130_fd_sc_hd__sdfsbp_2".
ABC: Scl_LibertyReadGenlib() skipped sequential cell "sky130_fd_sc_hd__sdfstp_1".
ABC: Scl_LibertyReadGenlib() skipped sequential cell "sky130_fd_sc_hd__sdfstp_2".
ABC: Scl_LibertyReadGenlib() skipped sequential cell "sky130_fd_sc_hd__sdfstp_4".
ABC: Scl_LibertyReadGenlib() skipped sequential cell "sky130_fd_sc_hd__sdfxbp_1".
ABC: Scl_LibertyReadGenlib() skipped sequential cell "sky130_fd_sc_hd__sdfxbp_2".
ABC: Scl_LibertyReadGenlib() skipped sequential cell "sky130_fd_sc_hd__sdfxtp_1".
ABC: Scl_LibertyReadGenlib() skipped sequential cell "sky130_fd_sc_hd__sdfxtp_2".
ABC: Scl_LibertyReadGenlib() skipped sequential cell "sky130_fd_sc_hd__sdfxtp_4".
ABC: Scl_LibertyReadGenlib() skipped cell "sky130_fd_sc_hd__sdlclkp_1" without logic function.
ABC: Scl_LibertyReadGenlib() skipped cell "sky130_fd_sc_hd__sdlclkp_2" without logic function.
ABC: Scl_LibertyReadGenlib() skipped cell "sky130_fd_sc_hd__sdlclkp_4" without logic function.
ABC: Scl_LibertyReadGenlib() skipped sequential cell "sky130_fd_sc_hd__sedfxbp_1".
ABC: Scl_LibertyReadGenlib() skipped sequential cell "sky130_fd_sc_hd__sedfxbp_2".
ABC: Scl_LibertyReadGenlib() skipped sequential cell "sky130_fd_sc_hd__sedfxtp_1".
ABC: Scl_LibertyReadGenlib() skipped sequential cell "sky130_fd_sc_hd__sedfxtp_2".
ABC: Scl_LibertyReadGenlib() skipped sequential cell "sky130_fd_sc_hd__sedfxtp_4".
ABC: Library "sky130_fd_sc_hd__tt_025C_1v80" from "/home/deep/nielit/projects/picorv32_soc_final/openlane_design/src/../../openlane_design/libs/sky130_fd_sc_hd__tt_025C_1v80.lib" has 334 cells (94 skipped: 63 seq; 13 tri-state; 18 no func; 0 dont_use; 0 with 2 outputs; 0 with 3+ outputs).  Time =     0.09 sec
ABC: Memory =   19.85 MB. Time =     0.09 sec
ABC: Warning: Detected 9 multi-output cells (for example, "sky130_fd_sc_hd__fa_1").
ABC: + strash 
ABC: + &get -n 
ABC: + &fraig -x 
ABC: + &put 
ABC: + scorr 
ABC: Warning: The network is combinational (run "fraig" or "fraig_sweep").
ABC: + dc2 
ABC: + dretime 
ABC: + strash 
ABC: + &get -n 
ABC: + &dch -f 
ABC: + &nf 
ABC: + &put 
ABC: + write_blif <abc-temp-dir>/output.blif 
ABC: 
ABC: YOSYS_ABC_DONE 

12.2.2. Re-integrating ABC results.
ABC RESULTS:   sky130_fd_sc_hd__a211o_1 cells:        1
ABC RESULTS:   sky130_fd_sc_hd__a21boi_0 cells:        1
ABC RESULTS:   sky130_fd_sc_hd__a21oi_1 cells:       10
ABC RESULTS:   sky130_fd_sc_hd__a22oi_1 cells:        1
ABC RESULTS:   sky130_fd_sc_hd__a311oi_1 cells:        1
ABC RESULTS:   sky130_fd_sc_hd__a31oi_1 cells:        3
ABC RESULTS:   sky130_fd_sc_hd__a41oi_1 cells:        1
ABC RESULTS:   sky130_fd_sc_hd__and3_1 cells:        2
ABC RESULTS:   sky130_fd_sc_hd__and4_1 cells:        1
ABC RESULTS:   sky130_fd_sc_hd__and4b_1 cells:        1
ABC RESULTS:   sky130_fd_sc_hd__clkinv_1 cells:       28
ABC RESULTS:   sky130_fd_sc_hd__lpflow_isobufsrc_1 cells:        1
ABC RESULTS:   sky130_fd_sc_hd__mux2_1 cells:       14
ABC RESULTS:   sky130_fd_sc_hd__nand2_1 cells:        7
ABC RESULTS:   sky130_fd_sc_hd__nand2b_1 cells:        1
ABC RESULTS:   sky130_fd_sc_hd__nand3_1 cells:        3
ABC RESULTS:   sky130_fd_sc_hd__nand4_1 cells:        2
ABC RESULTS:   sky130_fd_sc_hd__nand4b_1 cells:        1
ABC RESULTS:   sky130_fd_sc_hd__nor2_1 cells:        8
ABC RESULTS:   sky130_fd_sc_hd__nor3_1 cells:        7
ABC RESULTS:   sky130_fd_sc_hd__nor4_1 cells:        3
ABC RESULTS:   sky130_fd_sc_hd__nor4bb_1 cells:        1
ABC RESULTS:   sky130_fd_sc_hd__o21a_1 cells:        2
ABC RESULTS:   sky130_fd_sc_hd__o21ai_0 cells:        3
ABC RESULTS:   sky130_fd_sc_hd__or3_1 cells:        1
ABC RESULTS:   sky130_fd_sc_hd__xnor2_1 cells:        3
ABC RESULTS:        internal signals:       79
ABC RESULTS:           input signals:       35
ABC RESULTS:          output signals:       52
Removing temp directory.

12.3. Extracting gate netlist of module `$paramod$d40569e2e5029e2dde4c9be19ab6c750b8104d07\uart_rx' to `<abc-temp-dir>/input.blif'..

12.3.1. Executed ABC.
Extracted 178 gates and 213 wires to a netlist network with 35 inputs and 70 outputs.
Running ABC script: <abc-temp-dir>/abc.script
ABC: UC Berkeley, ABC 1.01 (compiled Mar 19 2026 03:41:46)
ABC: abc 01> empty
ABC: abc 01> source <abc-temp-dir>/abc.script
ABC: + read_blif <abc-temp-dir>/input.blif 
ABC: + read_lib -w /home/deep/nielit/projects/picorv32_soc_final/openlane_design/src/../../openlane_design/libs/sky130_fd_sc_hd__tt_025C_1v80.lib 
ABC: Parsing finished successfully.  Parsing time =     0.06 sec
ABC: Scl_LibertyReadGenlib() skipped cell "sky130_fd_sc_hd__decap_12" without logic function.
ABC: Scl_LibertyReadGenlib() skipped cell "sky130_fd_sc_hd__decap_3" without logic function.
ABC: Scl_LibertyReadGenlib() skipped cell "sky130_fd_sc_hd__decap_4" without logic function.
ABC: Scl_LibertyReadGenlib() skipped cell "sky130_fd_sc_hd__decap_6" without logic function.
ABC: Scl_LibertyReadGenlib() skipped cell "sky130_fd_sc_hd__decap_8" without logic function.
ABC: Scl_LibertyReadGenlib() skipped sequential cell "sky130_fd_sc_hd__dfbbn_1".
ABC: Scl_LibertyReadGenlib() skipped sequential cell "sky130_fd_sc_hd__dfbbn_2".
ABC: Scl_LibertyReadGenlib() skipped sequential cell "sky130_fd_sc_hd__dfbbp_1".
ABC: Scl_LibertyReadGenlib() skipped sequential cell "sky130_fd_sc_hd__dfrbp_1".
ABC: Scl_LibertyReadGenlib() skipped sequential cell "sky130_fd_sc_hd__dfrbp_2".
ABC: Scl_LibertyReadGenlib() skipped sequential cell "sky130_fd_sc_hd__dfrtn_1".
ABC: Scl_LibertyReadGenlib() skipped sequential cell "sky130_fd_sc_hd__dfrtp_1".
ABC: Scl_LibertyReadGenlib() skipped sequential cell "sky130_fd_sc_hd__dfrtp_2".
ABC: Scl_LibertyReadGenlib() skipped sequential cell "sky130_fd_sc_hd__dfrtp_4".
ABC: Scl_LibertyReadGenlib() skipped sequential cell "sky130_fd_sc_hd__dfsbp_1".
ABC: Scl_LibertyReadGenlib() skipped sequential cell "sky130_fd_sc_hd__dfsbp_2".
ABC: Scl_LibertyReadGenlib() skipped sequential cell "sky130_fd_sc_hd__dfstp_1".
ABC: Scl_LibertyReadGenlib() skipped sequential cell "sky130_fd_sc_hd__dfstp_2".
ABC: Scl_LibertyReadGenlib() skipped sequential cell "sky130_fd_sc_hd__dfstp_4".
ABC: Scl_LibertyReadGenlib() skipped sequential cell "sky130_fd_sc_hd__dfxbp_1".
ABC: Scl_LibertyReadGenlib() skipped sequential cell "sky130_fd_sc_hd__dfxbp_2".
ABC: Scl_LibertyReadGenlib() skipped sequential cell "sky130_fd_sc_hd__dfxtp_1".
ABC: Scl_LibertyReadGenlib() skipped sequential cell "sky130_fd_sc_hd__dfxtp_2".
ABC: Scl_LibertyReadGenlib() skipped sequential cell "sky130_fd_sc_hd__dfxtp_4".
ABC: Scl_LibertyReadGenlib() skipped cell "sky130_fd_sc_hd__diode_2" without logic function.
ABC: Scl_LibertyReadGenlib() skipped cell "sky130_fd_sc_hd__dlclkp_1" without logic function.
ABC: Scl_LibertyReadGenlib() skipped cell "sky130_fd_sc_hd__dlclkp_2" without logic function.
ABC: Scl_LibertyReadGenlib() skipped cell "sky130_fd_sc_hd__dlclkp_4" without logic function.
ABC: Scl_LibertyReadGenlib() skipped sequential cell "sky130_fd_sc_hd__dlrbn_1".
ABC: Scl_LibertyReadGenlib() skipped sequential cell "sky130_fd_sc_hd__dlrbn_2".
ABC: Scl_LibertyReadGenlib() skipped sequential cell "sky130_fd_sc_hd__dlrbp_1".
ABC: Scl_LibertyReadGenlib() skipped sequential cell "sky130_fd_sc_hd__dlrbp_2".
ABC: Scl_LibertyReadGenlib() skipped sequential cell "sky130_fd_sc_hd__dlrtn_1".
ABC: Scl_LibertyReadGenlib() skipped sequential cell "sky130_fd_sc_hd__dlrtn_2".
ABC: Scl_LibertyReadGenlib() skipped sequential cell "sky130_fd_sc_hd__dlrtn_4".
ABC: Scl_LibertyReadGenlib() skipped sequential cell "sky130_fd_sc_hd__dlrtp_1".
ABC: Scl_LibertyReadGenlib() skipped sequential cell "sky130_fd_sc_hd__dlrtp_2".
ABC: Scl_LibertyReadGenlib() skipped sequential cell "sky130_fd_sc_hd__dlrtp_4".
ABC: Scl_LibertyReadGenlib() skipped sequential cell "sky130_fd_sc_hd__dlxbn_1".
ABC: Scl_LibertyReadGenlib() skipped sequential cell "sky130_fd_sc_hd__dlxbn_2".
ABC: Scl_LibertyReadGenlib() skipped sequential cell "sky130_fd_sc_hd__dlxbp_1".
ABC: Scl_LibertyReadGenlib() skipped sequential cell "sky130_fd_sc_hd__dlxtn_1".
ABC: Scl_LibertyReadGenlib() skipped sequential cell "sky130_fd_sc_hd__dlxtn_2".
ABC: Scl_LibertyReadGenlib() skipped sequential cell "sky130_fd_sc_hd__dlxtn_4".
ABC: Scl_LibertyReadGenlib() skipped sequential cell "sky130_fd_sc_hd__dlxtp_1".
ABC: Scl_LibertyReadGenlib() skipped three-state cell "sky130_fd_sc_hd__ebufn_1".
ABC: Scl_LibertyReadGenlib() skipped three-state cell "sky130_fd_sc_hd__ebufn_2".
ABC: Scl_LibertyReadGenlib() skipped three-state cell "sky130_fd_sc_hd__ebufn_4".
ABC: Scl_LibertyReadGenlib() skipped three-state cell "sky130_fd_sc_hd__ebufn_8".
ABC: Scl_LibertyReadGenlib() skipped sequential cell "sky130_fd_sc_hd__edfxbp_1".
ABC: Scl_LibertyReadGenlib() skipped sequential cell "sky130_fd_sc_hd__edfxtp_1".
ABC: Scl_LibertyReadGenlib() skipped three-state cell "sky130_fd_sc_hd__einvn_0".
ABC: Scl_LibertyReadGenlib() skipped three-state cell "sky130_fd_sc_hd__einvn_1".
ABC: Scl_LibertyReadGenlib() skipped three-state cell "sky130_fd_sc_hd__einvn_2".
ABC: Scl_LibertyReadGenlib() skipped three-state cell "sky130_fd_sc_hd__einvn_4".
ABC: Scl_LibertyReadGenlib() skipped three-state cell "sky130_fd_sc_hd__einvn_8".
ABC: Scl_LibertyReadGenlib() skipped three-state cell "sky130_fd_sc_hd__einvp_1".
ABC: Scl_LibertyReadGenlib() skipped three-state cell "sky130_fd_sc_hd__einvp_2".
ABC: Scl_LibertyReadGenlib() skipped three-state cell "sky130_fd_sc_hd__einvp_4".
ABC: Scl_LibertyReadGenlib() skipped three-state cell "sky130_fd_sc_hd__einvp_8".
ABC: Scl_LibertyReadGenlib() skipped cell "sky130_fd_sc_hd__lpflow_bleeder_1" without logic function.
ABC: Scl_LibertyReadGenlib() skipped cell "sky130_fd_sc_hd__lpflow_decapkapwr_12" without logic function.
ABC: Scl_LibertyReadGenlib() skipped cell "sky130_fd_sc_hd__lpflow_decapkapwr_3" without logic function.
ABC: Scl_LibertyReadGenlib() skipped cell "sky130_fd_sc_hd__lpflow_decapkapwr_4" without logic function.
ABC: Scl_LibertyReadGenlib() skipped cell "sky130_fd_sc_hd__lpflow_decapkapwr_6" without logic function.
ABC: Scl_LibertyReadGenlib() skipped cell "sky130_fd_sc_hd__lpflow_decapkapwr_8" without logic function.
ABC: Scl_LibertyReadGenlib() skipped sequential cell "sky130_fd_sc_hd__lpflow_inputisolatch_1".
ABC: Scl_LibertyReadGenlib() skipped sequential cell "sky130_fd_sc_hd__sdfbbn_1".
ABC: Scl_LibertyReadGenlib() skipped sequential cell "sky130_fd_sc_hd__sdfbbn_2".
ABC: Scl_LibertyReadGenlib() skipped sequential cell "sky130_fd_sc_hd__sdfbbp_1".
ABC: Scl_LibertyReadGenlib() skipped sequential cell "sky130_fd_sc_hd__sdfrbp_1".
ABC: Scl_LibertyReadGenlib() skipped sequential cell "sky130_fd_sc_hd__sdfrbp_2".
ABC: Scl_LibertyReadGenlib() skipped sequential cell "sky130_fd_sc_hd__sdfrtn_1".
ABC: Scl_LibertyReadGenlib() skipped sequential cell "sky130_fd_sc_hd__sdfrtp_1".
ABC: Scl_LibertyReadGenlib() skipped sequential cell "sky130_fd_sc_hd__sdfrtp_2".
ABC: Scl_LibertyReadGenlib() skipped sequential cell "sky130_fd_sc_hd__sdfrtp_4".
ABC: Scl_LibertyReadGenlib() skipped sequential cell "sky130_fd_sc_hd__sdfsbp_1".
ABC: Scl_LibertyReadGenlib() skipped sequential cell "sky130_fd_sc_hd__sdfsbp_2".
ABC: Scl_LibertyReadGenlib() skipped sequential cell "sky130_fd_sc_hd__sdfstp_1".
ABC: Scl_LibertyReadGenlib() skipped sequential cell "sky130_fd_sc_hd__sdfstp_2".
ABC: Scl_LibertyReadGenlib() skipped sequential cell "sky130_fd_sc_hd__sdfstp_4".
ABC: Scl_LibertyReadGenlib() skipped sequential cell "sky130_fd_sc_hd__sdfxbp_1".
ABC: Scl_LibertyReadGenlib() skipped sequential cell "sky130_fd_sc_hd__sdfxbp_2".
ABC: Scl_LibertyReadGenlib() skipped sequential cell "sky130_fd_sc_hd__sdfxtp_1".
ABC: Scl_LibertyReadGenlib() skipped sequential cell "sky130_fd_sc_hd__sdfxtp_2".
ABC: Scl_LibertyReadGenlib() skipped sequential cell "sky130_fd_sc_hd__sdfxtp_4".
ABC: Scl_LibertyReadGenlib() skipped cell "sky130_fd_sc_hd__sdlclkp_1" without logic function.
ABC: Scl_LibertyReadGenlib() skipped cell "sky130_fd_sc_hd__sdlclkp_2" without logic function.
ABC: Scl_LibertyReadGenlib() skipped cell "sky130_fd_sc_hd__sdlclkp_4" without logic function.
ABC: Scl_LibertyReadGenlib() skipped sequential cell "sky130_fd_sc_hd__sedfxbp_1".
ABC: Scl_LibertyReadGenlib() skipped sequential cell "sky130_fd_sc_hd__sedfxbp_2".
ABC: Scl_LibertyReadGenlib() skipped sequential cell "sky130_fd_sc_hd__sedfxtp_1".
ABC: Scl_LibertyReadGenlib() skipped sequential cell "sky130_fd_sc_hd__sedfxtp_2".
ABC: Scl_LibertyReadGenlib() skipped sequential cell "sky130_fd_sc_hd__sedfxtp_4".
ABC: Library "sky130_fd_sc_hd__tt_025C_1v80" from "/home/deep/nielit/projects/picorv32_soc_final/openlane_design/src/../../openlane_design/libs/sky130_fd_sc_hd__tt_025C_1v80.lib" has 334 cells (94 skipped: 63 seq; 13 tri-state; 18 no func; 0 dont_use; 0 with 2 outputs; 0 with 3+ outputs).  Time =     0.09 sec
ABC: Memory =   19.85 MB. Time =     0.09 sec
ABC: Warning: Detected 9 multi-output cells (for example, "sky130_fd_sc_hd__fa_1").
ABC: + strash 
ABC: + &get -n 
ABC: + &fraig -x 
ABC: + &put 
ABC: + scorr 
ABC: Warning: The network is combinational (run "fraig" or "fraig_sweep").
ABC: + dc2 
ABC: + dretime 
ABC: + strash 
ABC: + &get -n 
ABC: + &dch -f 
ABC: + &nf 
ABC: + &put 
ABC: + write_blif <abc-temp-dir>/output.blif 
ABC: 
ABC: YOSYS_ABC_DONE 

12.3.2. Re-integrating ABC results.
ABC RESULTS:   sky130_fd_sc_hd__a21o_1 cells:        1
ABC RESULTS:   sky130_fd_sc_hd__a21oi_1 cells:        9
ABC RESULTS:   sky130_fd_sc_hd__a22oi_1 cells:        1
ABC RESULTS:   sky130_fd_sc_hd__a31o_1 cells:        1
ABC RESULTS:   sky130_fd_sc_hd__a31oi_1 cells:        3
ABC RESULTS:   sky130_fd_sc_hd__and3_1 cells:        4
ABC RESULTS:   sky130_fd_sc_hd__and4_1 cells:        2
ABC RESULTS:   sky130_fd_sc_hd__clkinv_1 cells:       42
ABC RESULTS:   sky130_fd_sc_hd__lpflow_inputiso1p_1 cells:        2
ABC RESULTS:   sky130_fd_sc_hd__lpflow_isobufsrc_1 cells:        1
ABC RESULTS:   sky130_fd_sc_hd__mux2_1 cells:       16
ABC RESULTS:   sky130_fd_sc_hd__mux2i_1 cells:        2
ABC RESULTS:   sky130_fd_sc_hd__nand2_1 cells:       11
ABC RESULTS:   sky130_fd_sc_hd__nand2b_1 cells:        1
ABC RESULTS:   sky130_fd_sc_hd__nand3_1 cells:        3
ABC RESULTS:   sky130_fd_sc_hd__nand4_1 cells:        2
ABC RESULTS:   sky130_fd_sc_hd__nand4b_1 cells:        1
ABC RESULTS:   sky130_fd_sc_hd__nor2_1 cells:        5
ABC RESULTS:   sky130_fd_sc_hd__nor3_1 cells:        4
ABC RESULTS:   sky130_fd_sc_hd__nor4b_1 cells:        2
ABC RESULTS:   sky130_fd_sc_hd__nor4bb_1 cells:        2
ABC RESULTS:   sky130_fd_sc_hd__o21a_1 cells:        1
ABC RESULTS:   sky130_fd_sc_hd__o21ai_0 cells:        8
ABC RESULTS:   sky130_fd_sc_hd__o22ai_1 cells:        2
ABC RESULTS:   sky130_fd_sc_hd__o311ai_0 cells:        2
ABC RESULTS:   sky130_fd_sc_hd__o31ai_1 cells:        2
ABC RESULTS:   sky130_fd_sc_hd__or3_1 cells:        1
ABC RESULTS:   sky130_fd_sc_hd__or4_1 cells:        1
ABC RESULTS:   sky130_fd_sc_hd__or4b_1 cells:        1
ABC RESULTS:   sky130_fd_sc_hd__xnor2_1 cells:        2
ABC RESULTS:        internal signals:      108
ABC RESULTS:           input signals:       35
ABC RESULTS:          output signals:       70
Removing temp directory.

12.4. Extracting gate netlist of module `\axi_decoder' to `<abc-temp-dir>/input.blif'..

12.4.1. Executed ABC.
Extracted 32 gates and 60 wires to a netlist network with 28 inputs and 3 outputs.
Running ABC script: <abc-temp-dir>/abc.script
ABC: UC Berkeley, ABC 1.01 (compiled Mar 19 2026 03:41:46)
ABC: abc 01> empty
ABC: abc 01> source <abc-temp-dir>/abc.script
ABC: + read_blif <abc-temp-dir>/input.blif 
ABC: + read_lib -w /home/deep/nielit/projects/picorv32_soc_final/openlane_design/src/../../openlane_design/libs/sky130_fd_sc_hd__tt_025C_1v80.lib 
ABC: Parsing finished successfully.  Parsing time =     0.06 sec
ABC: Scl_LibertyReadGenlib() skipped cell "sky130_fd_sc_hd__decap_12" without logic function.
ABC: Scl_LibertyReadGenlib() skipped cell "sky130_fd_sc_hd__decap_3" without logic function.
ABC: Scl_LibertyReadGenlib() skipped cell "sky130_fd_sc_hd__decap_4" without logic function.
ABC: Scl_LibertyReadGenlib() skipped cell "sky130_fd_sc_hd__decap_6" without logic function.
ABC: Scl_LibertyReadGenlib() skipped cell "sky130_fd_sc_hd__decap_8" without logic function.
ABC: Scl_LibertyReadGenlib() skipped sequential cell "sky130_fd_sc_hd__dfbbn_1".
ABC: Scl_LibertyReadGenlib() skipped sequential cell "sky130_fd_sc_hd__dfbbn_2".
ABC: Scl_LibertyReadGenlib() skipped sequential cell "sky130_fd_sc_hd__dfbbp_1".
ABC: Scl_LibertyReadGenlib() skipped sequential cell "sky130_fd_sc_hd__dfrbp_1".
ABC: Scl_LibertyReadGenlib() skipped sequential cell "sky130_fd_sc_hd__dfrbp_2".
ABC: Scl_LibertyReadGenlib() skipped sequential cell "sky130_fd_sc_hd__dfrtn_1".
ABC: Scl_LibertyReadGenlib() skipped sequential cell "sky130_fd_sc_hd__dfrtp_1".
ABC: Scl_LibertyReadGenlib() skipped sequential cell "sky130_fd_sc_hd__dfrtp_2".
ABC: Scl_LibertyReadGenlib() skipped sequential cell "sky130_fd_sc_hd__dfrtp_4".
ABC: Scl_LibertyReadGenlib() skipped sequential cell "sky130_fd_sc_hd__dfsbp_1".
ABC: Scl_LibertyReadGenlib() skipped sequential cell "sky130_fd_sc_hd__dfsbp_2".
ABC: Scl_LibertyReadGenlib() skipped sequential cell "sky130_fd_sc_hd__dfstp_1".
ABC: Scl_LibertyReadGenlib() skipped sequential cell "sky130_fd_sc_hd__dfstp_2".
ABC: Scl_LibertyReadGenlib() skipped sequential cell "sky130_fd_sc_hd__dfstp_4".
ABC: Scl_LibertyReadGenlib() skipped sequential cell "sky130_fd_sc_hd__dfxbp_1".
ABC: Scl_LibertyReadGenlib() skipped sequential cell "sky130_fd_sc_hd__dfxbp_2".
ABC: Scl_LibertyReadGenlib() skipped sequential cell "sky130_fd_sc_hd__dfxtp_1".
ABC: Scl_LibertyReadGenlib() skipped sequential cell "sky130_fd_sc_hd__dfxtp_2".
ABC: Scl_LibertyReadGenlib() skipped sequential cell "sky130_fd_sc_hd__dfxtp_4".
ABC: Scl_LibertyReadGenlib() skipped cell "sky130_fd_sc_hd__diode_2" without logic function.
ABC: Scl_LibertyReadGenlib() skipped cell "sky130_fd_sc_hd__dlclkp_1" without logic function.
ABC: Scl_LibertyReadGenlib() skipped cell "sky130_fd_sc_hd__dlclkp_2" without logic function.
ABC: Scl_LibertyReadGenlib() skipped cell "sky130_fd_sc_hd__dlclkp_4" without logic function.
ABC: Scl_LibertyReadGenlib() skipped sequential cell "sky130_fd_sc_hd__dlrbn_1".
ABC: Scl_LibertyReadGenlib() skipped sequential cell "sky130_fd_sc_hd__dlrbn_2".
ABC: Scl_LibertyReadGenlib() skipped sequential cell "sky130_fd_sc_hd__dlrbp_1".
ABC: Scl_LibertyReadGenlib() skipped sequential cell "sky130_fd_sc_hd__dlrbp_2".
ABC: Scl_LibertyReadGenlib() skipped sequential cell "sky130_fd_sc_hd__dlrtn_1".
ABC: Scl_LibertyReadGenlib() skipped sequential cell "sky130_fd_sc_hd__dlrtn_2".
ABC: Scl_LibertyReadGenlib() skipped sequential cell "sky130_fd_sc_hd__dlrtn_4".
ABC: Scl_LibertyReadGenlib() skipped sequential cell "sky130_fd_sc_hd__dlrtp_1".
ABC: Scl_LibertyReadGenlib() skipped sequential cell "sky130_fd_sc_hd__dlrtp_2".
ABC: Scl_LibertyReadGenlib() skipped sequential cell "sky130_fd_sc_hd__dlrtp_4".
ABC: Scl_LibertyReadGenlib() skipped sequential cell "sky130_fd_sc_hd__dlxbn_1".
ABC: Scl_LibertyReadGenlib() skipped sequential cell "sky130_fd_sc_hd__dlxbn_2".
ABC: Scl_LibertyReadGenlib() skipped sequential cell "sky130_fd_sc_hd__dlxbp_1".
ABC: Scl_LibertyReadGenlib() skipped sequential cell "sky130_fd_sc_hd__dlxtn_1".
ABC: Scl_LibertyReadGenlib() skipped sequential cell "sky130_fd_sc_hd__dlxtn_2".
ABC: Scl_LibertyReadGenlib() skipped sequential cell "sky130_fd_sc_hd__dlxtn_4".
ABC: Scl_LibertyReadGenlib() skipped sequential cell "sky130_fd_sc_hd__dlxtp_1".
ABC: Scl_LibertyReadGenlib() skipped three-state cell "sky130_fd_sc_hd__ebufn_1".
ABC: Scl_LibertyReadGenlib() skipped three-state cell "sky130_fd_sc_hd__ebufn_2".
ABC: Scl_LibertyReadGenlib() skipped three-state cell "sky130_fd_sc_hd__ebufn_4".
ABC: Scl_LibertyReadGenlib() skipped three-state cell "sky130_fd_sc_hd__ebufn_8".
ABC: Scl_LibertyReadGenlib() skipped sequential cell "sky130_fd_sc_hd__edfxbp_1".
ABC: Scl_LibertyReadGenlib() skipped sequential cell "sky130_fd_sc_hd__edfxtp_1".
ABC: Scl_LibertyReadGenlib() skipped three-state cell "sky130_fd_sc_hd__einvn_0".
ABC: Scl_LibertyReadGenlib() skipped three-state cell "sky130_fd_sc_hd__einvn_1".
ABC: Scl_LibertyReadGenlib() skipped three-state cell "sky130_fd_sc_hd__einvn_2".
ABC: Scl_LibertyReadGenlib() skipped three-state cell "sky130_fd_sc_hd__einvn_4".
ABC: Scl_LibertyReadGenlib() skipped three-state cell "sky130_fd_sc_hd__einvn_8".
ABC: Scl_LibertyReadGenlib() skipped three-state cell "sky130_fd_sc_hd__einvp_1".
ABC: Scl_LibertyReadGenlib() skipped three-state cell "sky130_fd_sc_hd__einvp_2".
ABC: Scl_LibertyReadGenlib() skipped three-state cell "sky130_fd_sc_hd__einvp_4".
ABC: Scl_LibertyReadGenlib() skipped three-state cell "sky130_fd_sc_hd__einvp_8".
ABC: Scl_LibertyReadGenlib() skipped cell "sky130_fd_sc_hd__lpflow_bleeder_1" without logic function.
ABC: Scl_LibertyReadGenlib() skipped cell "sky130_fd_sc_hd__lpflow_decapkapwr_12" without logic function.
ABC: Scl_LibertyReadGenlib() skipped cell "sky130_fd_sc_hd__lpflow_decapkapwr_3" without logic function.
ABC: Scl_LibertyReadGenlib() skipped cell "sky130_fd_sc_hd__lpflow_decapkapwr_4" without logic function.
ABC: Scl_LibertyReadGenlib() skipped cell "sky130_fd_sc_hd__lpflow_decapkapwr_6" without logic function.
ABC: Scl_LibertyReadGenlib() skipped cell "sky130_fd_sc_hd__lpflow_decapkapwr_8" without logic function.
ABC: Scl_LibertyReadGenlib() skipped sequential cell "sky130_fd_sc_hd__lpflow_inputisolatch_1".
ABC: Scl_LibertyReadGenlib() skipped sequential cell "sky130_fd_sc_hd__sdfbbn_1".
ABC: Scl_LibertyReadGenlib() skipped sequential cell "sky130_fd_sc_hd__sdfbbn_2".
ABC: Scl_LibertyReadGenlib() skipped sequential cell "sky130_fd_sc_hd__sdfbbp_1".
ABC: Scl_LibertyReadGenlib() skipped sequential cell "sky130_fd_sc_hd__sdfrbp_1".
ABC: Scl_LibertyReadGenlib() skipped sequential cell "sky130_fd_sc_hd__sdfrbp_2".
ABC: Scl_LibertyReadGenlib() skipped sequential cell "sky130_fd_sc_hd__sdfrtn_1".
ABC: Scl_LibertyReadGenlib() skipped sequential cell "sky130_fd_sc_hd__sdfrtp_1".
ABC: Scl_LibertyReadGenlib() skipped sequential cell "sky130_fd_sc_hd__sdfrtp_2".
ABC: Scl_LibertyReadGenlib() skipped sequential cell "sky130_fd_sc_hd__sdfrtp_4".
ABC: Scl_LibertyReadGenlib() skipped sequential cell "sky130_fd_sc_hd__sdfsbp_1".
ABC: Scl_LibertyReadGenlib() skipped sequential cell "sky130_fd_sc_hd__sdfsbp_2".
ABC: Scl_LibertyReadGenlib() skipped sequential cell "sky130_fd_sc_hd__sdfstp_1".
ABC: Scl_LibertyReadGenlib() skipped sequential cell "sky130_fd_sc_hd__sdfstp_2".
ABC: Scl_LibertyReadGenlib() skipped sequential cell "sky130_fd_sc_hd__sdfstp_4".
ABC: Scl_LibertyReadGenlib() skipped sequential cell "sky130_fd_sc_hd__sdfxbp_1".
ABC: Scl_LibertyReadGenlib() skipped sequential cell "sky130_fd_sc_hd__sdfxbp_2".
ABC: Scl_LibertyReadGenlib() skipped sequential cell "sky130_fd_sc_hd__sdfxtp_1".
ABC: Scl_LibertyReadGenlib() skipped sequential cell "sky130_fd_sc_hd__sdfxtp_2".
ABC: Scl_LibertyReadGenlib() skipped sequential cell "sky130_fd_sc_hd__sdfxtp_4".
ABC: Scl_LibertyReadGenlib() skipped cell "sky130_fd_sc_hd__sdlclkp_1" without logic function.
ABC: Scl_LibertyReadGenlib() skipped cell "sky130_fd_sc_hd__sdlclkp_2" without logic function.
ABC: Scl_LibertyReadGenlib() skipped cell "sky130_fd_sc_hd__sdlclkp_4" without logic function.
ABC: Scl_LibertyReadGenlib() skipped sequential cell "sky130_fd_sc_hd__sedfxbp_1".
ABC: Scl_LibertyReadGenlib() skipped sequential cell "sky130_fd_sc_hd__sedfxbp_2".
ABC: Scl_LibertyReadGenlib() skipped sequential cell "sky130_fd_sc_hd__sedfxtp_1".
ABC: Scl_LibertyReadGenlib() skipped sequential cell "sky130_fd_sc_hd__sedfxtp_2".
ABC: Scl_LibertyReadGenlib() skipped sequential cell "sky130_fd_sc_hd__sedfxtp_4".
ABC: Library "sky130_fd_sc_hd__tt_025C_1v80" from "/home/deep/nielit/projects/picorv32_soc_final/openlane_design/src/../../openlane_design/libs/sky130_fd_sc_hd__tt_025C_1v80.lib" has 334 cells (94 skipped: 63 seq; 13 tri-state; 18 no func; 0 dont_use; 0 with 2 outputs; 0 with 3+ outputs).  Time =     0.10 sec
ABC: Memory =   19.85 MB. Time =     0.10 sec
ABC: Warning: Detected 9 multi-output cells (for example, "sky130_fd_sc_hd__fa_1").
ABC: + strash 
ABC: + &get -n 
ABC: + &fraig -x 
ABC: + &put 
ABC: + scorr 
ABC: Warning: The network is combinational (run "fraig" or "fraig_sweep").
ABC: + dc2 
ABC: + dretime 
ABC: + strash 
ABC: + &get -n 
ABC: + &dch -f 
ABC: + &nf 
ABC: + &put 
ABC: + write_blif <abc-temp-dir>/output.blif 
ABC: 
ABC: YOSYS_ABC_DONE 

12.4.2. Re-integrating ABC results.
ABC RESULTS:   sky130_fd_sc_hd__nand2_1 cells:        3
ABC RESULTS:   sky130_fd_sc_hd__nand4_1 cells:        1
ABC RESULTS:   sky130_fd_sc_hd__nor2_1 cells:        3
ABC RESULTS:   sky130_fd_sc_hd__nor3_1 cells:        4
ABC RESULTS:   sky130_fd_sc_hd__nor4_1 cells:        4
ABC RESULTS:   sky130_fd_sc_hd__nor4b_1 cells:        1
ABC RESULTS:        internal signals:       29
ABC RESULTS:           input signals:       28
ABC RESULTS:          output signals:        3
Removing temp directory.

12.5. Extracting gate netlist of module `\axi_lite_interconnect' to `<abc-temp-dir>/input.blif'..

12.5.1. Executed ABC.
Extracted 216 gates and 359 wires to a netlist network with 143 inputs and 72 outputs.
Running ABC script: <abc-temp-dir>/abc.script
ABC: UC Berkeley, ABC 1.01 (compiled Mar 19 2026 03:41:46)
ABC: abc 01> empty
ABC: abc 01> source <abc-temp-dir>/abc.script
ABC: + read_blif <abc-temp-dir>/input.blif 
ABC: + read_lib -w /home/deep/nielit/projects/picorv32_soc_final/openlane_design/src/../../openlane_design/libs/sky130_fd_sc_hd__tt_025C_1v80.lib 
ABC: Parsing finished successfully.  Parsing time =     0.07 sec
ABC: Scl_LibertyReadGenlib() skipped cell "sky130_fd_sc_hd__decap_12" without logic function.
ABC: Scl_LibertyReadGenlib() skipped cell "sky130_fd_sc_hd__decap_3" without logic function.
ABC: Scl_LibertyReadGenlib() skipped cell "sky130_fd_sc_hd__decap_4" without logic function.
ABC: Scl_LibertyReadGenlib() skipped cell "sky130_fd_sc_hd__decap_6" without logic function.
ABC: Scl_LibertyReadGenlib() skipped cell "sky130_fd_sc_hd__decap_8" without logic function.
ABC: Scl_LibertyReadGenlib() skipped sequential cell "sky130_fd_sc_hd__dfbbn_1".
ABC: Scl_LibertyReadGenlib() skipped sequential cell "sky130_fd_sc_hd__dfbbn_2".
ABC: Scl_LibertyReadGenlib() skipped sequential cell "sky130_fd_sc_hd__dfbbp_1".
ABC: Scl_LibertyReadGenlib() skipped sequential cell "sky130_fd_sc_hd__dfrbp_1".
ABC: Scl_LibertyReadGenlib() skipped sequential cell "sky130_fd_sc_hd__dfrbp_2".
ABC: Scl_LibertyReadGenlib() skipped sequential cell "sky130_fd_sc_hd__dfrtn_1".
ABC: Scl_LibertyReadGenlib() skipped sequential cell "sky130_fd_sc_hd__dfrtp_1".
ABC: Scl_LibertyReadGenlib() skipped sequential cell "sky130_fd_sc_hd__dfrtp_2".
ABC: Scl_LibertyReadGenlib() skipped sequential cell "sky130_fd_sc_hd__dfrtp_4".
ABC: Scl_LibertyReadGenlib() skipped sequential cell "sky130_fd_sc_hd__dfsbp_1".
ABC: Scl_LibertyReadGenlib() skipped sequential cell "sky130_fd_sc_hd__dfsbp_2".
ABC: Scl_LibertyReadGenlib() skipped sequential cell "sky130_fd_sc_hd__dfstp_1".
ABC: Scl_LibertyReadGenlib() skipped sequential cell "sky130_fd_sc_hd__dfstp_2".
ABC: Scl_LibertyReadGenlib() skipped sequential cell "sky130_fd_sc_hd__dfstp_4".
ABC: Scl_LibertyReadGenlib() skipped sequential cell "sky130_fd_sc_hd__dfxbp_1".
ABC: Scl_LibertyReadGenlib() skipped sequential cell "sky130_fd_sc_hd__dfxbp_2".
ABC: Scl_LibertyReadGenlib() skipped sequential cell "sky130_fd_sc_hd__dfxtp_1".
ABC: Scl_LibertyReadGenlib() skipped sequential cell "sky130_fd_sc_hd__dfxtp_2".
ABC: Scl_LibertyReadGenlib() skipped sequential cell "sky130_fd_sc_hd__dfxtp_4".
ABC: Scl_LibertyReadGenlib() skipped cell "sky130_fd_sc_hd__diode_2" without logic function.
ABC: Scl_LibertyReadGenlib() skipped cell "sky130_fd_sc_hd__dlclkp_1" without logic function.
ABC: Scl_LibertyReadGenlib() skipped cell "sky130_fd_sc_hd__dlclkp_2" without logic function.
ABC: Scl_LibertyReadGenlib() skipped cell "sky130_fd_sc_hd__dlclkp_4" without logic function.
ABC: Scl_LibertyReadGenlib() skipped sequential cell "sky130_fd_sc_hd__dlrbn_1".
ABC: Scl_LibertyReadGenlib() skipped sequential cell "sky130_fd_sc_hd__dlrbn_2".
ABC: Scl_LibertyReadGenlib() skipped sequential cell "sky130_fd_sc_hd__dlrbp_1".
ABC: Scl_LibertyReadGenlib() skipped sequential cell "sky130_fd_sc_hd__dlrbp_2".
ABC: Scl_LibertyReadGenlib() skipped sequential cell "sky130_fd_sc_hd__dlrtn_1".
ABC: Scl_LibertyReadGenlib() skipped sequential cell "sky130_fd_sc_hd__dlrtn_2".
ABC: Scl_LibertyReadGenlib() skipped sequential cell "sky130_fd_sc_hd__dlrtn_4".
ABC: Scl_LibertyReadGenlib() skipped sequential cell "sky130_fd_sc_hd__dlrtp_1".
ABC: Scl_LibertyReadGenlib() skipped sequential cell "sky130_fd_sc_hd__dlrtp_2".
ABC: Scl_LibertyReadGenlib() skipped sequential cell "sky130_fd_sc_hd__dlrtp_4".
ABC: Scl_LibertyReadGenlib() skipped sequential cell "sky130_fd_sc_hd__dlxbn_1".
ABC: Scl_LibertyReadGenlib() skipped sequential cell "sky130_fd_sc_hd__dlxbn_2".
ABC: Scl_LibertyReadGenlib() skipped sequential cell "sky130_fd_sc_hd__dlxbp_1".
ABC: Scl_LibertyReadGenlib() skipped sequential cell "sky130_fd_sc_hd__dlxtn_1".
ABC: Scl_LibertyReadGenlib() skipped sequential cell "sky130_fd_sc_hd__dlxtn_2".
ABC: Scl_LibertyReadGenlib() skipped sequential cell "sky130_fd_sc_hd__dlxtn_4".
ABC: Scl_LibertyReadGenlib() skipped sequential cell "sky130_fd_sc_hd__dlxtp_1".
ABC: Scl_LibertyReadGenlib() skipped three-state cell "sky130_fd_sc_hd__ebufn_1".
ABC: Scl_LibertyReadGenlib() skipped three-state cell "sky130_fd_sc_hd__ebufn_2".
ABC: Scl_LibertyReadGenlib() skipped three-state cell "sky130_fd_sc_hd__ebufn_4".
ABC: Scl_LibertyReadGenlib() skipped three-state cell "sky130_fd_sc_hd__ebufn_8".
ABC: Scl_LibertyReadGenlib() skipped sequential cell "sky130_fd_sc_hd__edfxbp_1".
ABC: Scl_LibertyReadGenlib() skipped sequential cell "sky130_fd_sc_hd__edfxtp_1".
ABC: Scl_LibertyReadGenlib() skipped three-state cell "sky130_fd_sc_hd__einvn_0".
ABC: Scl_LibertyReadGenlib() skipped three-state cell "sky130_fd_sc_hd__einvn_1".
ABC: Scl_LibertyReadGenlib() skipped three-state cell "sky130_fd_sc_hd__einvn_2".
ABC: Scl_LibertyReadGenlib() skipped three-state cell "sky130_fd_sc_hd__einvn_4".
ABC: Scl_LibertyReadGenlib() skipped three-state cell "sky130_fd_sc_hd__einvn_8".
ABC: Scl_LibertyReadGenlib() skipped three-state cell "sky130_fd_sc_hd__einvp_1".
ABC: Scl_LibertyReadGenlib() skipped three-state cell "sky130_fd_sc_hd__einvp_2".
ABC: Scl_LibertyReadGenlib() skipped three-state cell "sky130_fd_sc_hd__einvp_4".
ABC: Scl_LibertyReadGenlib() skipped three-state cell "sky130_fd_sc_hd__einvp_8".
ABC: Scl_LibertyReadGenlib() skipped cell "sky130_fd_sc_hd__lpflow_bleeder_1" without logic function.
ABC: Scl_LibertyReadGenlib() skipped cell "sky130_fd_sc_hd__lpflow_decapkapwr_12" without logic function.
ABC: Scl_LibertyReadGenlib() skipped cell "sky130_fd_sc_hd__lpflow_decapkapwr_3" without logic function.
ABC: Scl_LibertyReadGenlib() skipped cell "sky130_fd_sc_hd__lpflow_decapkapwr_4" without logic function.
ABC: Scl_LibertyReadGenlib() skipped cell "sky130_fd_sc_hd__lpflow_decapkapwr_6" without logic function.
ABC: Scl_LibertyReadGenlib() skipped cell "sky130_fd_sc_hd__lpflow_decapkapwr_8" without logic function.
ABC: Scl_LibertyReadGenlib() skipped sequential cell "sky130_fd_sc_hd__lpflow_inputisolatch_1".
ABC: Scl_LibertyReadGenlib() skipped sequential cell "sky130_fd_sc_hd__sdfbbn_1".
ABC: Scl_LibertyReadGenlib() skipped sequential cell "sky130_fd_sc_hd__sdfbbn_2".
ABC: Scl_LibertyReadGenlib() skipped sequential cell "sky130_fd_sc_hd__sdfbbp_1".
ABC: Scl_LibertyReadGenlib() skipped sequential cell "sky130_fd_sc_hd__sdfrbp_1".
ABC: Scl_LibertyReadGenlib() skipped sequential cell "sky130_fd_sc_hd__sdfrbp_2".
ABC: Scl_LibertyReadGenlib() skipped sequential cell "sky130_fd_sc_hd__sdfrtn_1".
ABC: Scl_LibertyReadGenlib() skipped sequential cell "sky130_fd_sc_hd__sdfrtp_1".
ABC: Scl_LibertyReadGenlib() skipped sequential cell "sky130_fd_sc_hd__sdfrtp_2".
ABC: Scl_LibertyReadGenlib() skipped sequential cell "sky130_fd_sc_hd__sdfrtp_4".
ABC: Scl_LibertyReadGenlib() skipped sequential cell "sky130_fd_sc_hd__sdfsbp_1".
ABC: Scl_LibertyReadGenlib() skipped sequential cell "sky130_fd_sc_hd__sdfsbp_2".
ABC: Scl_LibertyReadGenlib() skipped sequential cell "sky130_fd_sc_hd__sdfstp_1".
ABC: Scl_LibertyReadGenlib() skipped sequential cell "sky130_fd_sc_hd__sdfstp_2".
ABC: Scl_LibertyReadGenlib() skipped sequential cell "sky130_fd_sc_hd__sdfstp_4".
ABC: Scl_LibertyReadGenlib() skipped sequential cell "sky130_fd_sc_hd__sdfxbp_1".
ABC: Scl_LibertyReadGenlib() skipped sequential cell "sky130_fd_sc_hd__sdfxbp_2".
ABC: Scl_LibertyReadGenlib() skipped sequential cell "sky130_fd_sc_hd__sdfxtp_1".
ABC: Scl_LibertyReadGenlib() skipped sequential cell "sky130_fd_sc_hd__sdfxtp_2".
ABC: Scl_LibertyReadGenlib() skipped sequential cell "sky130_fd_sc_hd__sdfxtp_4".
ABC: Scl_LibertyReadGenlib() skipped cell "sky130_fd_sc_hd__sdlclkp_1" without logic function.
ABC: Scl_LibertyReadGenlib() skipped cell "sky130_fd_sc_hd__sdlclkp_2" without logic function.
ABC: Scl_LibertyReadGenlib() skipped cell "sky130_fd_sc_hd__sdlclkp_4" without logic function.
ABC: Scl_LibertyReadGenlib() skipped sequential cell "sky130_fd_sc_hd__sedfxbp_1".
ABC: Scl_LibertyReadGenlib() skipped sequential cell "sky130_fd_sc_hd__sedfxbp_2".
ABC: Scl_LibertyReadGenlib() skipped sequential cell "sky130_fd_sc_hd__sedfxtp_1".
ABC: Scl_LibertyReadGenlib() skipped sequential cell "sky130_fd_sc_hd__sedfxtp_2".
ABC: Scl_LibertyReadGenlib() skipped sequential cell "sky130_fd_sc_hd__sedfxtp_4".
ABC: Library "sky130_fd_sc_hd__tt_025C_1v80" from "/home/deep/nielit/projects/picorv32_soc_final/openlane_design/src/../../openlane_design/libs/sky130_fd_sc_hd__tt_025C_1v80.lib" has 334 cells (94 skipped: 63 seq; 13 tri-state; 18 no func; 0 dont_use; 0 with 2 outputs; 0 with 3+ outputs).  Time =     0.10 sec
ABC: Memory =   19.85 MB. Time =     0.10 sec
ABC: Warning: Detected 9 multi-output cells (for example, "sky130_fd_sc_hd__fa_1").
ABC: + strash 
ABC: + &get -n 
ABC: + &fraig -x 
ABC: + &put 
ABC: + scorr 
ABC: Warning: The network is combinational (run "fraig" or "fraig_sweep").
ABC: + dc2 
ABC: + dretime 
ABC: + strash 
ABC: + &get -n 
ABC: + &dch -f 
ABC: + &nf 
ABC: + &put 
ABC: + write_blif <abc-temp-dir>/output.blif 
ABC: 
ABC: YOSYS_ABC_DONE 

12.5.2. Re-integrating ABC results.
ABC RESULTS:   sky130_fd_sc_hd__a21o_1 cells:        2
ABC RESULTS:   sky130_fd_sc_hd__a21oi_1 cells:        3
ABC RESULTS:   sky130_fd_sc_hd__a221oi_1 cells:       33
ABC RESULTS:   sky130_fd_sc_hd__a222oi_1 cells:        4
ABC RESULTS:   sky130_fd_sc_hd__a22oi_1 cells:        1
ABC RESULTS:   sky130_fd_sc_hd__and2_0 cells:       16
ABC RESULTS:   sky130_fd_sc_hd__clkinv_1 cells:       12
ABC RESULTS:   sky130_fd_sc_hd__lpflow_isobufsrc_1 cells:        3
ABC RESULTS:   sky130_fd_sc_hd__mux2_1 cells:       12
ABC RESULTS:   sky130_fd_sc_hd__mux2i_1 cells:        3
ABC RESULTS:   sky130_fd_sc_hd__nand2_1 cells:        3
ABC RESULTS:   sky130_fd_sc_hd__nand2b_1 cells:        2
ABC RESULTS:   sky130_fd_sc_hd__nor2_1 cells:       69
ABC RESULTS:   sky130_fd_sc_hd__o22ai_1 cells:        3
ABC RESULTS:        internal signals:      144
ABC RESULTS:           input signals:      143
ABC RESULTS:          output signals:       72
Removing temp directory.

12.6. Extracting gate netlist of module `$paramod$5f39f8b646aa95582e6f088ce64c0e154e784a4a\picorv32' to `<abc-temp-dir>/input.blif'..
Replacing 64 occurrences of constant undef bits with constant zero bits

12.6.1. Executed ABC.
Extracted 7665 gates and 9138 wires to a netlist network with 1470 inputs and 551 outputs.
Running ABC script: <abc-temp-dir>/abc.script
ABC: UC Berkeley, ABC 1.01 (compiled Mar 19 2026 03:41:46)
ABC: abc 01> empty
ABC: abc 01> source <abc-temp-dir>/abc.script
ABC: + read_blif <abc-temp-dir>/input.blif 
ABC: + read_lib -w /home/deep/nielit/projects/picorv32_soc_final/openlane_design/src/../../openlane_design/libs/sky130_fd_sc_hd__tt_025C_1v80.lib 
ABC: Parsing finished successfully.  Parsing time =     0.06 sec
ABC: Scl_LibertyReadGenlib() skipped cell "sky130_fd_sc_hd__decap_12" without logic function.
ABC: Scl_LibertyReadGenlib() skipped cell "sky130_fd_sc_hd__decap_3" without logic function.
ABC: Scl_LibertyReadGenlib() skipped cell "sky130_fd_sc_hd__decap_4" without logic function.
ABC: Scl_LibertyReadGenlib() skipped cell "sky130_fd_sc_hd__decap_6" without logic function.
ABC: Scl_LibertyReadGenlib() skipped cell "sky130_fd_sc_hd__decap_8" without logic function.
ABC: Scl_LibertyReadGenlib() skipped sequential cell "sky130_fd_sc_hd__dfbbn_1".
ABC: Scl_LibertyReadGenlib() skipped sequential cell "sky130_fd_sc_hd__dfbbn_2".
ABC: Scl_LibertyReadGenlib() skipped sequential cell "sky130_fd_sc_hd__dfbbp_1".
ABC: Scl_LibertyReadGenlib() skipped sequential cell "sky130_fd_sc_hd__dfrbp_1".
ABC: Scl_LibertyReadGenlib() skipped sequential cell "sky130_fd_sc_hd__dfrbp_2".
ABC: Scl_LibertyReadGenlib() skipped sequential cell "sky130_fd_sc_hd__dfrtn_1".
ABC: Scl_LibertyReadGenlib() skipped sequential cell "sky130_fd_sc_hd__dfrtp_1".
ABC: Scl_LibertyReadGenlib() skipped sequential cell "sky130_fd_sc_hd__dfrtp_2".
ABC: Scl_LibertyReadGenlib() skipped sequential cell "sky130_fd_sc_hd__dfrtp_4".
ABC: Scl_LibertyReadGenlib() skipped sequential cell "sky130_fd_sc_hd__dfsbp_1".
ABC: Scl_LibertyReadGenlib() skipped sequential cell "sky130_fd_sc_hd__dfsbp_2".
ABC: Scl_LibertyReadGenlib() skipped sequential cell "sky130_fd_sc_hd__dfstp_1".
ABC: Scl_LibertyReadGenlib() skipped sequential cell "sky130_fd_sc_hd__dfstp_2".
ABC: Scl_LibertyReadGenlib() skipped sequential cell "sky130_fd_sc_hd__dfstp_4".
ABC: Scl_LibertyReadGenlib() skipped sequential cell "sky130_fd_sc_hd__dfxbp_1".
ABC: Scl_LibertyReadGenlib() skipped sequential cell "sky130_fd_sc_hd__dfxbp_2".
ABC: Scl_LibertyReadGenlib() skipped sequential cell "sky130_fd_sc_hd__dfxtp_1".
ABC: Scl_LibertyReadGenlib() skipped sequential cell "sky130_fd_sc_hd__dfxtp_2".
ABC: Scl_LibertyReadGenlib() skipped sequential cell "sky130_fd_sc_hd__dfxtp_4".
ABC: Scl_LibertyReadGenlib() skipped cell "sky130_fd_sc_hd__diode_2" without logic function.
ABC: Scl_LibertyReadGenlib() skipped cell "sky130_fd_sc_hd__dlclkp_1" without logic function.
ABC: Scl_LibertyReadGenlib() skipped cell "sky130_fd_sc_hd__dlclkp_2" without logic function.
ABC: Scl_LibertyReadGenlib() skipped cell "sky130_fd_sc_hd__dlclkp_4" without logic function.
ABC: Scl_LibertyReadGenlib() skipped sequential cell "sky130_fd_sc_hd__dlrbn_1".
ABC: Scl_LibertyReadGenlib() skipped sequential cell "sky130_fd_sc_hd__dlrbn_2".
ABC: Scl_LibertyReadGenlib() skipped sequential cell "sky130_fd_sc_hd__dlrbp_1".
ABC: Scl_LibertyReadGenlib() skipped sequential cell "sky130_fd_sc_hd__dlrbp_2".
ABC: Scl_LibertyReadGenlib() skipped sequential cell "sky130_fd_sc_hd__dlrtn_1".
ABC: Scl_LibertyReadGenlib() skipped sequential cell "sky130_fd_sc_hd__dlrtn_2".
ABC: Scl_LibertyReadGenlib() skipped sequential cell "sky130_fd_sc_hd__dlrtn_4".
ABC: Scl_LibertyReadGenlib() skipped sequential cell "sky130_fd_sc_hd__dlrtp_1".
ABC: Scl_LibertyReadGenlib() skipped sequential cell "sky130_fd_sc_hd__dlrtp_2".
ABC: Scl_LibertyReadGenlib() skipped sequential cell "sky130_fd_sc_hd__dlrtp_4".
ABC: Scl_LibertyReadGenlib() skipped sequential cell "sky130_fd_sc_hd__dlxbn_1".
ABC: Scl_LibertyReadGenlib() skipped sequential cell "sky130_fd_sc_hd__dlxbn_2".
ABC: Scl_LibertyReadGenlib() skipped sequential cell "sky130_fd_sc_hd__dlxbp_1".
ABC: Scl_LibertyReadGenlib() skipped sequential cell "sky130_fd_sc_hd__dlxtn_1".
ABC: Scl_LibertyReadGenlib() skipped sequential cell "sky130_fd_sc_hd__dlxtn_2".
ABC: Scl_LibertyReadGenlib() skipped sequential cell "sky130_fd_sc_hd__dlxtn_4".
ABC: Scl_LibertyReadGenlib() skipped sequential cell "sky130_fd_sc_hd__dlxtp_1".
ABC: Scl_LibertyReadGenlib() skipped three-state cell "sky130_fd_sc_hd__ebufn_1".
ABC: Scl_LibertyReadGenlib() skipped three-state cell "sky130_fd_sc_hd__ebufn_2".
ABC: Scl_LibertyReadGenlib() skipped three-state cell "sky130_fd_sc_hd__ebufn_4".
ABC: Scl_LibertyReadGenlib() skipped three-state cell "sky130_fd_sc_hd__ebufn_8".
ABC: Scl_LibertyReadGenlib() skipped sequential cell "sky130_fd_sc_hd__edfxbp_1".
ABC: Scl_LibertyReadGenlib() skipped sequential cell "sky130_fd_sc_hd__edfxtp_1".
ABC: Scl_LibertyReadGenlib() skipped three-state cell "sky130_fd_sc_hd__einvn_0".
ABC: Scl_LibertyReadGenlib() skipped three-state cell "sky130_fd_sc_hd__einvn_1".
ABC: Scl_LibertyReadGenlib() skipped three-state cell "sky130_fd_sc_hd__einvn_2".
ABC: Scl_LibertyReadGenlib() skipped three-state cell "sky130_fd_sc_hd__einvn_4".
ABC: Scl_LibertyReadGenlib() skipped three-state cell "sky130_fd_sc_hd__einvn_8".
ABC: Scl_LibertyReadGenlib() skipped three-state cell "sky130_fd_sc_hd__einvp_1".
ABC: Scl_LibertyReadGenlib() skipped three-state cell "sky130_fd_sc_hd__einvp_2".
ABC: Scl_LibertyReadGenlib() skipped three-state cell "sky130_fd_sc_hd__einvp_4".
ABC: Scl_LibertyReadGenlib() skipped three-state cell "sky130_fd_sc_hd__einvp_8".
ABC: Scl_LibertyReadGenlib() skipped cell "sky130_fd_sc_hd__lpflow_bleeder_1" without logic function.
ABC: Scl_LibertyReadGenlib() skipped cell "sky130_fd_sc_hd__lpflow_decapkapwr_12" without logic function.
ABC: Scl_LibertyReadGenlib() skipped cell "sky130_fd_sc_hd__lpflow_decapkapwr_3" without logic function.
ABC: Scl_LibertyReadGenlib() skipped cell "sky130_fd_sc_hd__lpflow_decapkapwr_4" without logic function.
ABC: Scl_LibertyReadGenlib() skipped cell "sky130_fd_sc_hd__lpflow_decapkapwr_6" without logic function.
ABC: Scl_LibertyReadGenlib() skipped cell "sky130_fd_sc_hd__lpflow_decapkapwr_8" without logic function.
ABC: Scl_LibertyReadGenlib() skipped sequential cell "sky130_fd_sc_hd__lpflow_inputisolatch_1".
ABC: Scl_LibertyReadGenlib() skipped sequential cell "sky130_fd_sc_hd__sdfbbn_1".
ABC: Scl_LibertyReadGenlib() skipped sequential cell "sky130_fd_sc_hd__sdfbbn_2".
ABC: Scl_LibertyReadGenlib() skipped sequential cell "sky130_fd_sc_hd__sdfbbp_1".
ABC: Scl_LibertyReadGenlib() skipped sequential cell "sky130_fd_sc_hd__sdfrbp_1".
ABC: Scl_LibertyReadGenlib() skipped sequential cell "sky130_fd_sc_hd__sdfrbp_2".
ABC: Scl_LibertyReadGenlib() skipped sequential cell "sky130_fd_sc_hd__sdfrtn_1".
ABC: Scl_LibertyReadGenlib() skipped sequential cell "sky130_fd_sc_hd__sdfrtp_1".
ABC: Scl_LibertyReadGenlib() skipped sequential cell "sky130_fd_sc_hd__sdfrtp_2".
ABC: Scl_LibertyReadGenlib() skipped sequential cell "sky130_fd_sc_hd__sdfrtp_4".
ABC: Scl_LibertyReadGenlib() skipped sequential cell "sky130_fd_sc_hd__sdfsbp_1".
ABC: Scl_LibertyReadGenlib() skipped sequential cell "sky130_fd_sc_hd__sdfsbp_2".
ABC: Scl_LibertyReadGenlib() skipped sequential cell "sky130_fd_sc_hd__sdfstp_1".
ABC: Scl_LibertyReadGenlib() skipped sequential cell "sky130_fd_sc_hd__sdfstp_2".
ABC: Scl_LibertyReadGenlib() skipped sequential cell "sky130_fd_sc_hd__sdfstp_4".
ABC: Scl_LibertyReadGenlib() skipped sequential cell "sky130_fd_sc_hd__sdfxbp_1".
ABC: Scl_LibertyReadGenlib() skipped sequential cell "sky130_fd_sc_hd__sdfxbp_2".
ABC: Scl_LibertyReadGenlib() skipped sequential cell "sky130_fd_sc_hd__sdfxtp_1".
ABC: Scl_LibertyReadGenlib() skipped sequential cell "sky130_fd_sc_hd__sdfxtp_2".
ABC: Scl_LibertyReadGenlib() skipped sequential cell "sky130_fd_sc_hd__sdfxtp_4".
ABC: Scl_LibertyReadGenlib() skipped cell "sky130_fd_sc_hd__sdlclkp_1" without logic function.
ABC: Scl_LibertyReadGenlib() skipped cell "sky130_fd_sc_hd__sdlclkp_2" without logic function.
ABC: Scl_LibertyReadGenlib() skipped cell "sky130_fd_sc_hd__sdlclkp_4" without logic function.
ABC: Scl_LibertyReadGenlib() skipped sequential cell "sky130_fd_sc_hd__sedfxbp_1".
ABC: Scl_LibertyReadGenlib() skipped sequential cell "sky130_fd_sc_hd__sedfxbp_2".
ABC: Scl_LibertyReadGenlib() skipped sequential cell "sky130_fd_sc_hd__sedfxtp_1".
ABC: Scl_LibertyReadGenlib() skipped sequential cell "sky130_fd_sc_hd__sedfxtp_2".
ABC: Scl_LibertyReadGenlib() skipped sequential cell "sky130_fd_sc_hd__sedfxtp_4".
ABC: Library "sky130_fd_sc_hd__tt_025C_1v80" from "/home/deep/nielit/projects/picorv32_soc_final/openlane_design/src/../../openlane_design/libs/sky130_fd_sc_hd__tt_025C_1v80.lib" has 334 cells (94 skipped: 63 seq; 13 tri-state; 18 no func; 0 dont_use; 0 with 2 outputs; 0 with 3+ outputs).  Time =     0.09 sec
ABC: Memory =   19.85 MB. Time =     0.09 sec
ABC: Warning: Detected 9 multi-output cells (for example, "sky130_fd_sc_hd__fa_1").
ABC: + strash 
ABC: + &get -n 
ABC: + &fraig -x 
ABC: + &put 
ABC: + scorr 
ABC: Warning: The network is combinational (run "fraig" or "fraig_sweep").
ABC: + dc2 
ABC: + dretime 
ABC: + strash 
ABC: + &get -n 
ABC: + &dch -f 
ABC: + &nf 
ABC: + &put 
ABC: + write_blif <abc-temp-dir>/output.blif 
ABC: 
ABC: YOSYS_ABC_DONE 

12.6.2. Re-integrating ABC results.
ABC RESULTS:   sky130_fd_sc_hd__a2111o_1 cells:        1
ABC RESULTS:   sky130_fd_sc_hd__a2111oi_0 cells:       21
ABC RESULTS:   sky130_fd_sc_hd__a211o_1 cells:        9
ABC RESULTS:   sky130_fd_sc_hd__a211oi_1 cells:       75
ABC RESULTS:   sky130_fd_sc_hd__a21bo_1 cells:        1
ABC RESULTS:   sky130_fd_sc_hd__a21boi_0 cells:       29
ABC RESULTS:   sky130_fd_sc_hd__a21o_1 cells:       52
ABC RESULTS:   sky130_fd_sc_hd__a21oi_1 cells:      530
ABC RESULTS:   sky130_fd_sc_hd__a221o_1 cells:        6
ABC RESULTS:   sky130_fd_sc_hd__a221oi_1 cells:       71
ABC RESULTS:   sky130_fd_sc_hd__a222oi_1 cells:       36
ABC RESULTS:   sky130_fd_sc_hd__a22o_1 cells:       34
ABC RESULTS:   sky130_fd_sc_hd__a22oi_1 cells:       76
ABC RESULTS:   sky130_fd_sc_hd__a2bb2oi_1 cells:       13
ABC RESULTS:   sky130_fd_sc_hd__a311o_1 cells:        5
ABC RESULTS:   sky130_fd_sc_hd__a311oi_1 cells:       27
ABC RESULTS:   sky130_fd_sc_hd__a31o_1 cells:        5
ABC RESULTS:   sky130_fd_sc_hd__a31oi_1 cells:       79
ABC RESULTS:   sky130_fd_sc_hd__a32o_1 cells:       17
ABC RESULTS:   sky130_fd_sc_hd__a32oi_1 cells:        6
ABC RESULTS:   sky130_fd_sc_hd__a41o_1 cells:        2
ABC RESULTS:   sky130_fd_sc_hd__and2_0 cells:       86
ABC RESULTS:   sky130_fd_sc_hd__and3_1 cells:       33
ABC RESULTS:   sky130_fd_sc_hd__and3b_1 cells:        1
ABC RESULTS:   sky130_fd_sc_hd__and4_1 cells:        6
ABC RESULTS:   sky130_fd_sc_hd__and4b_1 cells:        1
ABC RESULTS:   sky130_fd_sc_hd__clkinv_1 cells:      103
ABC RESULTS:   sky130_fd_sc_hd__lpflow_inputiso1p_1 cells:       47
ABC RESULTS:   sky130_fd_sc_hd__lpflow_isobufsrc_1 cells:       78
ABC RESULTS:   sky130_fd_sc_hd__maj3_1 cells:       11
ABC RESULTS:   sky130_fd_sc_hd__mux2_1 cells:      105
ABC RESULTS:   sky130_fd_sc_hd__mux2i_1 cells:      212
ABC RESULTS:   sky130_fd_sc_hd__mux4_2 cells:      224
ABC RESULTS:   sky130_fd_sc_hd__nand2_1 cells:      640
ABC RESULTS:   sky130_fd_sc_hd__nand2b_1 cells:       48
ABC RESULTS:   sky130_fd_sc_hd__nand3_1 cells:       67
ABC RESULTS:   sky130_fd_sc_hd__nand3b_1 cells:       13
ABC RESULTS:   sky130_fd_sc_hd__nand4_1 cells:        6
ABC RESULTS:   sky130_fd_sc_hd__nand4b_1 cells:        2
ABC RESULTS:   sky130_fd_sc_hd__nor2_1 cells:      480
ABC RESULTS:   sky130_fd_sc_hd__nor2b_1 cells:        4
ABC RESULTS:   sky130_fd_sc_hd__nor3_1 cells:       52
ABC RESULTS:   sky130_fd_sc_hd__nor3b_1 cells:       27
ABC RESULTS:   sky130_fd_sc_hd__nor4_1 cells:       14
ABC RESULTS:   sky130_fd_sc_hd__nor4b_1 cells:        5
ABC RESULTS:   sky130_fd_sc_hd__nor4bb_1 cells:        1
ABC RESULTS:   sky130_fd_sc_hd__o2111ai_1 cells:        4
ABC RESULTS:   sky130_fd_sc_hd__o211ai_1 cells:       61
ABC RESULTS:   sky130_fd_sc_hd__o21a_1 cells:       37
ABC RESULTS:   sky130_fd_sc_hd__o21ai_0 cells:      631
ABC RESULTS:   sky130_fd_sc_hd__o21ba_1 cells:        1
ABC RESULTS:   sky130_fd_sc_hd__o21bai_1 cells:       11
ABC RESULTS:   sky130_fd_sc_hd__o221a_1 cells:        3
ABC RESULTS:   sky130_fd_sc_hd__o221ai_1 cells:       74
ABC RESULTS:   sky130_fd_sc_hd__o22a_1 cells:        7
ABC RESULTS:   sky130_fd_sc_hd__o22ai_1 cells:      102
ABC RESULTS:   sky130_fd_sc_hd__o311a_1 cells:        2
ABC RESULTS:   sky130_fd_sc_hd__o311ai_0 cells:       20
ABC RESULTS:   sky130_fd_sc_hd__o31a_1 cells:        2
ABC RESULTS:   sky130_fd_sc_hd__o31ai_1 cells:       22
ABC RESULTS:   sky130_fd_sc_hd__o32a_1 cells:        5
ABC RESULTS:   sky130_fd_sc_hd__o32ai_1 cells:        6
ABC RESULTS:   sky130_fd_sc_hd__o41ai_1 cells:        1
ABC RESULTS:   sky130_fd_sc_hd__or3_1 cells:       28
ABC RESULTS:   sky130_fd_sc_hd__or3b_1 cells:        3
ABC RESULTS:   sky130_fd_sc_hd__or4_1 cells:        2
ABC RESULTS:   sky130_fd_sc_hd__or4b_1 cells:        2
ABC RESULTS:   sky130_fd_sc_hd__xnor2_1 cells:      106
ABC RESULTS:   sky130_fd_sc_hd__xor2_1 cells:       55
ABC RESULTS:        internal signals:     7117
ABC RESULTS:           input signals:     1470
ABC RESULTS:          output signals:      551
Removing temp directory.

12.7. Extracting gate netlist of module `$paramod$edcaa0cfb453980d1e33a3c938c1a32918b9f1d7\rom' to `<abc-temp-dir>/input.blif'..

12.7.1. Executed ABC.
Extracted 409 gates and 461 wires to a netlist network with 52 inputs and 73 outputs.
Running ABC script: <abc-temp-dir>/abc.script
ABC: UC Berkeley, ABC 1.01 (compiled Mar 19 2026 03:41:46)
ABC: abc 01> empty
ABC: abc 01> source <abc-temp-dir>/abc.script
ABC: + read_blif <abc-temp-dir>/input.blif 
ABC: + read_lib -w /home/deep/nielit/projects/picorv32_soc_final/openlane_design/src/../../openlane_design/libs/sky130_fd_sc_hd__tt_025C_1v80.lib 
ABC: Parsing finished successfully.  Parsing time =     0.06 sec
ABC: Scl_LibertyReadGenlib() skipped cell "sky130_fd_sc_hd__decap_12" without logic function.
ABC: Scl_LibertyReadGenlib() skipped cell "sky130_fd_sc_hd__decap_3" without logic function.
ABC: Scl_LibertyReadGenlib() skipped cell "sky130_fd_sc_hd__decap_4" without logic function.
ABC: Scl_LibertyReadGenlib() skipped cell "sky130_fd_sc_hd__decap_6" without logic function.
ABC: Scl_LibertyReadGenlib() skipped cell "sky130_fd_sc_hd__decap_8" without logic function.
ABC: Scl_LibertyReadGenlib() skipped sequential cell "sky130_fd_sc_hd__dfbbn_1".
ABC: Scl_LibertyReadGenlib() skipped sequential cell "sky130_fd_sc_hd__dfbbn_2".
ABC: Scl_LibertyReadGenlib() skipped sequential cell "sky130_fd_sc_hd__dfbbp_1".
ABC: Scl_LibertyReadGenlib() skipped sequential cell "sky130_fd_sc_hd__dfrbp_1".
ABC: Scl_LibertyReadGenlib() skipped sequential cell "sky130_fd_sc_hd__dfrbp_2".
ABC: Scl_LibertyReadGenlib() skipped sequential cell "sky130_fd_sc_hd__dfrtn_1".
ABC: Scl_LibertyReadGenlib() skipped sequential cell "sky130_fd_sc_hd__dfrtp_1".
ABC: Scl_LibertyReadGenlib() skipped sequential cell "sky130_fd_sc_hd__dfrtp_2".
ABC: Scl_LibertyReadGenlib() skipped sequential cell "sky130_fd_sc_hd__dfrtp_4".
ABC: Scl_LibertyReadGenlib() skipped sequential cell "sky130_fd_sc_hd__dfsbp_1".
ABC: Scl_LibertyReadGenlib() skipped sequential cell "sky130_fd_sc_hd__dfsbp_2".
ABC: Scl_LibertyReadGenlib() skipped sequential cell "sky130_fd_sc_hd__dfstp_1".
ABC: Scl_LibertyReadGenlib() skipped sequential cell "sky130_fd_sc_hd__dfstp_2".
ABC: Scl_LibertyReadGenlib() skipped sequential cell "sky130_fd_sc_hd__dfstp_4".
ABC: Scl_LibertyReadGenlib() skipped sequential cell "sky130_fd_sc_hd__dfxbp_1".
ABC: Scl_LibertyReadGenlib() skipped sequential cell "sky130_fd_sc_hd__dfxbp_2".
ABC: Scl_LibertyReadGenlib() skipped sequential cell "sky130_fd_sc_hd__dfxtp_1".
ABC: Scl_LibertyReadGenlib() skipped sequential cell "sky130_fd_sc_hd__dfxtp_2".
ABC: Scl_LibertyReadGenlib() skipped sequential cell "sky130_fd_sc_hd__dfxtp_4".
ABC: Scl_LibertyReadGenlib() skipped cell "sky130_fd_sc_hd__diode_2" without logic function.
ABC: Scl_LibertyReadGenlib() skipped cell "sky130_fd_sc_hd__dlclkp_1" without logic function.
ABC: Scl_LibertyReadGenlib() skipped cell "sky130_fd_sc_hd__dlclkp_2" without logic function.
ABC: Scl_LibertyReadGenlib() skipped cell "sky130_fd_sc_hd__dlclkp_4" without logic function.
ABC: Scl_LibertyReadGenlib() skipped sequential cell "sky130_fd_sc_hd__dlrbn_1".
ABC: Scl_LibertyReadGenlib() skipped sequential cell "sky130_fd_sc_hd__dlrbn_2".
ABC: Scl_LibertyReadGenlib() skipped sequential cell "sky130_fd_sc_hd__dlrbp_1".
ABC: Scl_LibertyReadGenlib() skipped sequential cell "sky130_fd_sc_hd__dlrbp_2".
ABC: Scl_LibertyReadGenlib() skipped sequential cell "sky130_fd_sc_hd__dlrtn_1".
ABC: Scl_LibertyReadGenlib() skipped sequential cell "sky130_fd_sc_hd__dlrtn_2".
ABC: Scl_LibertyReadGenlib() skipped sequential cell "sky130_fd_sc_hd__dlrtn_4".
ABC: Scl_LibertyReadGenlib() skipped sequential cell "sky130_fd_sc_hd__dlrtp_1".
ABC: Scl_LibertyReadGenlib() skipped sequential cell "sky130_fd_sc_hd__dlrtp_2".
ABC: Scl_LibertyReadGenlib() skipped sequential cell "sky130_fd_sc_hd__dlrtp_4".
ABC: Scl_LibertyReadGenlib() skipped sequential cell "sky130_fd_sc_hd__dlxbn_1".
ABC: Scl_LibertyReadGenlib() skipped sequential cell "sky130_fd_sc_hd__dlxbn_2".
ABC: Scl_LibertyReadGenlib() skipped sequential cell "sky130_fd_sc_hd__dlxbp_1".
ABC: Scl_LibertyReadGenlib() skipped sequential cell "sky130_fd_sc_hd__dlxtn_1".
ABC: Scl_LibertyReadGenlib() skipped sequential cell "sky130_fd_sc_hd__dlxtn_2".
ABC: Scl_LibertyReadGenlib() skipped sequential cell "sky130_fd_sc_hd__dlxtn_4".
ABC: Scl_LibertyReadGenlib() skipped sequential cell "sky130_fd_sc_hd__dlxtp_1".
ABC: Scl_LibertyReadGenlib() skipped three-state cell "sky130_fd_sc_hd__ebufn_1".
ABC: Scl_LibertyReadGenlib() skipped three-state cell "sky130_fd_sc_hd__ebufn_2".
ABC: Scl_LibertyReadGenlib() skipped three-state cell "sky130_fd_sc_hd__ebufn_4".
ABC: Scl_LibertyReadGenlib() skipped three-state cell "sky130_fd_sc_hd__ebufn_8".
ABC: Scl_LibertyReadGenlib() skipped sequential cell "sky130_fd_sc_hd__edfxbp_1".
ABC: Scl_LibertyReadGenlib() skipped sequential cell "sky130_fd_sc_hd__edfxtp_1".
ABC: Scl_LibertyReadGenlib() skipped three-state cell "sky130_fd_sc_hd__einvn_0".
ABC: Scl_LibertyReadGenlib() skipped three-state cell "sky130_fd_sc_hd__einvn_1".
ABC: Scl_LibertyReadGenlib() skipped three-state cell "sky130_fd_sc_hd__einvn_2".
ABC: Scl_LibertyReadGenlib() skipped three-state cell "sky130_fd_sc_hd__einvn_4".
ABC: Scl_LibertyReadGenlib() skipped three-state cell "sky130_fd_sc_hd__einvn_8".
ABC: Scl_LibertyReadGenlib() skipped three-state cell "sky130_fd_sc_hd__einvp_1".
ABC: Scl_LibertyReadGenlib() skipped three-state cell "sky130_fd_sc_hd__einvp_2".
ABC: Scl_LibertyReadGenlib() skipped three-state cell "sky130_fd_sc_hd__einvp_4".
ABC: Scl_LibertyReadGenlib() skipped three-state cell "sky130_fd_sc_hd__einvp_8".
ABC: Scl_LibertyReadGenlib() skipped cell "sky130_fd_sc_hd__lpflow_bleeder_1" without logic function.
ABC: Scl_LibertyReadGenlib() skipped cell "sky130_fd_sc_hd__lpflow_decapkapwr_12" without logic function.
ABC: Scl_LibertyReadGenlib() skipped cell "sky130_fd_sc_hd__lpflow_decapkapwr_3" without logic function.
ABC: Scl_LibertyReadGenlib() skipped cell "sky130_fd_sc_hd__lpflow_decapkapwr_4" without logic function.
ABC: Scl_LibertyReadGenlib() skipped cell "sky130_fd_sc_hd__lpflow_decapkapwr_6" without logic function.
ABC: Scl_LibertyReadGenlib() skipped cell "sky130_fd_sc_hd__lpflow_decapkapwr_8" without logic function.
ABC: Scl_LibertyReadGenlib() skipped sequential cell "sky130_fd_sc_hd__lpflow_inputisolatch_1".
ABC: Scl_LibertyReadGenlib() skipped sequential cell "sky130_fd_sc_hd__sdfbbn_1".
ABC: Scl_LibertyReadGenlib() skipped sequential cell "sky130_fd_sc_hd__sdfbbn_2".
ABC: Scl_LibertyReadGenlib() skipped sequential cell "sky130_fd_sc_hd__sdfbbp_1".
ABC: Scl_LibertyReadGenlib() skipped sequential cell "sky130_fd_sc_hd__sdfrbp_1".
ABC: Scl_LibertyReadGenlib() skipped sequential cell "sky130_fd_sc_hd__sdfrbp_2".
ABC: Scl_LibertyReadGenlib() skipped sequential cell "sky130_fd_sc_hd__sdfrtn_1".
ABC: Scl_LibertyReadGenlib() skipped sequential cell "sky130_fd_sc_hd__sdfrtp_1".
ABC: Scl_LibertyReadGenlib() skipped sequential cell "sky130_fd_sc_hd__sdfrtp_2".
ABC: Scl_LibertyReadGenlib() skipped sequential cell "sky130_fd_sc_hd__sdfrtp_4".
ABC: Scl_LibertyReadGenlib() skipped sequential cell "sky130_fd_sc_hd__sdfsbp_1".
ABC: Scl_LibertyReadGenlib() skipped sequential cell "sky130_fd_sc_hd__sdfsbp_2".
ABC: Scl_LibertyReadGenlib() skipped sequential cell "sky130_fd_sc_hd__sdfstp_1".
ABC: Scl_LibertyReadGenlib() skipped sequential cell "sky130_fd_sc_hd__sdfstp_2".
ABC: Scl_LibertyReadGenlib() skipped sequential cell "sky130_fd_sc_hd__sdfstp_4".
ABC: Scl_LibertyReadGenlib() skipped sequential cell "sky130_fd_sc_hd__sdfxbp_1".
ABC: Scl_LibertyReadGenlib() skipped sequential cell "sky130_fd_sc_hd__sdfxbp_2".
ABC: Scl_LibertyReadGenlib() skipped sequential cell "sky130_fd_sc_hd__sdfxtp_1".
ABC: Scl_LibertyReadGenlib() skipped sequential cell "sky130_fd_sc_hd__sdfxtp_2".
ABC: Scl_LibertyReadGenlib() skipped sequential cell "sky130_fd_sc_hd__sdfxtp_4".
ABC: Scl_LibertyReadGenlib() skipped cell "sky130_fd_sc_hd__sdlclkp_1" without logic function.
ABC: Scl_LibertyReadGenlib() skipped cell "sky130_fd_sc_hd__sdlclkp_2" without logic function.
ABC: Scl_LibertyReadGenlib() skipped cell "sky130_fd_sc_hd__sdlclkp_4" without logic function.
ABC: Scl_LibertyReadGenlib() skipped sequential cell "sky130_fd_sc_hd__sedfxbp_1".
ABC: Scl_LibertyReadGenlib() skipped sequential cell "sky130_fd_sc_hd__sedfxbp_2".
ABC: Scl_LibertyReadGenlib() skipped sequential cell "sky130_fd_sc_hd__sedfxtp_1".
ABC: Scl_LibertyReadGenlib() skipped sequential cell "sky130_fd_sc_hd__sedfxtp_2".
ABC: Scl_LibertyReadGenlib() skipped sequential cell "sky130_fd_sc_hd__sedfxtp_4".
ABC: Library "sky130_fd_sc_hd__tt_025C_1v80" from "/home/deep/nielit/projects/picorv32_soc_final/openlane_design/src/../../openlane_design/libs/sky130_fd_sc_hd__tt_025C_1v80.lib" has 334 cells (94 skipped: 63 seq; 13 tri-state; 18 no func; 0 dont_use; 0 with 2 outputs; 0 with 3+ outputs).  Time =     0.09 sec
ABC: Memory =   19.85 MB. Time =     0.09 sec
ABC: Warning: Detected 9 multi-output cells (for example, "sky130_fd_sc_hd__fa_1").
ABC: + strash 
ABC: + &get -n 
ABC: + &fraig -x 
ABC: + &put 
ABC: + scorr 
ABC: Warning: The network is combinational (run "fraig" or "fraig_sweep").
ABC: + dc2 
ABC: + dretime 
ABC: + strash 
ABC: + &get -n 
ABC: + &dch -f 
ABC: + &nf 
ABC: + &put 
ABC: + write_blif <abc-temp-dir>/output.blif 
ABC: 
ABC: YOSYS_ABC_DONE 

12.7.2. Re-integrating ABC results.
ABC RESULTS:   sky130_fd_sc_hd__a211o_1 cells:        1
ABC RESULTS:   sky130_fd_sc_hd__a211oi_1 cells:        3
ABC RESULTS:   sky130_fd_sc_hd__a21boi_0 cells:        1
ABC RESULTS:   sky130_fd_sc_hd__a21o_1 cells:        1
ABC RESULTS:   sky130_fd_sc_hd__a21oi_1 cells:       16
ABC RESULTS:   sky130_fd_sc_hd__a221o_1 cells:        3
ABC RESULTS:   sky130_fd_sc_hd__a22o_1 cells:        4
ABC RESULTS:   sky130_fd_sc_hd__a22oi_1 cells:        5
ABC RESULTS:   sky130_fd_sc_hd__a311oi_1 cells:        2
ABC RESULTS:   sky130_fd_sc_hd__a31o_1 cells:        1
ABC RESULTS:   sky130_fd_sc_hd__a31oi_1 cells:       10
ABC RESULTS:   sky130_fd_sc_hd__a32o_1 cells:        2
ABC RESULTS:   sky130_fd_sc_hd__a32oi_1 cells:        2
ABC RESULTS:   sky130_fd_sc_hd__and3_1 cells:        3
ABC RESULTS:   sky130_fd_sc_hd__and3b_1 cells:        2
ABC RESULTS:   sky130_fd_sc_hd__clkinv_1 cells:       42
ABC RESULTS:   sky130_fd_sc_hd__lpflow_inputiso1p_1 cells:        3
ABC RESULTS:   sky130_fd_sc_hd__lpflow_isobufsrc_1 cells:        4
ABC RESULTS:   sky130_fd_sc_hd__nand2_1 cells:       43
ABC RESULTS:   sky130_fd_sc_hd__nand2b_1 cells:        7
ABC RESULTS:   sky130_fd_sc_hd__nand3_1 cells:       10
ABC RESULTS:   sky130_fd_sc_hd__nand4_1 cells:        1
ABC RESULTS:   sky130_fd_sc_hd__nand4b_1 cells:        3
ABC RESULTS:   sky130_fd_sc_hd__nand4bb_1 cells:        1
ABC RESULTS:   sky130_fd_sc_hd__nor2_1 cells:       29
ABC RESULTS:   sky130_fd_sc_hd__nor3_1 cells:       12
ABC RESULTS:   sky130_fd_sc_hd__nor3b_1 cells:        4
ABC RESULTS:   sky130_fd_sc_hd__nor4_1 cells:        2
ABC RESULTS:   sky130_fd_sc_hd__nor4bb_1 cells:        2
ABC RESULTS:   sky130_fd_sc_hd__o2111ai_1 cells:        1
ABC RESULTS:   sky130_fd_sc_hd__o211ai_1 cells:        9
ABC RESULTS:   sky130_fd_sc_hd__o21a_1 cells:        3
ABC RESULTS:   sky130_fd_sc_hd__o21ai_0 cells:       35
ABC RESULTS:   sky130_fd_sc_hd__o221ai_1 cells:        1
ABC RESULTS:   sky130_fd_sc_hd__o22a_1 cells:        1
ABC RESULTS:   sky130_fd_sc_hd__o22ai_1 cells:        3
ABC RESULTS:   sky130_fd_sc_hd__o311ai_0 cells:        1
ABC RESULTS:   sky130_fd_sc_hd__o31ai_1 cells:        3
ABC RESULTS:   sky130_fd_sc_hd__or3_1 cells:        2
ABC RESULTS:   sky130_fd_sc_hd__or3b_1 cells:        3
ABC RESULTS:   sky130_fd_sc_hd__xnor2_1 cells:        1
ABC RESULTS:   sky130_fd_sc_hd__xor2_1 cells:        1
ABC RESULTS:        internal signals:      336
ABC RESULTS:           input signals:       52
ABC RESULTS:          output signals:       73
Removing temp directory.

12.8. Extracting gate netlist of module `$paramod\sram\MEM_DEPTH=s32'00000000000000000000000001000000' to `<abc-temp-dir>/input.blif'..

12.8.1. Executed ABC.
Extracted 4692 gates and 6872 wires to a netlist network with 2180 inputs and 415 outputs.
Running ABC script: <abc-temp-dir>/abc.script
ABC: UC Berkeley, ABC 1.01 (compiled Mar 19 2026 03:41:46)
ABC: abc 01> empty
ABC: abc 01> source <abc-temp-dir>/abc.script
ABC: + read_blif <abc-temp-dir>/input.blif 
ABC: + read_lib -w /home/deep/nielit/projects/picorv32_soc_final/openlane_design/src/../../openlane_design/libs/sky130_fd_sc_hd__tt_025C_1v80.lib 
ABC: Parsing finished successfully.  Parsing time =     0.06 sec
ABC: Scl_LibertyReadGenlib() skipped cell "sky130_fd_sc_hd__decap_12" without logic function.
ABC: Scl_LibertyReadGenlib() skipped cell "sky130_fd_sc_hd__decap_3" without logic function.
ABC: Scl_LibertyReadGenlib() skipped cell "sky130_fd_sc_hd__decap_4" without logic function.
ABC: Scl_LibertyReadGenlib() skipped cell "sky130_fd_sc_hd__decap_6" without logic function.
ABC: Scl_LibertyReadGenlib() skipped cell "sky130_fd_sc_hd__decap_8" without logic function.
ABC: Scl_LibertyReadGenlib() skipped sequential cell "sky130_fd_sc_hd__dfbbn_1".
ABC: Scl_LibertyReadGenlib() skipped sequential cell "sky130_fd_sc_hd__dfbbn_2".
ABC: Scl_LibertyReadGenlib() skipped sequential cell "sky130_fd_sc_hd__dfbbp_1".
ABC: Scl_LibertyReadGenlib() skipped sequential cell "sky130_fd_sc_hd__dfrbp_1".
ABC: Scl_LibertyReadGenlib() skipped sequential cell "sky130_fd_sc_hd__dfrbp_2".
ABC: Scl_LibertyReadGenlib() skipped sequential cell "sky130_fd_sc_hd__dfrtn_1".
ABC: Scl_LibertyReadGenlib() skipped sequential cell "sky130_fd_sc_hd__dfrtp_1".
ABC: Scl_LibertyReadGenlib() skipped sequential cell "sky130_fd_sc_hd__dfrtp_2".
ABC: Scl_LibertyReadGenlib() skipped sequential cell "sky130_fd_sc_hd__dfrtp_4".
ABC: Scl_LibertyReadGenlib() skipped sequential cell "sky130_fd_sc_hd__dfsbp_1".
ABC: Scl_LibertyReadGenlib() skipped sequential cell "sky130_fd_sc_hd__dfsbp_2".
ABC: Scl_LibertyReadGenlib() skipped sequential cell "sky130_fd_sc_hd__dfstp_1".
ABC: Scl_LibertyReadGenlib() skipped sequential cell "sky130_fd_sc_hd__dfstp_2".
ABC: Scl_LibertyReadGenlib() skipped sequential cell "sky130_fd_sc_hd__dfstp_4".
ABC: Scl_LibertyReadGenlib() skipped sequential cell "sky130_fd_sc_hd__dfxbp_1".
ABC: Scl_LibertyReadGenlib() skipped sequential cell "sky130_fd_sc_hd__dfxbp_2".
ABC: Scl_LibertyReadGenlib() skipped sequential cell "sky130_fd_sc_hd__dfxtp_1".
ABC: Scl_LibertyReadGenlib() skipped sequential cell "sky130_fd_sc_hd__dfxtp_2".
ABC: Scl_LibertyReadGenlib() skipped sequential cell "sky130_fd_sc_hd__dfxtp_4".
ABC: Scl_LibertyReadGenlib() skipped cell "sky130_fd_sc_hd__diode_2" without logic function.
ABC: Scl_LibertyReadGenlib() skipped cell "sky130_fd_sc_hd__dlclkp_1" without logic function.
ABC: Scl_LibertyReadGenlib() skipped cell "sky130_fd_sc_hd__dlclkp_2" without logic function.
ABC: Scl_LibertyReadGenlib() skipped cell "sky130_fd_sc_hd__dlclkp_4" without logic function.
ABC: Scl_LibertyReadGenlib() skipped sequential cell "sky130_fd_sc_hd__dlrbn_1".
ABC: Scl_LibertyReadGenlib() skipped sequential cell "sky130_fd_sc_hd__dlrbn_2".
ABC: Scl_LibertyReadGenlib() skipped sequential cell "sky130_fd_sc_hd__dlrbp_1".
ABC: Scl_LibertyReadGenlib() skipped sequential cell "sky130_fd_sc_hd__dlrbp_2".
ABC: Scl_LibertyReadGenlib() skipped sequential cell "sky130_fd_sc_hd__dlrtn_1".
ABC: Scl_LibertyReadGenlib() skipped sequential cell "sky130_fd_sc_hd__dlrtn_2".
ABC: Scl_LibertyReadGenlib() skipped sequential cell "sky130_fd_sc_hd__dlrtn_4".
ABC: Scl_LibertyReadGenlib() skipped sequential cell "sky130_fd_sc_hd__dlrtp_1".
ABC: Scl_LibertyReadGenlib() skipped sequential cell "sky130_fd_sc_hd__dlrtp_2".
ABC: Scl_LibertyReadGenlib() skipped sequential cell "sky130_fd_sc_hd__dlrtp_4".
ABC: Scl_LibertyReadGenlib() skipped sequential cell "sky130_fd_sc_hd__dlxbn_1".
ABC: Scl_LibertyReadGenlib() skipped sequential cell "sky130_fd_sc_hd__dlxbn_2".
ABC: Scl_LibertyReadGenlib() skipped sequential cell "sky130_fd_sc_hd__dlxbp_1".
ABC: Scl_LibertyReadGenlib() skipped sequential cell "sky130_fd_sc_hd__dlxtn_1".
ABC: Scl_LibertyReadGenlib() skipped sequential cell "sky130_fd_sc_hd__dlxtn_2".
ABC: Scl_LibertyReadGenlib() skipped sequential cell "sky130_fd_sc_hd__dlxtn_4".
ABC: Scl_LibertyReadGenlib() skipped sequential cell "sky130_fd_sc_hd__dlxtp_1".
ABC: Scl_LibertyReadGenlib() skipped three-state cell "sky130_fd_sc_hd__ebufn_1".
ABC: Scl_LibertyReadGenlib() skipped three-state cell "sky130_fd_sc_hd__ebufn_2".
ABC: Scl_LibertyReadGenlib() skipped three-state cell "sky130_fd_sc_hd__ebufn_4".
ABC: Scl_LibertyReadGenlib() skipped three-state cell "sky130_fd_sc_hd__ebufn_8".
ABC: Scl_LibertyReadGenlib() skipped sequential cell "sky130_fd_sc_hd__edfxbp_1".
ABC: Scl_LibertyReadGenlib() skipped sequential cell "sky130_fd_sc_hd__edfxtp_1".
ABC: Scl_LibertyReadGenlib() skipped three-state cell "sky130_fd_sc_hd__einvn_0".
ABC: Scl_LibertyReadGenlib() skipped three-state cell "sky130_fd_sc_hd__einvn_1".
ABC: Scl_LibertyReadGenlib() skipped three-state cell "sky130_fd_sc_hd__einvn_2".
ABC: Scl_LibertyReadGenlib() skipped three-state cell "sky130_fd_sc_hd__einvn_4".
ABC: Scl_LibertyReadGenlib() skipped three-state cell "sky130_fd_sc_hd__einvn_8".
ABC: Scl_LibertyReadGenlib() skipped three-state cell "sky130_fd_sc_hd__einvp_1".
ABC: Scl_LibertyReadGenlib() skipped three-state cell "sky130_fd_sc_hd__einvp_2".
ABC: Scl_LibertyReadGenlib() skipped three-state cell "sky130_fd_sc_hd__einvp_4".
ABC: Scl_LibertyReadGenlib() skipped three-state cell "sky130_fd_sc_hd__einvp_8".
ABC: Scl_LibertyReadGenlib() skipped cell "sky130_fd_sc_hd__lpflow_bleeder_1" without logic function.
ABC: Scl_LibertyReadGenlib() skipped cell "sky130_fd_sc_hd__lpflow_decapkapwr_12" without logic function.
ABC: Scl_LibertyReadGenlib() skipped cell "sky130_fd_sc_hd__lpflow_decapkapwr_3" without logic function.
ABC: Scl_LibertyReadGenlib() skipped cell "sky130_fd_sc_hd__lpflow_decapkapwr_4" without logic function.
ABC: Scl_LibertyReadGenlib() skipped cell "sky130_fd_sc_hd__lpflow_decapkapwr_6" without logic function.
ABC: Scl_LibertyReadGenlib() skipped cell "sky130_fd_sc_hd__lpflow_decapkapwr_8" without logic function.
ABC: Scl_LibertyReadGenlib() skipped sequential cell "sky130_fd_sc_hd__lpflow_inputisolatch_1".
ABC: Scl_LibertyReadGenlib() skipped sequential cell "sky130_fd_sc_hd__sdfbbn_1".
ABC: Scl_LibertyReadGenlib() skipped sequential cell "sky130_fd_sc_hd__sdfbbn_2".
ABC: Scl_LibertyReadGenlib() skipped sequential cell "sky130_fd_sc_hd__sdfbbp_1".
ABC: Scl_LibertyReadGenlib() skipped sequential cell "sky130_fd_sc_hd__sdfrbp_1".
ABC: Scl_LibertyReadGenlib() skipped sequential cell "sky130_fd_sc_hd__sdfrbp_2".
ABC: Scl_LibertyReadGenlib() skipped sequential cell "sky130_fd_sc_hd__sdfrtn_1".
ABC: Scl_LibertyReadGenlib() skipped sequential cell "sky130_fd_sc_hd__sdfrtp_1".
ABC: Scl_LibertyReadGenlib() skipped sequential cell "sky130_fd_sc_hd__sdfrtp_2".
ABC: Scl_LibertyReadGenlib() skipped sequential cell "sky130_fd_sc_hd__sdfrtp_4".
ABC: Scl_LibertyReadGenlib() skipped sequential cell "sky130_fd_sc_hd__sdfsbp_1".
ABC: Scl_LibertyReadGenlib() skipped sequential cell "sky130_fd_sc_hd__sdfsbp_2".
ABC: Scl_LibertyReadGenlib() skipped sequential cell "sky130_fd_sc_hd__sdfstp_1".
ABC: Scl_LibertyReadGenlib() skipped sequential cell "sky130_fd_sc_hd__sdfstp_2".
ABC: Scl_LibertyReadGenlib() skipped sequential cell "sky130_fd_sc_hd__sdfstp_4".
ABC: Scl_LibertyReadGenlib() skipped sequential cell "sky130_fd_sc_hd__sdfxbp_1".
ABC: Scl_LibertyReadGenlib() skipped sequential cell "sky130_fd_sc_hd__sdfxbp_2".
ABC: Scl_LibertyReadGenlib() skipped sequential cell "sky130_fd_sc_hd__sdfxtp_1".
ABC: Scl_LibertyReadGenlib() skipped sequential cell "sky130_fd_sc_hd__sdfxtp_2".
ABC: Scl_LibertyReadGenlib() skipped sequential cell "sky130_fd_sc_hd__sdfxtp_4".
ABC: Scl_LibertyReadGenlib() skipped cell "sky130_fd_sc_hd__sdlclkp_1" without logic function.
ABC: Scl_LibertyReadGenlib() skipped cell "sky130_fd_sc_hd__sdlclkp_2" without logic function.
ABC: Scl_LibertyReadGenlib() skipped cell "sky130_fd_sc_hd__sdlclkp_4" without logic function.
ABC: Scl_LibertyReadGenlib() skipped sequential cell "sky130_fd_sc_hd__sedfxbp_1".
ABC: Scl_LibertyReadGenlib() skipped sequential cell "sky130_fd_sc_hd__sedfxbp_2".
ABC: Scl_LibertyReadGenlib() skipped sequential cell "sky130_fd_sc_hd__sedfxtp_1".
ABC: Scl_LibertyReadGenlib() skipped sequential cell "sky130_fd_sc_hd__sedfxtp_2".
ABC: Scl_LibertyReadGenlib() skipped sequential cell "sky130_fd_sc_hd__sedfxtp_4".
ABC: Library "sky130_fd_sc_hd__tt_025C_1v80" from "/home/deep/nielit/projects/picorv32_soc_final/openlane_design/src/../../openlane_design/libs/sky130_fd_sc_hd__tt_025C_1v80.lib" has 334 cells (94 skipped: 63 seq; 13 tri-state; 18 no func; 0 dont_use; 0 with 2 outputs; 0 with 3+ outputs).  Time =     0.10 sec
ABC: Memory =   19.85 MB. Time =     0.10 sec
ABC: Warning: Detected 9 multi-output cells (for example, "sky130_fd_sc_hd__fa_1").
ABC: + strash 
ABC: + &get -n 
ABC: + &fraig -x 
ABC: + &put 
ABC: + scorr 
ABC: Warning: The network is combinational (run "fraig" or "fraig_sweep").
ABC: + dc2 
ABC: + dretime 
ABC: + strash 
ABC: + &get -n 
ABC: + &dch -f 
ABC: + &nf 
ABC: + &put 
ABC: + write_blif <abc-temp-dir>/output.blif 
ABC: 
ABC: YOSYS_ABC_DONE 

12.8.2. Re-integrating ABC results.
ABC RESULTS:   sky130_fd_sc_hd__a2111o_1 cells:        9
ABC RESULTS:   sky130_fd_sc_hd__a2111oi_0 cells:       22
ABC RESULTS:   sky130_fd_sc_hd__a211oi_1 cells:        4
ABC RESULTS:   sky130_fd_sc_hd__a21oi_1 cells:       28
ABC RESULTS:   sky130_fd_sc_hd__a221o_1 cells:        2
ABC RESULTS:   sky130_fd_sc_hd__a221oi_1 cells:        4
ABC RESULTS:   sky130_fd_sc_hd__a222oi_1 cells:      251
ABC RESULTS:   sky130_fd_sc_hd__a22o_1 cells:       26
ABC RESULTS:   sky130_fd_sc_hd__a22oi_1 cells:      510
ABC RESULTS:   sky130_fd_sc_hd__a31o_1 cells:        1
ABC RESULTS:   sky130_fd_sc_hd__a31oi_1 cells:       21
ABC RESULTS:   sky130_fd_sc_hd__and2_0 cells:       45
ABC RESULTS:   sky130_fd_sc_hd__and3_1 cells:       52
ABC RESULTS:   sky130_fd_sc_hd__and4_1 cells:        8
ABC RESULTS:   sky130_fd_sc_hd__and4b_1 cells:        3
ABC RESULTS:   sky130_fd_sc_hd__clkinv_1 cells:       92
ABC RESULTS:   sky130_fd_sc_hd__lpflow_inputiso1p_1 cells:        2
ABC RESULTS:   sky130_fd_sc_hd__lpflow_isobufsrc_1 cells:        5
ABC RESULTS:   sky130_fd_sc_hd__mux2_1 cells:       42
ABC RESULTS:   sky130_fd_sc_hd__nand2_1 cells:      177
ABC RESULTS:   sky130_fd_sc_hd__nand2b_1 cells:        7
ABC RESULTS:   sky130_fd_sc_hd__nand3_1 cells:       76
ABC RESULTS:   sky130_fd_sc_hd__nand3b_1 cells:        1
ABC RESULTS:   sky130_fd_sc_hd__nand4_1 cells:      163
ABC RESULTS:   sky130_fd_sc_hd__nand4b_1 cells:        4
ABC RESULTS:   sky130_fd_sc_hd__nor2_1 cells:      325
ABC RESULTS:   sky130_fd_sc_hd__nor3_1 cells:       19
ABC RESULTS:   sky130_fd_sc_hd__nor3b_1 cells:        2
ABC RESULTS:   sky130_fd_sc_hd__nor4_1 cells:       45
ABC RESULTS:   sky130_fd_sc_hd__nor4b_1 cells:        4
ABC RESULTS:   sky130_fd_sc_hd__nor4bb_1 cells:        6
ABC RESULTS:   sky130_fd_sc_hd__o2111ai_1 cells:        5
ABC RESULTS:   sky130_fd_sc_hd__o211ai_1 cells:        3
ABC RESULTS:   sky130_fd_sc_hd__o21ai_0 cells:        3
ABC RESULTS:   sky130_fd_sc_hd__o22a_1 cells:        2
ABC RESULTS:   sky130_fd_sc_hd__o32a_1 cells:        2
ABC RESULTS:   sky130_fd_sc_hd__or4_1 cells:        5
ABC RESULTS:        internal signals:     4277
ABC RESULTS:           input signals:     2180
ABC RESULTS:          output signals:      415
Removing temp directory.

12.9. Extracting gate netlist of module `\top' to `<abc-temp-dir>/input.blif'..

12.9.1. Executed ABC.
Extracted 330 gates and 580 wires to a netlist network with 250 inputs and 287 outputs.
Running ABC script: <abc-temp-dir>/abc.script
ABC: UC Berkeley, ABC 1.01 (compiled Mar 19 2026 03:41:46)
ABC: abc 01> empty
ABC: abc 01> source <abc-temp-dir>/abc.script
ABC: + read_blif <abc-temp-dir>/input.blif 
ABC: + read_lib -w /home/deep/nielit/projects/picorv32_soc_final/openlane_design/src/../../openlane_design/libs/sky130_fd_sc_hd__tt_025C_1v80.lib 
ABC: Parsing finished successfully.  Parsing time =     0.06 sec
ABC: Scl_LibertyReadGenlib() skipped cell "sky130_fd_sc_hd__decap_12" without logic function.
ABC: Scl_LibertyReadGenlib() skipped cell "sky130_fd_sc_hd__decap_3" without logic function.
ABC: Scl_LibertyReadGenlib() skipped cell "sky130_fd_sc_hd__decap_4" without logic function.
ABC: Scl_LibertyReadGenlib() skipped cell "sky130_fd_sc_hd__decap_6" without logic function.
ABC: Scl_LibertyReadGenlib() skipped cell "sky130_fd_sc_hd__decap_8" without logic function.
ABC: Scl_LibertyReadGenlib() skipped sequential cell "sky130_fd_sc_hd__dfbbn_1".
ABC: Scl_LibertyReadGenlib() skipped sequential cell "sky130_fd_sc_hd__dfbbn_2".
ABC: Scl_LibertyReadGenlib() skipped sequential cell "sky130_fd_sc_hd__dfbbp_1".
ABC: Scl_LibertyReadGenlib() skipped sequential cell "sky130_fd_sc_hd__dfrbp_1".
ABC: Scl_LibertyReadGenlib() skipped sequential cell "sky130_fd_sc_hd__dfrbp_2".
ABC: Scl_LibertyReadGenlib() skipped sequential cell "sky130_fd_sc_hd__dfrtn_1".
ABC: Scl_LibertyReadGenlib() skipped sequential cell "sky130_fd_sc_hd__dfrtp_1".
ABC: Scl_LibertyReadGenlib() skipped sequential cell "sky130_fd_sc_hd__dfrtp_2".
ABC: Scl_LibertyReadGenlib() skipped sequential cell "sky130_fd_sc_hd__dfrtp_4".
ABC: Scl_LibertyReadGenlib() skipped sequential cell "sky130_fd_sc_hd__dfsbp_1".
ABC: Scl_LibertyReadGenlib() skipped sequential cell "sky130_fd_sc_hd__dfsbp_2".
ABC: Scl_LibertyReadGenlib() skipped sequential cell "sky130_fd_sc_hd__dfstp_1".
ABC: Scl_LibertyReadGenlib() skipped sequential cell "sky130_fd_sc_hd__dfstp_2".
ABC: Scl_LibertyReadGenlib() skipped sequential cell "sky130_fd_sc_hd__dfstp_4".
ABC: Scl_LibertyReadGenlib() skipped sequential cell "sky130_fd_sc_hd__dfxbp_1".
ABC: Scl_LibertyReadGenlib() skipped sequential cell "sky130_fd_sc_hd__dfxbp_2".
ABC: Scl_LibertyReadGenlib() skipped sequential cell "sky130_fd_sc_hd__dfxtp_1".
ABC: Scl_LibertyReadGenlib() skipped sequential cell "sky130_fd_sc_hd__dfxtp_2".
ABC: Scl_LibertyReadGenlib() skipped sequential cell "sky130_fd_sc_hd__dfxtp_4".
ABC: Scl_LibertyReadGenlib() skipped cell "sky130_fd_sc_hd__diode_2" without logic function.
ABC: Scl_LibertyReadGenlib() skipped cell "sky130_fd_sc_hd__dlclkp_1" without logic function.
ABC: Scl_LibertyReadGenlib() skipped cell "sky130_fd_sc_hd__dlclkp_2" without logic function.
ABC: Scl_LibertyReadGenlib() skipped cell "sky130_fd_sc_hd__dlclkp_4" without logic function.
ABC: Scl_LibertyReadGenlib() skipped sequential cell "sky130_fd_sc_hd__dlrbn_1".
ABC: Scl_LibertyReadGenlib() skipped sequential cell "sky130_fd_sc_hd__dlrbn_2".
ABC: Scl_LibertyReadGenlib() skipped sequential cell "sky130_fd_sc_hd__dlrbp_1".
ABC: Scl_LibertyReadGenlib() skipped sequential cell "sky130_fd_sc_hd__dlrbp_2".
ABC: Scl_LibertyReadGenlib() skipped sequential cell "sky130_fd_sc_hd__dlrtn_1".
ABC: Scl_LibertyReadGenlib() skipped sequential cell "sky130_fd_sc_hd__dlrtn_2".
ABC: Scl_LibertyReadGenlib() skipped sequential cell "sky130_fd_sc_hd__dlrtn_4".
ABC: Scl_LibertyReadGenlib() skipped sequential cell "sky130_fd_sc_hd__dlrtp_1".
ABC: Scl_LibertyReadGenlib() skipped sequential cell "sky130_fd_sc_hd__dlrtp_2".
ABC: Scl_LibertyReadGenlib() skipped sequential cell "sky130_fd_sc_hd__dlrtp_4".
ABC: Scl_LibertyReadGenlib() skipped sequential cell "sky130_fd_sc_hd__dlxbn_1".
ABC: Scl_LibertyReadGenlib() skipped sequential cell "sky130_fd_sc_hd__dlxbn_2".
ABC: Scl_LibertyReadGenlib() skipped sequential cell "sky130_fd_sc_hd__dlxbp_1".
ABC: Scl_LibertyReadGenlib() skipped sequential cell "sky130_fd_sc_hd__dlxtn_1".
ABC: Scl_LibertyReadGenlib() skipped sequential cell "sky130_fd_sc_hd__dlxtn_2".
ABC: Scl_LibertyReadGenlib() skipped sequential cell "sky130_fd_sc_hd__dlxtn_4".
ABC: Scl_LibertyReadGenlib() skipped sequential cell "sky130_fd_sc_hd__dlxtp_1".
ABC: Scl_LibertyReadGenlib() skipped three-state cell "sky130_fd_sc_hd__ebufn_1".
ABC: Scl_LibertyReadGenlib() skipped three-state cell "sky130_fd_sc_hd__ebufn_2".
ABC: Scl_LibertyReadGenlib() skipped three-state cell "sky130_fd_sc_hd__ebufn_4".
ABC: Scl_LibertyReadGenlib() skipped three-state cell "sky130_fd_sc_hd__ebufn_8".
ABC: Scl_LibertyReadGenlib() skipped sequential cell "sky130_fd_sc_hd__edfxbp_1".
ABC: Scl_LibertyReadGenlib() skipped sequential cell "sky130_fd_sc_hd__edfxtp_1".
ABC: Scl_LibertyReadGenlib() skipped three-state cell "sky130_fd_sc_hd__einvn_0".
ABC: Scl_LibertyReadGenlib() skipped three-state cell "sky130_fd_sc_hd__einvn_1".
ABC: Scl_LibertyReadGenlib() skipped three-state cell "sky130_fd_sc_hd__einvn_2".
ABC: Scl_LibertyReadGenlib() skipped three-state cell "sky130_fd_sc_hd__einvn_4".
ABC: Scl_LibertyReadGenlib() skipped three-state cell "sky130_fd_sc_hd__einvn_8".
ABC: Scl_LibertyReadGenlib() skipped three-state cell "sky130_fd_sc_hd__einvp_1".
ABC: Scl_LibertyReadGenlib() skipped three-state cell "sky130_fd_sc_hd__einvp_2".
ABC: Scl_LibertyReadGenlib() skipped three-state cell "sky130_fd_sc_hd__einvp_4".
ABC: Scl_LibertyReadGenlib() skipped three-state cell "sky130_fd_sc_hd__einvp_8".
ABC: Scl_LibertyReadGenlib() skipped cell "sky130_fd_sc_hd__lpflow_bleeder_1" without logic function.
ABC: Scl_LibertyReadGenlib() skipped cell "sky130_fd_sc_hd__lpflow_decapkapwr_12" without logic function.
ABC: Scl_LibertyReadGenlib() skipped cell "sky130_fd_sc_hd__lpflow_decapkapwr_3" without logic function.
ABC: Scl_LibertyReadGenlib() skipped cell "sky130_fd_sc_hd__lpflow_decapkapwr_4" without logic function.
ABC: Scl_LibertyReadGenlib() skipped cell "sky130_fd_sc_hd__lpflow_decapkapwr_6" without logic function.
ABC: Scl_LibertyReadGenlib() skipped cell "sky130_fd_sc_hd__lpflow_decapkapwr_8" without logic function.
ABC: Scl_LibertyReadGenlib() skipped sequential cell "sky130_fd_sc_hd__lpflow_inputisolatch_1".
ABC: Scl_LibertyReadGenlib() skipped sequential cell "sky130_fd_sc_hd__sdfbbn_1".
ABC: Scl_LibertyReadGenlib() skipped sequential cell "sky130_fd_sc_hd__sdfbbn_2".
ABC: Scl_LibertyReadGenlib() skipped sequential cell "sky130_fd_sc_hd__sdfbbp_1".
ABC: Scl_LibertyReadGenlib() skipped sequential cell "sky130_fd_sc_hd__sdfrbp_1".
ABC: Scl_LibertyReadGenlib() skipped sequential cell "sky130_fd_sc_hd__sdfrbp_2".
ABC: Scl_LibertyReadGenlib() skipped sequential cell "sky130_fd_sc_hd__sdfrtn_1".
ABC: Scl_LibertyReadGenlib() skipped sequential cell "sky130_fd_sc_hd__sdfrtp_1".
ABC: Scl_LibertyReadGenlib() skipped sequential cell "sky130_fd_sc_hd__sdfrtp_2".
ABC: Scl_LibertyReadGenlib() skipped sequential cell "sky130_fd_sc_hd__sdfrtp_4".
ABC: Scl_LibertyReadGenlib() skipped sequential cell "sky130_fd_sc_hd__sdfsbp_1".
ABC: Scl_LibertyReadGenlib() skipped sequential cell "sky130_fd_sc_hd__sdfsbp_2".
ABC: Scl_LibertyReadGenlib() skipped sequential cell "sky130_fd_sc_hd__sdfstp_1".
ABC: Scl_LibertyReadGenlib() skipped sequential cell "sky130_fd_sc_hd__sdfstp_2".
ABC: Scl_LibertyReadGenlib() skipped sequential cell "sky130_fd_sc_hd__sdfstp_4".
ABC: Scl_LibertyReadGenlib() skipped sequential cell "sky130_fd_sc_hd__sdfxbp_1".
ABC: Scl_LibertyReadGenlib() skipped sequential cell "sky130_fd_sc_hd__sdfxbp_2".
ABC: Scl_LibertyReadGenlib() skipped sequential cell "sky130_fd_sc_hd__sdfxtp_1".
ABC: Scl_LibertyReadGenlib() skipped sequential cell "sky130_fd_sc_hd__sdfxtp_2".
ABC: Scl_LibertyReadGenlib() skipped sequential cell "sky130_fd_sc_hd__sdfxtp_4".
ABC: Scl_LibertyReadGenlib() skipped cell "sky130_fd_sc_hd__sdlclkp_1" without logic function.
ABC: Scl_LibertyReadGenlib() skipped cell "sky130_fd_sc_hd__sdlclkp_2" without logic function.
ABC: Scl_LibertyReadGenlib() skipped cell "sky130_fd_sc_hd__sdlclkp_4" without logic function.
ABC: Scl_LibertyReadGenlib() skipped sequential cell "sky130_fd_sc_hd__sedfxbp_1".
ABC: Scl_LibertyReadGenlib() skipped sequential cell "sky130_fd_sc_hd__sedfxbp_2".
ABC: Scl_LibertyReadGenlib() skipped sequential cell "sky130_fd_sc_hd__sedfxtp_1".
ABC: Scl_LibertyReadGenlib() skipped sequential cell "sky130_fd_sc_hd__sedfxtp_2".
ABC: Scl_LibertyReadGenlib() skipped sequential cell "sky130_fd_sc_hd__sedfxtp_4".
ABC: Library "sky130_fd_sc_hd__tt_025C_1v80" from "/home/deep/nielit/projects/picorv32_soc_final/openlane_design/src/../../openlane_design/libs/sky130_fd_sc_hd__tt_025C_1v80.lib" has 334 cells (94 skipped: 63 seq; 13 tri-state; 18 no func; 0 dont_use; 0 with 2 outputs; 0 with 3+ outputs).  Time =     0.10 sec
ABC: Memory =   19.85 MB. Time =     0.10 sec
ABC: Warning: Detected 9 multi-output cells (for example, "sky130_fd_sc_hd__fa_1").
ABC: + strash 
ABC: + &get -n 
ABC: + &fraig -x 
ABC: + &put 
ABC: + scorr 
ABC: Warning: The network is combinational (run "fraig" or "fraig_sweep").
ABC: + dc2 
ABC: + dretime 
ABC: + strash 
ABC: + &get -n 
ABC: + &dch -f 
ABC: + &nf 
ABC: + &put 
ABC: + write_blif <abc-temp-dir>/output.blif 
ABC: 
ABC: YOSYS_ABC_DONE 

12.9.2. Re-integrating ABC results.
ABC RESULTS:   sky130_fd_sc_hd__a21bo_1 cells:        1
ABC RESULTS:   sky130_fd_sc_hd__a21o_1 cells:        1
ABC RESULTS:   sky130_fd_sc_hd__a21oi_1 cells:        3
ABC RESULTS:   sky130_fd_sc_hd__a22o_1 cells:        4
ABC RESULTS:   sky130_fd_sc_hd__a31oi_1 cells:        1
ABC RESULTS:   sky130_fd_sc_hd__and3b_1 cells:        1
ABC RESULTS:   sky130_fd_sc_hd__clkinv_1 cells:      146
ABC RESULTS:   sky130_fd_sc_hd__lpflow_isobufsrc_1 cells:        2
ABC RESULTS:   sky130_fd_sc_hd__mux2_1 cells:       64
ABC RESULTS:   sky130_fd_sc_hd__nand2_1 cells:      203
ABC RESULTS:   sky130_fd_sc_hd__nand2b_1 cells:        2
ABC RESULTS:   sky130_fd_sc_hd__nand3_1 cells:        2
ABC RESULTS:   sky130_fd_sc_hd__nor2_1 cells:        5
ABC RESULTS:   sky130_fd_sc_hd__nor3_1 cells:        1
ABC RESULTS:   sky130_fd_sc_hd__nor4_1 cells:        1
ABC RESULTS:   sky130_fd_sc_hd__o21ai_0 cells:        3
ABC RESULTS:   sky130_fd_sc_hd__o2bb2ai_1 cells:        2
ABC RESULTS:   sky130_fd_sc_hd__o32ai_1 cells:        1
ABC RESULTS:        internal signals:       43
ABC RESULTS:           input signals:      250
ABC RESULTS:          output signals:      287
Removing temp directory.
Removing global temp directory.

13. Executing OPT_CLEAN pass (remove unused cells and wires).
Finding unused cells or wires in module $paramod$d40569e2e5029e2dde4c9be19ab6c750b8104d07\uart_axi..
Finding unused cells or wires in module $paramod$d40569e2e5029e2dde4c9be19ab6c750b8104d07\uart_tx..
Finding unused cells or wires in module $paramod$d40569e2e5029e2dde4c9be19ab6c750b8104d07\uart_rx..
Finding unused cells or wires in module \axi_decoder..
Finding unused cells or wires in module \axi_lite_interconnect..
Finding unused cells or wires in module $paramod$5f39f8b646aa95582e6f088ce64c0e154e784a4a\picorv32..
Finding unused cells or wires in module $paramod$edcaa0cfb453980d1e33a3c938c1a32918b9f1d7\rom..
Finding unused cells or wires in module $paramod\sram\MEM_DEPTH=s32'00000000000000000000000001000000..
Finding unused cells or wires in module \top..
Removed 0 unused cells and 17893 unused wires.
<suppressed ~9 debug messages>

14. Executing JSON backend.

15. Executing Verilog backend.

15.1. Executing BMUXMAP pass.

15.2. Executing DEMUXMAP pass.
Dumping module `$paramod$5f39f8b646aa95582e6f088ce64c0e154e784a4a\picorv32'.
Dumping module `$paramod$d40569e2e5029e2dde4c9be19ab6c750b8104d07\uart_axi'.
Dumping module `$paramod$d40569e2e5029e2dde4c9be19ab6c750b8104d07\uart_rx'.
Dumping module `$paramod$d40569e2e5029e2dde4c9be19ab6c750b8104d07\uart_tx'.
Dumping module `$paramod$edcaa0cfb453980d1e33a3c938c1a32918b9f1d7\rom'.
Dumping module `$paramod\sram\MEM_DEPTH=s32'00000000000000000000000001000000'.
Dumping module `\axi_decoder'.
Dumping module `\axi_lite_interconnect'.
Dumping module `\top'.

16. Printing statistics.

=== $paramod$5f39f8b646aa95582e6f088ce64c0e154e784a4a\picorv32 ===

        +----------Local Count, excluding submodules.
        |        +-Local Area, excluding submodules.
        |        | 
     4543        - wires
     6678        - wire bits
      180        - public wires
     2241        - public wire bits
       27        - ports
      409        - port bits
     6045 7.32E+04 cells
        1   11.261   sky130_fd_sc_hd__a2111o_1
       21  183.926   sky130_fd_sc_hd__a2111oi_0
        9   78.826   sky130_fd_sc_hd__a211o_1
       75   563.04   sky130_fd_sc_hd__a211oi_1
        1    10.01   sky130_fd_sc_hd__a21bo_1
       29  217.709   sky130_fd_sc_hd__a21boi_0
       52  390.374   sky130_fd_sc_hd__a21o_1
      530 2.65E+03   sky130_fd_sc_hd__a21oi_1
        6   60.058   sky130_fd_sc_hd__a221o_1
       71  621.846   sky130_fd_sc_hd__a221oi_1
       36  360.346   sky130_fd_sc_hd__a222oi_1
       34  297.786   sky130_fd_sc_hd__a22o_1
       76  570.547   sky130_fd_sc_hd__a22oi_1
       13  113.859   sky130_fd_sc_hd__a2bb2oi_1
        5   50.048   sky130_fd_sc_hd__a311o_1
       27  236.477   sky130_fd_sc_hd__a311oi_1
        5   43.792   sky130_fd_sc_hd__a31o_1
       79  494.224   sky130_fd_sc_hd__a31oi_1
       17  170.163   sky130_fd_sc_hd__a32o_1
        6    52.55   sky130_fd_sc_hd__a32oi_1
        2   20.019   sky130_fd_sc_hd__a41o_1
       86  538.016   sky130_fd_sc_hd__and2_0
       33  206.448   sky130_fd_sc_hd__and3_1
        1    8.758   sky130_fd_sc_hd__and3b_1
        6    52.55   sky130_fd_sc_hd__and4_1
        1    10.01   sky130_fd_sc_hd__and4b_1
      103  386.621   sky130_fd_sc_hd__clkinv_1
      258 5.16E+03   sky130_fd_sc_hd__dfxtp_1
     1241 3.73E+04   sky130_fd_sc_hd__edfxtp_1
       47  294.032   sky130_fd_sc_hd__lpflow_inputiso1p_1
       78  487.968   sky130_fd_sc_hd__lpflow_isobufsrc_1
       11  110.106   sky130_fd_sc_hd__maj3_1
      105 1.18E+03   sky130_fd_sc_hd__mux2_1
      212 2.12E+03   sky130_fd_sc_hd__mux2i_1
      224 5.04E+03   sky130_fd_sc_hd__mux4_2
      640  2.4E+03   sky130_fd_sc_hd__nand2_1
       48  300.288   sky130_fd_sc_hd__nand2b_1
       67  335.322   sky130_fd_sc_hd__nand3_1
       13   97.594   sky130_fd_sc_hd__nand3b_1
        6   37.536   sky130_fd_sc_hd__nand4_1
        2   17.517   sky130_fd_sc_hd__nand4b_1
      480  1.8E+03   sky130_fd_sc_hd__nor2_1
        4   25.024   sky130_fd_sc_hd__nor2b_1
       52   260.25   sky130_fd_sc_hd__nor3_1
       27  202.694   sky130_fd_sc_hd__nor3b_1
       14   87.584   sky130_fd_sc_hd__nor4_1
        5   43.792   sky130_fd_sc_hd__nor4b_1
        1    10.01   sky130_fd_sc_hd__nor4bb_1
        4   35.034   sky130_fd_sc_hd__o2111ai_1
       61  457.939   sky130_fd_sc_hd__o211ai_1
       37  277.766   sky130_fd_sc_hd__o21a_1
      631 3.16E+03   sky130_fd_sc_hd__o21ai_0
        1    10.01   sky130_fd_sc_hd__o21ba_1
       11   82.579   sky130_fd_sc_hd__o21bai_1
        3   33.782   sky130_fd_sc_hd__o221a_1
       74  648.122   sky130_fd_sc_hd__o221ai_1
        7   61.309   sky130_fd_sc_hd__o22a_1
      102  638.112   sky130_fd_sc_hd__o22ai_1
        2   20.019   sky130_fd_sc_hd__o311a_1
       20  175.168   sky130_fd_sc_hd__o311ai_0
        2   17.517   sky130_fd_sc_hd__o31a_1
       22  165.158   sky130_fd_sc_hd__o31ai_1
        5   50.048   sky130_fd_sc_hd__o32a_1
        6    52.55   sky130_fd_sc_hd__o32ai_1
        1    8.758   sky130_fd_sc_hd__o41ai_1
       28  175.168   sky130_fd_sc_hd__or3_1
        3   26.275   sky130_fd_sc_hd__or3b_1
        2   15.014   sky130_fd_sc_hd__or4_1
        2   20.019   sky130_fd_sc_hd__or4b_1
      106   928.39   sky130_fd_sc_hd__xnor2_1
       55  481.712   sky130_fd_sc_hd__xor2_1

   Chip area for module '$paramod$5f39f8b646aa95582e6f088ce64c0e154e784a4a\picorv32': 73233.987200
     of which used for sequential elements: 42430.694400 (57.94%)

=== $paramod$d40569e2e5029e2dde4c9be19ab6c750b8104d07\uart_axi ===

        +----------Local Count, excluding submodules.
        |        +-Local Area, excluding submodules.
        |        | 
      190        - wires
      385        - wire bits
       37        - public wires
      232        - public wire bits
       21        - ports
      150        - port bits
      205  2.2E+03 cells
        1    7.507   sky130_fd_sc_hd__a21o_1
        1    5.005   sky130_fd_sc_hd__a21oi_1
        9   78.826   sky130_fd_sc_hd__a22o_1
        9   56.304   sky130_fd_sc_hd__a31oi_1
        1    6.256   sky130_fd_sc_hd__and3_1
       55  206.448   sky130_fd_sc_hd__clkinv_1
       49 1.23E+03   sky130_fd_sc_hd__dfrtp_1
       32  360.346   sky130_fd_sc_hd__mux2_1
        1    10.01   sky130_fd_sc_hd__mux2i_1
       10   37.536   sky130_fd_sc_hd__nand2_1
        9   56.304   sky130_fd_sc_hd__nand2b_1
        1    5.005   sky130_fd_sc_hd__nand3_1
       13   48.797   sky130_fd_sc_hd__nor2_1
        1    7.507   sky130_fd_sc_hd__nor3b_1
        1    8.758   sky130_fd_sc_hd__nor4b_1
        8   60.058   sky130_fd_sc_hd__o211ai_1
        4   20.019   sky130_fd_sc_hd__o21ai_0
        2        - submodules
        1        -   $paramod$d40569e2e5029e2dde4c9be19ab6c750b8104d07\uart_rx
        1        -   $paramod$d40569e2e5029e2dde4c9be19ab6c750b8104d07\uart_tx

   Chip area for module '$paramod$d40569e2e5029e2dde4c9be19ab6c750b8104d07\uart_axi': 2200.860800
     of which used for sequential elements: 1226.176000 (55.71%)

=== $paramod$d40569e2e5029e2dde4c9be19ab6c750b8104d07\uart_rx ===

        +----------Local Count, excluding submodules.
        |        +-Local Area, excluding submodules.
        |        | 
      147        - wires
      175        - wire bits
       12        - public wires
       40        - public wire bits
        5        - ports
       12        - port bits
      171 1.71E+03 cells
        1    7.507   sky130_fd_sc_hd__a21o_1
        9   45.043   sky130_fd_sc_hd__a21oi_1
        1    7.507   sky130_fd_sc_hd__a22oi_1
        1    8.758   sky130_fd_sc_hd__a31o_1
        3   18.768   sky130_fd_sc_hd__a31oi_1
        4   25.024   sky130_fd_sc_hd__and3_1
        2   17.517   sky130_fd_sc_hd__and4_1
       42  157.651   sky130_fd_sc_hd__clkinv_1
       33  825.792   sky130_fd_sc_hd__dfrtp_1
        3   78.826   sky130_fd_sc_hd__dfstp_2
        2   12.512   sky130_fd_sc_hd__lpflow_inputiso1p_1
        1    6.256   sky130_fd_sc_hd__lpflow_isobufsrc_1
       16  180.173   sky130_fd_sc_hd__mux2_1
        2   20.019   sky130_fd_sc_hd__mux2i_1
       11    41.29   sky130_fd_sc_hd__nand2_1
        1    6.256   sky130_fd_sc_hd__nand2b_1
        3   15.014   sky130_fd_sc_hd__nand3_1
        2   12.512   sky130_fd_sc_hd__nand4_1
        1    8.758   sky130_fd_sc_hd__nand4b_1
        5   18.768   sky130_fd_sc_hd__nor2_1
        4   20.019   sky130_fd_sc_hd__nor3_1
        2   17.517   sky130_fd_sc_hd__nor4b_1
        2   20.019   sky130_fd_sc_hd__nor4bb_1
        1    7.507   sky130_fd_sc_hd__o21a_1
        8   40.038   sky130_fd_sc_hd__o21ai_0
        2   12.512   sky130_fd_sc_hd__o22ai_1
        2   17.517   sky130_fd_sc_hd__o311ai_0
        2   15.014   sky130_fd_sc_hd__o31ai_1
        1    6.256   sky130_fd_sc_hd__or3_1
        1    7.507   sky130_fd_sc_hd__or4_1
        1    10.01   sky130_fd_sc_hd__or4b_1
        2   17.517   sky130_fd_sc_hd__xnor2_1

   Chip area for module '$paramod$d40569e2e5029e2dde4c9be19ab6c750b8104d07\uart_rx': 1705.385600
     of which used for sequential elements: 904.617600 (53.04%)

=== $paramod$d40569e2e5029e2dde4c9be19ab6c750b8104d07\uart_tx ===

        +----------Local Count, excluding submodules.
        |        +-Local Area, excluding submodules.
        |        | 
      117        - wires
      145        - wire bits
       10        - public wires
       38        - public wire bits
        6        - ports
       13        - port bits
      133 1.29E+03 cells
        1    8.758   sky130_fd_sc_hd__a211o_1
        1    7.507   sky130_fd_sc_hd__a21boi_0
       10   50.048   sky130_fd_sc_hd__a21oi_1
        1    7.507   sky130_fd_sc_hd__a22oi_1
        1    8.758   sky130_fd_sc_hd__a311oi_1
        3   18.768   sky130_fd_sc_hd__a31oi_1
        1    8.758   sky130_fd_sc_hd__a41oi_1
        2   12.512   sky130_fd_sc_hd__and3_1
        1    8.758   sky130_fd_sc_hd__and4_1
        1    10.01   sky130_fd_sc_hd__and4b_1
       28  105.101   sky130_fd_sc_hd__clkinv_1
       24  600.576   sky130_fd_sc_hd__dfrtp_1
        2    52.55   sky130_fd_sc_hd__dfstp_2
        1    6.256   sky130_fd_sc_hd__lpflow_isobufsrc_1
       14  157.651   sky130_fd_sc_hd__mux2_1
        7   26.275   sky130_fd_sc_hd__nand2_1
        1    6.256   sky130_fd_sc_hd__nand2b_1
        3   15.014   sky130_fd_sc_hd__nand3_1
        2   12.512   sky130_fd_sc_hd__nand4_1
        1    8.758   sky130_fd_sc_hd__nand4b_1
        8   30.029   sky130_fd_sc_hd__nor2_1
        7   35.034   sky130_fd_sc_hd__nor3_1
        3   18.768   sky130_fd_sc_hd__nor4_1
        1    10.01   sky130_fd_sc_hd__nor4bb_1
        2   15.014   sky130_fd_sc_hd__o21a_1
        3   15.014   sky130_fd_sc_hd__o21ai_0
        1    6.256   sky130_fd_sc_hd__or3_1
        3   26.275   sky130_fd_sc_hd__xnor2_1

   Chip area for module '$paramod$d40569e2e5029e2dde4c9be19ab6c750b8104d07\uart_tx': 1288.736000
     of which used for sequential elements: 653.126400 (50.68%)

=== $paramod$edcaa0cfb453980d1e33a3c938c1a32918b9f1d7\rom ===

        +----------Local Count, excluding submodules.
        |        +-Local Area, excluding submodules.
        |        | 
      304        - wires
      464        - wire bits
       24        - public wires
      184        - public wire bits
       19        - ports
      148        - port bits
      318  2.4E+03 cells
        1    8.758   sky130_fd_sc_hd__a211o_1
        3   22.522   sky130_fd_sc_hd__a211oi_1
        1    7.507   sky130_fd_sc_hd__a21boi_0
        1    7.507   sky130_fd_sc_hd__a21o_1
       16   80.077   sky130_fd_sc_hd__a21oi_1
        3   30.029   sky130_fd_sc_hd__a221o_1
        4   35.034   sky130_fd_sc_hd__a22o_1
        5   37.536   sky130_fd_sc_hd__a22oi_1
        2   17.517   sky130_fd_sc_hd__a311oi_1
        1    8.758   sky130_fd_sc_hd__a31o_1
       10    62.56   sky130_fd_sc_hd__a31oi_1
        2   20.019   sky130_fd_sc_hd__a32o_1
        2   17.517   sky130_fd_sc_hd__a32oi_1
        3   18.768   sky130_fd_sc_hd__and3_1
        2   17.517   sky130_fd_sc_hd__and3b_1
       42  157.651   sky130_fd_sc_hd__clkinv_1
       32  800.768   sky130_fd_sc_hd__dfrtp_1
        3   78.826   sky130_fd_sc_hd__dfstp_2
        3   18.768   sky130_fd_sc_hd__lpflow_inputiso1p_1
        4   25.024   sky130_fd_sc_hd__lpflow_isobufsrc_1
       43  161.405   sky130_fd_sc_hd__nand2_1
        7   43.792   sky130_fd_sc_hd__nand2b_1
       10   50.048   sky130_fd_sc_hd__nand3_1
        1    6.256   sky130_fd_sc_hd__nand4_1
        3   26.275   sky130_fd_sc_hd__nand4b_1
        1   11.261   sky130_fd_sc_hd__nand4bb_1
       29  108.854   sky130_fd_sc_hd__nor2_1
       12   60.058   sky130_fd_sc_hd__nor3_1
        4   30.029   sky130_fd_sc_hd__nor3b_1
        2   12.512   sky130_fd_sc_hd__nor4_1
        2   20.019   sky130_fd_sc_hd__nor4bb_1
        1    8.758   sky130_fd_sc_hd__o2111ai_1
        9   67.565   sky130_fd_sc_hd__o211ai_1
        3   22.522   sky130_fd_sc_hd__o21a_1
       35  175.168   sky130_fd_sc_hd__o21ai_0
        1    8.758   sky130_fd_sc_hd__o221ai_1
        1    8.758   sky130_fd_sc_hd__o22a_1
        3   18.768   sky130_fd_sc_hd__o22ai_1
        1    8.758   sky130_fd_sc_hd__o311ai_0
        3   22.522   sky130_fd_sc_hd__o31ai_1
        2   12.512   sky130_fd_sc_hd__or3_1
        3   26.275   sky130_fd_sc_hd__or3b_1
        1    8.758   sky130_fd_sc_hd__xnor2_1
        1    8.758   sky130_fd_sc_hd__xor2_1

   Chip area for module '$paramod$edcaa0cfb453980d1e33a3c938c1a32918b9f1d7\rom': 2401.052800
     of which used for sequential elements: 879.593600 (36.63%)

=== $paramod\sram\MEM_DEPTH=s32'00000000000000000000000001000000 ===

        +----------Local Count, excluding submodules.
        |        +-Local Area, excluding submodules.
        |        | 
     2064        - wires
     4249        - wire bits
       91        - public wires
     2276        - public wire bits
       19        - ports
      148        - port bits
     4102 7.63E+04 cells
        9  101.347   sky130_fd_sc_hd__a2111o_1
       22  192.685   sky130_fd_sc_hd__a2111oi_0
        4   30.029   sky130_fd_sc_hd__a211oi_1
       28  140.134   sky130_fd_sc_hd__a21oi_1
        2   20.019   sky130_fd_sc_hd__a221o_1
        4   35.034   sky130_fd_sc_hd__a221oi_1
      251  2512.41   sky130_fd_sc_hd__a222oi_1
       26  227.718   sky130_fd_sc_hd__a22o_1
      510 3.83E+03   sky130_fd_sc_hd__a22oi_1
        1    8.758   sky130_fd_sc_hd__a31o_1
       21  131.376   sky130_fd_sc_hd__a31oi_1
       45   281.52   sky130_fd_sc_hd__and2_0
       52  325.312   sky130_fd_sc_hd__and3_1
        8   70.067   sky130_fd_sc_hd__and4_1
        3   30.029   sky130_fd_sc_hd__and4b_1
       92  345.331   sky130_fd_sc_hd__clkinv_1
       78 1.95E+03   sky130_fd_sc_hd__dfrtp_1
     2048 6.15E+04   sky130_fd_sc_hd__edfxtp_1
        2   12.512   sky130_fd_sc_hd__lpflow_inputiso1p_1
        5    31.28   sky130_fd_sc_hd__lpflow_isobufsrc_1
       42  472.954   sky130_fd_sc_hd__mux2_1
      177  664.387   sky130_fd_sc_hd__nand2_1
        7   43.792   sky130_fd_sc_hd__nand2b_1
       76  380.365   sky130_fd_sc_hd__nand3_1
        1    7.507   sky130_fd_sc_hd__nand3b_1
      163 1.02E+03   sky130_fd_sc_hd__nand4_1
        4   35.034   sky130_fd_sc_hd__nand4b_1
      325  1219.92   sky130_fd_sc_hd__nor2_1
       19   95.091   sky130_fd_sc_hd__nor3_1
        2   15.014   sky130_fd_sc_hd__nor3b_1
       45   281.52   sky130_fd_sc_hd__nor4_1
        4   35.034   sky130_fd_sc_hd__nor4b_1
        6   60.058   sky130_fd_sc_hd__nor4bb_1
        5   43.792   sky130_fd_sc_hd__o2111ai_1
        3   22.522   sky130_fd_sc_hd__o211ai_1
        3   15.014   sky130_fd_sc_hd__o21ai_0
        2   17.517   sky130_fd_sc_hd__o22a_1
        2   20.019   sky130_fd_sc_hd__o32a_1
        5   37.536   sky130_fd_sc_hd__or4_1

   Chip area for module '$paramod\sram\MEM_DEPTH=s32'00000000000000000000000001000000': 76261.891200
     of which used for sequential elements: 63450.854400 (83.20%)

=== axi_decoder ===

        +----------Local Count, excluding submodules.
        |        +-Local Area, excluding submodules.
        |        | 
       15        - wires
       48        - wire bits
        2        - public wires
       35        - public wire bits
        2        - ports
       35        - port bits
       16   82.579 cells
        3   11.261   sky130_fd_sc_hd__nand2_1
        1    6.256   sky130_fd_sc_hd__nand4_1
        3   11.261   sky130_fd_sc_hd__nor2_1
        4   20.019   sky130_fd_sc_hd__nor3_1
        4   25.024   sky130_fd_sc_hd__nor4_1
        1    8.758   sky130_fd_sc_hd__nor4b_1

   Chip area for module '\axi_decoder': 82.579200
     of which used for sequential elements: 0.000000 (0.00%)

=== axi_lite_interconnect ===

        +----------Local Count, excluding submodules.
        |        +-Local Area, excluding submodules.
        |        | 
      186        - wires
      710        - wire bits
       76        - public wires
      600        - public wire bits
       70        - ports
      586        - port bits
      174  1.2E+03 cells
        2   15.014   sky130_fd_sc_hd__a21o_1
        3   15.014   sky130_fd_sc_hd__a21oi_1
       33  289.027   sky130_fd_sc_hd__a221oi_1
        4   40.038   sky130_fd_sc_hd__a222oi_1
        1    7.507   sky130_fd_sc_hd__a22oi_1
       16  100.096   sky130_fd_sc_hd__and2_0
       12   45.043   sky130_fd_sc_hd__clkinv_1
        6  150.144   sky130_fd_sc_hd__dfrtp_1
        2    52.55   sky130_fd_sc_hd__dfstp_2
        3   18.768   sky130_fd_sc_hd__lpflow_isobufsrc_1
       12   135.13   sky130_fd_sc_hd__mux2_1
        3   30.029   sky130_fd_sc_hd__mux2i_1
        3   11.261   sky130_fd_sc_hd__nand2_1
        2   12.512   sky130_fd_sc_hd__nand2b_1
       69  258.998   sky130_fd_sc_hd__nor2_1
        3   18.768   sky130_fd_sc_hd__o22ai_1
        2        - submodules
        2        -   axi_decoder

   Chip area for module '\axi_lite_interconnect': 1199.900800
     of which used for sequential elements: 202.694400 (16.89%)

=== top ===

        +----------Local Count, excluding submodules.
        |        +-Local Area, excluding submodules.
        |        | 
      526        - wires
     1173        - wire bits
       83        - public wires
      730        - public wire bits
        4        - ports
        4        - port bits
      586  5.8E+03 cells
        1    10.01   sky130_fd_sc_hd__a21bo_1
        1    7.507   sky130_fd_sc_hd__a21o_1
        3   15.014   sky130_fd_sc_hd__a21oi_1
        4   35.034   sky130_fd_sc_hd__a22o_1
        1    6.256   sky130_fd_sc_hd__a31oi_1
        1    8.758   sky130_fd_sc_hd__and3b_1
      146  548.026   sky130_fd_sc_hd__clkinv_1
      142 3.55E+03   sky130_fd_sc_hd__dfrtp_1
        1   26.275   sky130_fd_sc_hd__dfstp_2
        2   12.512   sky130_fd_sc_hd__lpflow_isobufsrc_1
       64  720.691   sky130_fd_sc_hd__mux2_1
      203  761.981   sky130_fd_sc_hd__nand2_1
        2   12.512   sky130_fd_sc_hd__nand2b_1
        2    10.01   sky130_fd_sc_hd__nand3_1
        5   18.768   sky130_fd_sc_hd__nor2_1
        1    5.005   sky130_fd_sc_hd__nor3_1
        1    6.256   sky130_fd_sc_hd__nor4_1
        3   15.014   sky130_fd_sc_hd__o21ai_0
        2   17.517   sky130_fd_sc_hd__o2bb2ai_1
        1    8.758   sky130_fd_sc_hd__o32ai_1
        5        - submodules
        1        -   $paramod$5f39f8b646aa95582e6f088ce64c0e154e784a4a\picorv32
        1        -   $paramod$d40569e2e5029e2dde4c9be19ab6c750b8104d07\uart_axi
        1        -   $paramod$edcaa0cfb453980d1e33a3c938c1a32918b9f1d7\rom
        1        -   $paramod\sram\MEM_DEPTH=s32'00000000000000000000000001000000
        1        -   axi_lite_interconnect

   Chip area for module '\top': 5799.312000
     of which used for sequential elements: 3579.683200 (61.73%)

=== design hierarchy ===

        +----------Count including submodules.
        |        +-Area including submodules.
        |        | 
    11766 1.64E+05 top
     6045 7.32E+04 $paramod$5f39f8b646aa95582e6f088ce64c0e154e784a4a\picorv32
      205  2.2E+03 $paramod$d40569e2e5029e2dde4c9be19ab6c750b8104d07\uart_axi
      171 1.71E+03   $paramod$d40569e2e5029e2dde4c9be19ab6c750b8104d07\uart_rx
      133 1.29E+03   $paramod$d40569e2e5029e2dde4c9be19ab6c750b8104d07\uart_tx
      318  2.4E+03 $paramod$edcaa0cfb453980d1e33a3c938c1a32918b9f1d7\rom
     4102 7.63E+04 $paramod\sram\MEM_DEPTH=s32'00000000000000000000000001000000
      174  1.2E+03 axi_lite_interconnect
       16   82.579   axi_decoder

        +----------Count including submodules.
        |        +-Area including submodules.
        |        | 
     8107        - wires
    14075        - wire bits
      517        - public wires
     6411        - public wire bits
      175        - ports
     1540        - port bits
        -        - memories
        -        - memory bits
        -        - processes
    11766 1.64E+05 cells
       10  112.608   sky130_fd_sc_hd__a2111o_1
       43  376.611   sky130_fd_sc_hd__a2111oi_0
       11   96.342   sky130_fd_sc_hd__a211o_1
       82   615.59   sky130_fd_sc_hd__a211oi_1
        2   20.019   sky130_fd_sc_hd__a21bo_1
       31  232.723   sky130_fd_sc_hd__a21boi_0
       58  435.418   sky130_fd_sc_hd__a21o_1
      600  3002.88   sky130_fd_sc_hd__a21oi_1
       11  110.106   sky130_fd_sc_hd__a221o_1
      108  945.907   sky130_fd_sc_hd__a221oi_1
      291 2.91E+03   sky130_fd_sc_hd__a222oi_1
       77  674.397   sky130_fd_sc_hd__a22o_1
      594 4.46E+03   sky130_fd_sc_hd__a22oi_1
       13  113.859   sky130_fd_sc_hd__a2bb2oi_1
        5   50.048   sky130_fd_sc_hd__a311o_1
       30  262.752   sky130_fd_sc_hd__a311oi_1
        8   70.067   sky130_fd_sc_hd__a31o_1
      126  788.256   sky130_fd_sc_hd__a31oi_1
       19  190.182   sky130_fd_sc_hd__a32o_1
        8   70.067   sky130_fd_sc_hd__a32oi_1
        2   20.019   sky130_fd_sc_hd__a41o_1
        1    8.758   sky130_fd_sc_hd__a41oi_1
      147  919.632   sky130_fd_sc_hd__and2_0
       95   594.32   sky130_fd_sc_hd__and3_1
        4   35.034   sky130_fd_sc_hd__and3b_1
       17  148.893   sky130_fd_sc_hd__and4_1
        5   50.048   sky130_fd_sc_hd__and4b_1
      520 1.95E+03   sky130_fd_sc_hd__clkinv_1
      364 9.11E+03   sky130_fd_sc_hd__dfrtp_1
       11  289.027   sky130_fd_sc_hd__dfstp_2
      258 5.16E+03   sky130_fd_sc_hd__dfxtp_1
     3289 9.88E+04   sky130_fd_sc_hd__edfxtp_1
       54  337.824   sky130_fd_sc_hd__lpflow_inputiso1p_1
       94  588.064   sky130_fd_sc_hd__lpflow_isobufsrc_1
       11  110.106   sky130_fd_sc_hd__maj3_1
      285 3.21E+03   sky130_fd_sc_hd__mux2_1
      218 2.18E+03   sky130_fd_sc_hd__mux2i_1
      224 5.04E+03   sky130_fd_sc_hd__mux4_2
     1100  4128.96   sky130_fd_sc_hd__nand2_1
       77  481.712   sky130_fd_sc_hd__nand2b_1
      162  810.778   sky130_fd_sc_hd__nand3_1
       14  105.101   sky130_fd_sc_hd__nand3b_1
      176  1.1E+03   sky130_fd_sc_hd__nand4_1
       11   96.342   sky130_fd_sc_hd__nand4b_1
        1   11.261   sky130_fd_sc_hd__nand4bb_1
      940 3.53E+03   sky130_fd_sc_hd__nor2_1
        4   25.024   sky130_fd_sc_hd__nor2b_1
      103  515.494   sky130_fd_sc_hd__nor3_1
       34  255.245   sky130_fd_sc_hd__nor3b_1
       73  456.688   sky130_fd_sc_hd__nor4_1
       14  122.618   sky130_fd_sc_hd__nor4b_1
       12  120.115   sky130_fd_sc_hd__nor4bb_1
       10   87.584   sky130_fd_sc_hd__o2111ai_1
       81  608.083   sky130_fd_sc_hd__o211ai_1
       43   322.81   sky130_fd_sc_hd__o21a_1
      687 3.44E+03   sky130_fd_sc_hd__o21ai_0
        1    10.01   sky130_fd_sc_hd__o21ba_1
       11   82.579   sky130_fd_sc_hd__o21bai_1
        3   33.782   sky130_fd_sc_hd__o221a_1
       75   656.88   sky130_fd_sc_hd__o221ai_1
       10   87.584   sky130_fd_sc_hd__o22a_1
      110   688.16   sky130_fd_sc_hd__o22ai_1
        2   17.517   sky130_fd_sc_hd__o2bb2ai_1
        2   20.019   sky130_fd_sc_hd__o311a_1
       23  201.443   sky130_fd_sc_hd__o311ai_0
        2   17.517   sky130_fd_sc_hd__o31a_1
       27  202.694   sky130_fd_sc_hd__o31ai_1
        7   70.067   sky130_fd_sc_hd__o32a_1
        7   61.309   sky130_fd_sc_hd__o32ai_1
        1    8.758   sky130_fd_sc_hd__o41ai_1
       32  200.192   sky130_fd_sc_hd__or3_1
        6    52.55   sky130_fd_sc_hd__or3b_1
        8   60.058   sky130_fd_sc_hd__or4_1
        3   30.029   sky130_fd_sc_hd__or4b_1
      112  980.941   sky130_fd_sc_hd__xnor2_1
       56   490.47   sky130_fd_sc_hd__xor2_1
        5 1.58E+05 submodules
        1 7.32E+04   $paramod$5f39f8b646aa95582e6f088ce64c0e154e784a4a\picorv32
        1 5.19E+03   $paramod$d40569e2e5029e2dde4c9be19ab6c750b8104d07\uart_axi
        1  2.4E+03   $paramod$edcaa0cfb453980d1e33a3c938c1a32918b9f1d7\rom
        1 7.63E+04   $paramod\sram\MEM_DEPTH=s32'00000000000000000000000001000000
        1 1.37E+03   axi_lite_interconnect

   Chip area for top module '\top': 164256.284800
     of which used for sequential elements: 113327.440000 (68.99%)

Warnings: 1 unique messages, 2 total
End of script. Logfile hash: 40980a1256, CPU: user 4.46s system 0.23s, MEM: 99.37 MB peak
Yosys 0.63+150 (git sha1 9746bd389, clang++ 18.1.8 -fPIC -O3)
Time spent: 48% 2x abc (4 sec), 11% 11x read_verilog (0 sec), ...
